/*
 Navicat Premium Data Transfer

 Source Server         : localhost
 Source Server Type    : MySQL
 Source Server Version : 50728
 Source Host           : 127.0.0.1:3306
 Source Schema         : marubi-security

 Target Server Type    : MySQL
 Target Server Version : 50728
 File Encoding         : 65001

 Date: 05/09/2021 15:47:18
*/

SET NAMES utf8mb4;
SET FOREIGN_KEY_CHECKS = 0;

-- ----------------------------
-- Table structure for jk_auth_group
-- ----------------------------
DROP TABLE IF EXISTS `jk_auth_group`;
CREATE TABLE `jk_auth_group`  (
  `id` mediumint(8) NOT NULL AUTO_INCREMENT,
  `title` char(100) CHARACTER SET utf8 COLLATE utf8_general_ci NOT NULL COMMENT '组名',
  `description` varchar(255) CHARACTER SET utf8 COLLATE utf8_general_ci NULL DEFAULT NULL COMMENT '用户组描述',
  `status` tinyint(1) NOT NULL DEFAULT 1 COMMENT '状态：为1正常，为0禁用',
  `rules` text CHARACTER SET utf8 COLLATE utf8_general_ci NULL COMMENT '用户组拥有的规则id, 多个规则\",\"隔开',
  PRIMARY KEY (`id`) USING BTREE
) ENGINE = InnoDB AUTO_INCREMENT = 4 CHARACTER SET = utf8 COLLATE = utf8_general_ci COMMENT = '管理员组明细表' ROW_FORMAT = Dynamic;

-- ----------------------------
-- Records of jk_auth_group
-- ----------------------------
INSERT INTO `jk_auth_group` VALUES (1, '管理员', '系统管理员', 1, '1,4,7,9,10,12,13,14,15,16,17,18,105,106,107,108,109,110,111,112,113,114,115,116,117,118,119,120,121,122,123,124,125,129,130,131,132,133,134,135');
INSERT INTO `jk_auth_group` VALUES (2, '春纪编辑', '编辑数据内容', 1, '1,4,17,18,105,106,107,108,109,110,111,112,113,114,115,116,117,118,119,120,121,122,123,124,125,126,127,128,129,130,131,132,133,134,135,136,137,138');
INSERT INTO `jk_auth_group` VALUES (3, '丸美编辑', '丸美编辑', 1, '1,17,18,105,106,107,108,109,110,111,112,113,114,115,116,117,118,119,120,121,122,123,124,125,126,127,128,129,130,131,132,133,134');

-- ----------------------------
-- Table structure for jk_auth_group_access
-- ----------------------------
DROP TABLE IF EXISTS `jk_auth_group_access`;
CREATE TABLE `jk_auth_group_access`  (
  `uid` int(11) NOT NULL COMMENT '用户id',
  `group_id` mediumint(8) NOT NULL,
  PRIMARY KEY (`uid`, `group_id`) USING BTREE,
  INDEX `fk_backend_admin_has_auth_group_backend_admin_idx`(`uid`) USING BTREE,
  INDEX `fk_auth_group_access_auth_group1_idx`(`group_id`) USING BTREE,
  CONSTRAINT `fk_auth_group_access_auth_group1` FOREIGN KEY (`group_id`) REFERENCES `jk_auth_group` (`id`) ON DELETE NO ACTION ON UPDATE NO ACTION,
  CONSTRAINT `fk_backend_admin_has_auth_group_backend_admin` FOREIGN KEY (`uid`) REFERENCES `jk_backend_admin` (`id`) ON DELETE NO ACTION ON UPDATE NO ACTION
) ENGINE = InnoDB CHARACTER SET = utf8 COLLATE = utf8_general_ci ROW_FORMAT = Dynamic;

-- ----------------------------
-- Records of jk_auth_group_access
-- ----------------------------
INSERT INTO `jk_auth_group_access` VALUES (9, 2);
INSERT INTO `jk_auth_group_access` VALUES (11, 2);
INSERT INTO `jk_auth_group_access` VALUES (12, 2);
INSERT INTO `jk_auth_group_access` VALUES (13, 2);
INSERT INTO `jk_auth_group_access` VALUES (10, 3);
INSERT INTO `jk_auth_group_access` VALUES (11, 3);
INSERT INTO `jk_auth_group_access` VALUES (12, 3);
INSERT INTO `jk_auth_group_access` VALUES (13, 3);

-- ----------------------------
-- Table structure for jk_auth_rule
-- ----------------------------
DROP TABLE IF EXISTS `jk_auth_rule`;
CREATE TABLE `jk_auth_rule`  (
  `id` mediumint(8) NOT NULL AUTO_INCREMENT,
  `name` char(80) CHARACTER SET utf8 COLLATE utf8_general_ci NOT NULL COMMENT '规则唯一标识',
  `title` char(20) CHARACTER SET utf8 COLLATE utf8_general_ci NOT NULL COMMENT '规则中文名称',
  `type` tinyint(1) NOT NULL DEFAULT 1 COMMENT '规则类型，1：url，2：main',
  `status` tinyint(1) NOT NULL DEFAULT 1 COMMENT '状态：为1正常，为0禁用',
  `condition` char(100) CHARACTER SET utf8 COLLATE utf8_general_ci NULL DEFAULT NULL COMMENT '规则表达式，为空表示存在就验证，不为空表示按照条件验证',
  PRIMARY KEY (`id`) USING BTREE,
  UNIQUE INDEX `name_UNIQUE`(`name`) USING BTREE
) ENGINE = InnoDB AUTO_INCREMENT = 139 CHARACTER SET = utf8 COLLATE = utf8_general_ci COMMENT = '权限认证：规则表' ROW_FORMAT = Dynamic;

-- ----------------------------
-- Records of jk_auth_rule
-- ----------------------------
INSERT INTO `jk_auth_rule` VALUES (1, 'Backend/Layout/index?menu=index', '工作面板', 2, 1, NULL);
INSERT INTO `jk_auth_rule` VALUES (4, 'Backend/Layout/index?menu=System', '系统', 2, 1, NULL);
INSERT INTO `jk_auth_rule` VALUES (6, 'Backend/Layout/index?menu=Developer', '开发者菜单', 2, 1, NULL);
INSERT INTO `jk_auth_rule` VALUES (7, 'Backend/Menu/index', '菜单管理', 1, 1, NULL);
INSERT INTO `jk_auth_rule` VALUES (9, 'Backend/Administrator/index', '管理员信息', 1, 1, NULL);
INSERT INTO `jk_auth_rule` VALUES (10, 'Backend/Auth/index', '权限管理', 1, 1, NULL);
INSERT INTO `jk_auth_rule` VALUES (12, 'Backend/Auth/access', '访问授权', 1, 1, NULL);
INSERT INTO `jk_auth_rule` VALUES (13, 'Backend/Auth/view', '查看', 1, 1, NULL);
INSERT INTO `jk_auth_rule` VALUES (14, 'Backend/Auth/add', '增加', 1, 1, NULL);
INSERT INTO `jk_auth_rule` VALUES (15, 'Backend/Auth/edit', '编辑', 1, 1, NULL);
INSERT INTO `jk_auth_rule` VALUES (16, 'Backend/Auth/remove', '删除', 1, 1, NULL);
INSERT INTO `jk_auth_rule` VALUES (17, 'Backend/Index/edit', '修改个人资料', 1, 1, NULL);
INSERT INTO `jk_auth_rule` VALUES (18, 'Backend/Index/changePassword', '修改密码', 1, 1, NULL);
INSERT INTO `jk_auth_rule` VALUES (105, 'Backend/ShopCategory/index', '品牌管理', 1, 1, NULL);
INSERT INTO `jk_auth_rule` VALUES (106, 'Backend/ShopGoods/index', '产品列表', 1, 1, NULL);
INSERT INTO `jk_auth_rule` VALUES (107, 'Backend/Goods', '产品管理', 2, 1, NULL);
INSERT INTO `jk_auth_rule` VALUES (108, 'Backend/ShopCategory/get', '获取品牌', 1, 1, NULL);
INSERT INTO `jk_auth_rule` VALUES (109, 'Backend/ShopCategory/ajaxLoadGridData', '加载品牌', 1, 1, NULL);
INSERT INTO `jk_auth_rule` VALUES (110, 'Backend/ShopCategory/add', '创建数据', 1, 1, NULL);
INSERT INTO `jk_auth_rule` VALUES (111, 'Backend/ShopCategory/remove', '删除数据', 1, 1, NULL);
INSERT INTO `jk_auth_rule` VALUES (112, 'Backend/ShopCategory/edit', '编辑品牌', 1, 1, NULL);
INSERT INTO `jk_auth_rule` VALUES (113, 'Backend/ShopCategory/view', '查看数据', 1, 1, NULL);
INSERT INTO `jk_auth_rule` VALUES (114, 'Backend/ShopCategory/uploadfile', '上传品牌图片', 1, 1, NULL);
INSERT INTO `jk_auth_rule` VALUES (115, 'Backend/ShopCategory/imageDelete', '删除图片', 1, 1, NULL);
INSERT INTO `jk_auth_rule` VALUES (116, 'Backend/ShopGoods/ajaxLoadGridData', '加载数据', 1, 1, NULL);
INSERT INTO `jk_auth_rule` VALUES (117, 'Backend/ShopGoods/add', '添加产品', 1, 1, NULL);
INSERT INTO `jk_auth_rule` VALUES (118, 'Backend/ShopGoods/remove', '删除产品', 1, 1, NULL);
INSERT INTO `jk_auth_rule` VALUES (119, 'Backend/ShopGoods/edit', '修改产品', 1, 1, NULL);
INSERT INTO `jk_auth_rule` VALUES (120, 'Backend/ShopGoods/view', '查看数据', 1, 1, NULL);
INSERT INTO `jk_auth_rule` VALUES (121, 'Backend/ShopGoods/toggleStatus', '改变产品状态', 1, 1, NULL);
INSERT INTO `jk_auth_rule` VALUES (122, 'Backend/ShopGoods/imageDelete', '删除图片', 1, 1, NULL);
INSERT INTO `jk_auth_rule` VALUES (123, 'Backend/ShopGoods/uploadfile', '上传图片', 1, 1, NULL);
INSERT INTO `jk_auth_rule` VALUES (124, 'Backend/ShopGoods/imageUpdate', '更新图片', 1, 1, NULL);
INSERT INTO `jk_auth_rule` VALUES (125, 'Backend/Producers/index', '生产商管理', 1, 1, NULL);
INSERT INTO `jk_auth_rule` VALUES (126, 'Backend/ShopGoods/Importfile', '上传导入文件', 1, 1, NULL);
INSERT INTO `jk_auth_rule` VALUES (127, 'Backend/ShopGoods/setGoodsConect', '设置商品关联生产商', 1, 1, NULL);
INSERT INTO `jk_auth_rule` VALUES (128, 'Backend/ShopGoods/delvideo', '删除视频', 1, 1, NULL);
INSERT INTO `jk_auth_rule` VALUES (129, 'Backend/ShopGoods/import', '导入', 1, 1, NULL);
INSERT INTO `jk_auth_rule` VALUES (130, 'Backend/Producers/ajaxLoadGridData', '加载数据', 1, 1, NULL);
INSERT INTO `jk_auth_rule` VALUES (131, 'Backend/Producers/add', '添加数据', 1, 1, NULL);
INSERT INTO `jk_auth_rule` VALUES (132, 'Backend/Producers/edit', '修改数据', 1, 1, NULL);
INSERT INTO `jk_auth_rule` VALUES (133, 'Backend/Producers/remove', '删除数据', 1, 1, NULL);
INSERT INTO `jk_auth_rule` VALUES (134, 'Backend/Producers/view', '查看数据', 1, 1, NULL);
INSERT INTO `jk_auth_rule` VALUES (135, 'Backend/Config/index', '配置管理', 1, 1, NULL);
INSERT INTO `jk_auth_rule` VALUES (136, 'Backend/Config/lists', '查询', 1, 1, NULL);
INSERT INTO `jk_auth_rule` VALUES (137, 'Backend/Config/edit', '修改', 1, 1, NULL);
INSERT INTO `jk_auth_rule` VALUES (138, 'Backend/Config/uploadImg', '上传图片', 1, 1, NULL);

-- ----------------------------
-- Table structure for jk_backend_admin
-- ----------------------------
DROP TABLE IF EXISTS `jk_backend_admin`;
CREATE TABLE `jk_backend_admin`  (
  `id` int(11) NOT NULL AUTO_INCREMENT,
  `username` char(16) CHARACTER SET utf8 COLLATE utf8_general_ci NOT NULL COMMENT '用户名',
  `password` char(32) CHARACTER SET utf8 COLLATE utf8_general_ci NOT NULL COMMENT '密码',
  `email` varchar(45) CHARACTER SET utf8 COLLATE utf8_general_ci NULL DEFAULT NULL,
  `mobile` varchar(15) CHARACTER SET utf8 COLLATE utf8_general_ci NULL DEFAULT NULL,
  `status` tinyint(4) NOT NULL DEFAULT 0 COMMENT '状态，0:禁用、1:启用',
  `created_at` timestamp(0) NOT NULL DEFAULT '0000-00-00 00:00:00',
  `updated_at` timestamp(0) NOT NULL DEFAULT '0000-00-00 00:00:00' ON UPDATE CURRENT_TIMESTAMP(0),
  `last_login_ip` varchar(20) CHARACTER SET utf8 COLLATE utf8_general_ci NOT NULL DEFAULT '0.0.0.0',
  `last_login_time` timestamp(0) NOT NULL DEFAULT '0000-00-00 00:00:00' COMMENT '最后登录时间',
  `is_fixed` tinyint(4) NOT NULL DEFAULT 0 COMMENT '是否锁定，0:否、1:是',
  PRIMARY KEY (`id`) USING BTREE
) ENGINE = InnoDB AUTO_INCREMENT = 16 CHARACTER SET = utf8 COLLATE = utf8_general_ci COMMENT = '后台管理员表' ROW_FORMAT = Dynamic;

-- ----------------------------
-- Records of jk_backend_admin
-- ----------------------------
INSERT INTO `jk_backend_admin` VALUES (1, 'administrator', '6ce1f0b64609a0a5b80356332973fd2c', 'it@marubi.cn', '18620183613', 1, '2021-08-08 12:30:50', '2021-08-08 12:30:50', '192.168.0.248', '2021-08-08 13:22:20', 1);
INSERT INTO `jk_backend_admin` VALUES (9, 'chunji', '8aa453024360ab059b53eb1c641757cf', 'chunji@marubi.cn', '1234567', 1, '2021-08-08 12:30:50', '2021-08-08 12:41:01', '0:0:0:0:0:0:0:1', '2021-09-05 14:53:48', 0);
INSERT INTO `jk_backend_admin` VALUES (10, 'wanmei', '190efc96904567be70e118601ad38be3', 'wanmei@marubi.cn', '13800138000', 1, '2021-08-08 12:30:50', '2021-08-08 12:30:50', '3232235527', '2021-08-08 12:30:50', 0);
INSERT INTO `jk_backend_admin` VALUES (11, 'test1', 'a42d565c83a43fd648f42e33d1cb05a9', 'it1@marubi.cn', '1', 1, '2021-08-08 12:30:50', '2021-08-08 12:30:50', '3232235527', '2021-08-08 12:30:50', 0);
INSERT INTO `jk_backend_admin` VALUES (12, 'test2', 'a42d565c83a43fd648f42e33d1cb05a9', 'it2@marubi.cn', '211', 1, '2021-08-08 12:30:50', '2021-08-08 19:51:25', '3232235527', '2021-08-08 12:30:50', 0);
INSERT INTO `jk_backend_admin` VALUES (13, 'test3', 'a42d565c83a43fd648f42e33d1cb05a9', 'it3@marubi.cn', '31', 1, '2021-08-08 19:49:57', '2021-08-08 19:49:57', '3232235527', '2021-08-08 19:49:57', 0);
INSERT INTO `jk_backend_admin` VALUES (14, 'Amy', 'f1bf0e6a4c6fbb3ce630dd57dae0ace2', 'Amy@163.cn', '18620183613', 0, '2021-08-08 19:10:41', '2021-08-08 19:10:41', '0', '2021-08-08 19:10:41', 0);
INSERT INTO `jk_backend_admin` VALUES (15, 'Tom', '364a509a4239062a3b58e139814d7275', 'tom@tom.tom', '4', 1, '2021-08-08 19:02:36', '2021-08-08 19:02:36', '0', '2021-08-08 19:02:36', 0);

-- ----------------------------
-- Table structure for jk_backend_menu
-- ----------------------------
DROP TABLE IF EXISTS `jk_backend_menu`;
CREATE TABLE `jk_backend_menu`  (
  `id` int(11) NOT NULL AUTO_INCREMENT,
  `name` varchar(255) CHARACTER SET utf8 COLLATE utf8_general_ci NOT NULL COMMENT '标识',
  `title` char(10) CHARACTER SET utf8 COLLATE utf8_general_ci NOT NULL COMMENT '显示名称',
  `parent_id` int(11) NOT NULL DEFAULT 0 COMMENT '上级id',
  `sort` int(11) NOT NULL DEFAULT 0 COMMENT '排序',
  `url` varchar(255) CHARACTER SET utf8 COLLATE utf8_general_ci NOT NULL COMMENT '链接地址',
  `is_hide` tinyint(1) NOT NULL DEFAULT 0 COMMENT '是否隐藏',
  `is_dev` tinyint(1) NOT NULL DEFAULT 0 COMMENT '是否仅开发者模式可见',
  `tip` varchar(255) CHARACTER SET utf8 COLLATE utf8_general_ci NULL DEFAULT NULL COMMENT '提示',
  `group` varchar(255) CHARACTER SET utf8 COLLATE utf8_general_ci NULL DEFAULT NULL COMMENT '分组',
  `is_fixed` tinyint(1) NOT NULL DEFAULT 0,
  PRIMARY KEY (`id`) USING BTREE
) ENGINE = InnoDB AUTO_INCREMENT = 445 CHARACTER SET = utf8 COLLATE = utf8_general_ci COMMENT = '后台系统菜单' ROW_FORMAT = Dynamic;

-- ----------------------------
-- Records of jk_backend_menu
-- ----------------------------
INSERT INTO `jk_backend_menu` VALUES (1, 'Index', '工作面板', 0, 0, 'Layout/index?menu=index', 1, 0, '', '', 1);
INSERT INTO `jk_backend_menu` VALUES (4, 'System', '系统', 0, 0, 'Layout/index?menu=System', 0, 0, '', NULL, 1);
INSERT INTO `jk_backend_menu` VALUES (6, 'Developer', '开发者菜单', 0, 0, 'Layout/index?menu=Developer', 1, 1, '', '', 1);
INSERT INTO `jk_backend_menu` VALUES (11, 'Menu', '菜单管理', 4, 0, 'Menu/index', 0, 1, '', '系统设置', 1);
INSERT INTO `jk_backend_menu` VALUES (13, 'Administrator', '管理员信息', 4, 0, 'Administrator/index', 0, 0, '', '管理员管理', 0);
INSERT INTO `jk_backend_menu` VALUES (14, 'System_Auth', '权限管理', 4, 0, 'Auth/index', 0, 0, '', '管理员管理', 0);
INSERT INTO `jk_backend_menu` VALUES (40, 'System_Auth_access', '访问授权', 14, 0, 'Auth/access', 0, 0, '', '', 0);
INSERT INTO `jk_backend_menu` VALUES (41, 'System_Auth_view', '查看', 14, 0, 'Auth/view', 0, 0, '', '', 0);
INSERT INTO `jk_backend_menu` VALUES (42, 'System_Auth_Add', '增加', 14, 0, 'Auth/add', 0, 0, '', '', 0);
INSERT INTO `jk_backend_menu` VALUES (43, 'System_Auth_Edit', '编辑', 14, 0, 'Auth/edit', 0, 0, '', '', 0);
INSERT INTO `jk_backend_menu` VALUES (44, 'System_Auth_Remove', '删除', 14, 0, 'Auth/remove', 0, 0, '', '', 0);
INSERT INTO `jk_backend_menu` VALUES (306, 'Panel_Index_Edit', '修改个人资料', 1, 0, 'Index/edit', 0, 0, '', '', 0);
INSERT INTO `jk_backend_menu` VALUES (307, 'Panel_Index_ChangePassword', '修改密码', 1, 0, 'Index/changePassword', 0, 0, '', '', 0);
INSERT INTO `jk_backend_menu` VALUES (386, 'Goods_ShopCategory', '品牌管理', 408, 0, 'ShopCategory/index', 0, 0, '', NULL, 0);
INSERT INTO `jk_backend_menu` VALUES (387, 'Goods_ShopGoods', '产品列表', 408, 0, 'ShopGoods/index', 0, 0, '', NULL, 0);
INSERT INTO `jk_backend_menu` VALUES (408, 'Goods', '产品管理', 0, 0, 'Goods', 0, 0, '', NULL, 0);
INSERT INTO `jk_backend_menu` VALUES (409, 'Goods_ShopCategory_Get', '获取品牌', 386, 0, 'ShopCategory/get', 0, 0, '', NULL, 0);
INSERT INTO `jk_backend_menu` VALUES (410, 'Goods_ShopCategory_AjaxLoadGridData', '加载品牌', 386, 0, 'ShopCategory/ajaxLoadGridData', 0, 0, '', NULL, 0);
INSERT INTO `jk_backend_menu` VALUES (411, 'Goods_ShopCategory_Add', '创建数据', 386, 0, 'ShopCategory/add', 0, 0, '', NULL, 0);
INSERT INTO `jk_backend_menu` VALUES (412, 'Goods_ShopCategory_Remove', '删除数据', 386, 0, 'ShopCategory/remove', 0, 0, '', NULL, 0);
INSERT INTO `jk_backend_menu` VALUES (413, 'Goods_ShopCategory_Edit', '编辑品牌', 386, 0, 'ShopCategory/edit', 0, 0, '', NULL, 0);
INSERT INTO `jk_backend_menu` VALUES (414, 'Goods_ShopCategory_View', '查看数据', 386, 0, 'ShopCategory/view', 0, 0, '', NULL, 0);
INSERT INTO `jk_backend_menu` VALUES (415, 'Goods_ShopCategory_Uploadfile', '上传品牌图片', 386, 0, 'ShopCategory/uploadfile', 0, 0, '', NULL, 0);
INSERT INTO `jk_backend_menu` VALUES (416, 'Goods_ShopCategory_ImageDelete', '删除图片', 386, 0, 'ShopCategory/imageDelete', 0, 0, '', NULL, 0);
INSERT INTO `jk_backend_menu` VALUES (417, 'Goods_ShopGoods_AjaxLoadGridData', '加载数据', 387, 0, 'ShopGoods/ajaxLoadGridData', 0, 0, '', NULL, 0);
INSERT INTO `jk_backend_menu` VALUES (418, 'Goods_ShopGoods_Add', '添加产品', 387, 0, 'ShopGoods/add', 0, 0, '', NULL, 0);
INSERT INTO `jk_backend_menu` VALUES (419, 'Goods_ShopGoods_Remove', '删除产品', 387, 0, 'ShopGoods/remove', 0, 0, '', NULL, 0);
INSERT INTO `jk_backend_menu` VALUES (420, 'Goods_ShopGoods_Edit', '修改产品', 387, 0, 'ShopGoods/edit', 0, 0, '', NULL, 0);
INSERT INTO `jk_backend_menu` VALUES (421, 'Goods_ShopGoods_View', '查看数据', 387, 0, 'ShopGoods/view', 0, 0, '', NULL, 0);
INSERT INTO `jk_backend_menu` VALUES (422, 'Goods_ShopGoods_ToggleStatus', '改变产品状态', 387, 0, 'ShopGoods/toggleStatus', 0, 0, '', NULL, 0);
INSERT INTO `jk_backend_menu` VALUES (423, 'Goods_ShopGoods_ImageDelete', '删除图片', 387, 0, 'ShopGoods/imageDelete', 0, 0, '', NULL, 0);
INSERT INTO `jk_backend_menu` VALUES (424, 'Goods_ShopGoods_Uploadfile', '上传图片', 387, 0, 'ShopGoods/uploadfile', 0, 0, '', NULL, 0);
INSERT INTO `jk_backend_menu` VALUES (425, 'Goods_ShopGoods_ImageUpdate', '更新图片', 387, 0, 'ShopGoods/imageUpdate', 0, 0, '', NULL, 0);
INSERT INTO `jk_backend_menu` VALUES (431, 'Goods_Producers', '生产商管理', 408, 0, 'Producers/index', 0, 0, '', NULL, 0);
INSERT INTO `jk_backend_menu` VALUES (432, 'Goods_ShopGoods_Importfile', '上传导入文件', 387, 0, 'ShopGoods/Importfile', 0, 0, '', NULL, 0);
INSERT INTO `jk_backend_menu` VALUES (433, 'Goods_ShopGoods_SetGoodsConect', '设置商品关联生产商', 387, 0, 'ShopGoods/setGoodsConect', 0, 0, '', NULL, 0);
INSERT INTO `jk_backend_menu` VALUES (434, 'Goods_ShopGoods_Delvideo', '删除视频', 387, 0, 'ShopGoods/delvideo', 0, 0, '', NULL, 0);
INSERT INTO `jk_backend_menu` VALUES (435, 'Goods_ShopGoods_Import', '导入', 387, 0, 'ShopGoods/import', 0, 0, '', NULL, 0);
INSERT INTO `jk_backend_menu` VALUES (436, 'Goods_Producers_AjaxLoadGridData', '加载数据', 431, 0, 'Producers/ajaxLoadGridData', 0, 0, '', NULL, 0);
INSERT INTO `jk_backend_menu` VALUES (437, 'Goods_Producers_Add', '添加数据', 431, 0, 'Producers/add', 0, 0, '', NULL, 0);
INSERT INTO `jk_backend_menu` VALUES (438, 'Goods_Producers_Edit', '修改数据', 431, 0, 'Producers/edit', 0, 0, '', NULL, 0);
INSERT INTO `jk_backend_menu` VALUES (439, 'Goods_Producers_Remove', '删除数据', 431, 0, 'Producers/remove', 0, 0, '', NULL, 0);
INSERT INTO `jk_backend_menu` VALUES (440, 'Goods_Producers_View', '查看数据', 431, 0, 'Producers/view', 0, 0, '', NULL, 0);
INSERT INTO `jk_backend_menu` VALUES (441, 'System_Config', '配置管理', 4, 0, 'Config/index', 0, 0, '', NULL, 0);
INSERT INTO `jk_backend_menu` VALUES (442, 'Config_Lists', '查询', 441, 0, 'Config/lists', 0, 0, '', NULL, 0);
INSERT INTO `jk_backend_menu` VALUES (443, 'Config_Edit', '修改', 441, 0, 'Config/edit', 0, 0, '', NULL, 0);
INSERT INTO `jk_backend_menu` VALUES (444, 'Config_UploadImg', '上传图片', 441, 0, 'Config/uploadImg', 0, 0, '', NULL, 0);

-- ----------------------------
-- Table structure for jk_config
-- ----------------------------
DROP TABLE IF EXISTS `jk_config`;
CREATE TABLE `jk_config`  (
  `id` int(11) NOT NULL AUTO_INCREMENT,
  `name` char(50) CHARACTER SET utf8 COLLATE utf8_unicode_ci NOT NULL COMMENT '配置标识，大写',
  `title` char(30) CHARACTER SET utf8 COLLATE utf8_unicode_ci NOT NULL COMMENT '配置项',
  `remarks` varchar(100) CHARACTER SET utf8 COLLATE utf8_unicode_ci NOT NULL DEFAULT '' COMMENT '配置说明',
  `options` varchar(255) CHARACTER SET utf8 COLLATE utf8_unicode_ci NOT NULL DEFAULT '' COMMENT '配置选项',
  `value` text CHARACTER SET utf8 COLLATE utf8_unicode_ci NULL COMMENT '配置值',
  `status` tinyint(4) NOT NULL DEFAULT 1 COMMENT '状态，1：启用、0：禁用、-1：软删除',
  `config_group` varchar(255) CHARACTER SET utf8 COLLATE utf8_unicode_ci NULL DEFAULT NULL COMMENT '配置分租',
  `config_type` char(50) CHARACTER SET utf8 COLLATE utf8_unicode_ci NOT NULL DEFAULT '0' COMMENT '配置类型',
  `sort` smallint(6) NOT NULL DEFAULT 0 COMMENT '排序',
  `is_fixed` tinyint(1) NOT NULL DEFAULT 0 COMMENT '是否锁定',
  `updated_at` int(11) NULL DEFAULT NULL COMMENT '更新时间',
  `is_dev` tinyint(1) NOT NULL DEFAULT 0 COMMENT '开发者模式可见',
  PRIMARY KEY (`id`) USING BTREE
) ENGINE = InnoDB AUTO_INCREMENT = 33 CHARACTER SET = utf8 COLLATE = utf8_unicode_ci ROW_FORMAT = Dynamic;

-- ----------------------------
-- Records of jk_config
-- ----------------------------
INSERT INTO `jk_config` VALUES (1, 'CONFIG_TYPE', '配置类型', '', '', 'number:数字\r\nstring:字符串\r\ntext:文本\r\narray:数组\r\nenum:枚举', 1, NULL, 'text', 0, 1, NULL, 1);
INSERT INTO `jk_config` VALUES (2, 'CONFIG_GROUP', '配置分组', '配置分组', '', 'chunji:春纪', 1, 'system', 'text', 0, 1, NULL, 1);
INSERT INTO `jk_config` VALUES (31, 'CHUNJI_FORUM_URL', '春纪福利社URL', '请输入完整网址', '', 'http://w.cac-chunji.cn/m/view/personal/personal.aspx', 1, 'chunji', 'string', 0, 0, NULL, 0);
INSERT INTO `jk_config` VALUES (32, 'CHUNJI_FOOTER_IMG', '春纪底部背景图', '尺寸()', '', 'http://127.0.0.1:8088/marubi/file/default_files\\2021/08/29\\11\\03\\bbf5a53766b340c2870a91d5d435d3bf.jpg', 1, 'chunji', 'image', 0, 0, NULL, 0);

-- ----------------------------
-- Table structure for jk_shop_attribute
-- ----------------------------
DROP TABLE IF EXISTS `jk_shop_attribute`;
CREATE TABLE `jk_shop_attribute`  (
  `id` int(11) NOT NULL AUTO_INCREMENT,
  `type_id` int(11) NOT NULL COMMENT '商品类型ID',
  `attr_name` varchar(45) CHARACTER SET utf8 COLLATE utf8_unicode_ci NOT NULL COMMENT '属性名称',
  `input_type` tinyint(4) NOT NULL DEFAULT 0 COMMENT '输入类型,0：文本输入框，1：选择项，2：多行文本',
  `attr_type` tinyint(4) NOT NULL DEFAULT 1 COMMENT '属性类型，0：唯一属性，1：单选属性，2：复选属性。选择\"单选/复选属性\"时，可以对商品该属性设置多个值，同时还能对不同属性值指定不同的价格加价，用户购买商品时需要选定具体的属性',
  `attr_values` text CHARACTER SET utf8 COLLATE utf8_unicode_ci NOT NULL COMMENT '属性值',
  PRIMARY KEY (`id`) USING BTREE,
  INDEX `fk_shop_attribute_shop_goods_type1_idx`(`type_id`) USING BTREE,
  CONSTRAINT `jk_shop_attribute_ibfk_1` FOREIGN KEY (`type_id`) REFERENCES `jk_shop_goods_type` (`id`) ON DELETE NO ACTION ON UPDATE NO ACTION
) ENGINE = InnoDB AUTO_INCREMENT = 1 CHARACTER SET = utf8 COLLATE = utf8_unicode_ci COMMENT = '属性' ROW_FORMAT = Dynamic;

-- ----------------------------
-- Table structure for jk_shop_category
-- ----------------------------
DROP TABLE IF EXISTS `jk_shop_category`;
CREATE TABLE `jk_shop_category`  (
  `id` int(10) UNSIGNED NOT NULL AUTO_INCREMENT COMMENT '自增主键',
  `category_name` char(10) CHARACTER SET utf8 COLLATE utf8_unicode_ci NOT NULL COMMENT '分类名称',
  `parent_id` int(11) NOT NULL DEFAULT 0 COMMENT '父id',
  `category_icon` varchar(255) CHARACTER SET utf8 COLLATE utf8_unicode_ci NOT NULL COMMENT '分类图标',
  `status` tinyint(4) NOT NULL DEFAULT 0 COMMENT '状态，1：启用、0：禁用',
  `sort` tinyint(4) NOT NULL DEFAULT 0 COMMENT '分类排序',
  `backend_admin_id` int(11) NULL DEFAULT NULL,
  PRIMARY KEY (`id`) USING BTREE
) ENGINE = InnoDB AUTO_INCREMENT = 74 CHARACTER SET = utf8 COLLATE = utf8_unicode_ci COMMENT = '惠购商品分类' ROW_FORMAT = Dynamic;

-- ----------------------------
-- Records of jk_shop_category
-- ----------------------------
INSERT INTO `jk_shop_category` VALUES (71, '春纪', 0, '/Uploads/Shop/category/20170629/5954c4c94c69f.jpg', 1, 0, 9);
INSERT INTO `jk_shop_category` VALUES (73, '丸美眼霜', 0, '/Uploads/Shop/category/20170626/59505f89ee9d9.jpg', 1, 0, 10);

-- ----------------------------
-- Table structure for jk_shop_conect
-- ----------------------------
DROP TABLE IF EXISTS `jk_shop_conect`;
CREATE TABLE `jk_shop_conect`  (
  `pid` int(11) NULL DEFAULT 0 COMMENT '生产商id',
  `gid` int(11) NULL DEFAULT 0 COMMENT '商品id',
  `start_at` int(11) NULL DEFAULT 0 COMMENT '开始生产时间',
  `end_at` int(11) NULL DEFAULT NULL COMMENT '结束生产时间'
) ENGINE = InnoDB CHARACTER SET = utf8 COLLATE = utf8_unicode_ci COMMENT = '产品生产商中间表' ROW_FORMAT = Dynamic;

-- ----------------------------
-- Records of jk_shop_conect
-- ----------------------------
INSERT INTO `jk_shop_conect` VALUES (2, 713, 1496472660, 1498805460);
INSERT INTO `jk_shop_conect` VALUES (2, 723, 1498115700, 0);
INSERT INTO `jk_shop_conect` VALUES (1, 711, 1498017000, 1498794600);
INSERT INTO `jk_shop_conect` VALUES (2, 711, 1498902660, 1501494660);
INSERT INTO `jk_shop_conect` VALUES (1, 696, 1493913600, 1498529100);
INSERT INTO `jk_shop_conect` VALUES (2, 696, 1485936960, 1493885760);
INSERT INTO `jk_shop_conect` VALUES (1, 725, 1335854100, 1498804560);
INSERT INTO `jk_shop_conect` VALUES (1, 709, 1498371420, 1498457820);
INSERT INTO `jk_shop_conect` VALUES (2, 709, 1498544220, 1498632240);
INSERT INTO `jk_shop_conect` VALUES (1, 737, 1497422880, 1498114080);
INSERT INTO `jk_shop_conect` VALUES (2, 737, 1498200480, 1498718880);
INSERT INTO `jk_shop_conect` VALUES (1, 774, 1496818680, 1496905140);
INSERT INTO `jk_shop_conect` VALUES (2, 774, 1496991540, 1498805940);
INSERT INTO `jk_shop_conect` VALUES (1, 778, 1496300940, 0);
INSERT INTO `jk_shop_conect` VALUES (1, 780, 1496301120, 0);
INSERT INTO `jk_shop_conect` VALUES (2, 789, 1497425220, 0);
INSERT INTO `jk_shop_conect` VALUES (2, 790, 1496302500, 0);
INSERT INTO `jk_shop_conect` VALUES (2, 793, 1496303040, 0);
INSERT INTO `jk_shop_conect` VALUES (2, 796, 1496303100, 0);
INSERT INTO `jk_shop_conect` VALUES (2, 798, 0, 0);
INSERT INTO `jk_shop_conect` VALUES (2, 800, 1496303400, 0);
INSERT INTO `jk_shop_conect` VALUES (2, 801, 1498723380, 1496304180);
INSERT INTO `jk_shop_conect` VALUES (2, 802, 0, 0);
INSERT INTO `jk_shop_conect` VALUES (2, 804, 0, 0);
INSERT INTO `jk_shop_conect` VALUES (2, 805, 1496307000, 0);
INSERT INTO `jk_shop_conect` VALUES (2, 806, 0, 0);
INSERT INTO `jk_shop_conect` VALUES (2, 807, 0, 0);
INSERT INTO `jk_shop_conect` VALUES (2, 808, 1498294500, 0);
INSERT INTO `jk_shop_conect` VALUES (2, 799, 1496389740, 0);
INSERT INTO `jk_shop_conect` VALUES (1, 782, 1498720440, 0);
INSERT INTO `jk_shop_conect` VALUES (1, 810, 1496631660, 0);
INSERT INTO `jk_shop_conect` VALUES (2, 815, 1496297100, 0);
INSERT INTO `jk_shop_conect` VALUES (1, 816, 1496383860, 1498716706);
INSERT INTO `jk_shop_conect` VALUES (2, 817, 1496299380, 1498718580);
INSERT INTO `jk_shop_conect` VALUES (1, 814, 1496299260, 1498718520);
INSERT INTO `jk_shop_conect` VALUES (1, 788, 1496301960, 1498728780);
INSERT INTO `jk_shop_conect` VALUES (2, 819, 0, 1499680380);
INSERT INTO `jk_shop_conect` VALUES (2, 820, 0, 1499682147);
INSERT INTO `jk_shop_conect` VALUES (2, 821, 0, 1499740367);
INSERT INTO `jk_shop_conect` VALUES (2, 822, 0, 1499740440);
INSERT INTO `jk_shop_conect` VALUES (2, 823, 1501551720, 1504057283);
INSERT INTO `jk_shop_conect` VALUES (2, 830, 1501552440, 1504057988);
INSERT INTO `jk_shop_conect` VALUES (2, 834, 1496282580, 1504058520);
INSERT INTO `jk_shop_conect` VALUES (2, 837, 1496300820, 1505199959);
INSERT INTO `jk_shop_conect` VALUES (2, 838, 1496301000, 1505200082);
INSERT INTO `jk_shop_conect` VALUES (2, 840, 1496301240, 1505200367);
INSERT INTO `jk_shop_conect` VALUES (2, 844, 1496284980, 1505702501);
INSERT INTO `jk_shop_conect` VALUES (2, 845, 1496285100, 1505702634);
INSERT INTO `jk_shop_conect` VALUES (2, 846, 1496286120, 1505703613);
INSERT INTO `jk_shop_conect` VALUES (2, 847, 1496286180, 1505703682);
INSERT INTO `jk_shop_conect` VALUES (2, 848, 1496286240, 1505703760);
INSERT INTO `jk_shop_conect` VALUES (2, 849, 1496286420, 1505703852);
INSERT INTO `jk_shop_conect` VALUES (2, 850, 1496286480, 1505703944);
INSERT INTO `jk_shop_conect` VALUES (2, 851, 1496287440, 1505704918);
INSERT INTO `jk_shop_conect` VALUES (2, 852, 1496288580, 1505706044);
INSERT INTO `jk_shop_conect` VALUES (2, 853, 1496288640, 1505706126);
INSERT INTO `jk_shop_conect` VALUES (2, 854, 1496288700, 1505706184);
INSERT INTO `jk_shop_conect` VALUES (2, 855, 1496288760, 1505706240);
INSERT INTO `jk_shop_conect` VALUES (2, 856, 1496288820, 1505706301);
INSERT INTO `jk_shop_conect` VALUES (2, 858, 1496303940, 1505721469);
INSERT INTO `jk_shop_conect` VALUES (2, 859, 1496282640, 1505786556);
INSERT INTO `jk_shop_conect` VALUES (2, 860, 1496282760, 1505786797);
INSERT INTO `jk_shop_conect` VALUES (2, 861, 1496283000, 1505786875);
INSERT INTO `jk_shop_conect` VALUES (2, 862, 1496283060, 1505786949);
INSERT INTO `jk_shop_conect` VALUES (2, 863, 1496283240, 1505787083);
INSERT INTO `jk_shop_conect` VALUES (2, 864, 1496283240, 1505787548);
INSERT INTO `jk_shop_conect` VALUES (2, 865, 1496283780, 1505787667);
INSERT INTO `jk_shop_conect` VALUES (2, 866, 1496283960, 1505787865);
INSERT INTO `jk_shop_conect` VALUES (2, 867, 1496284080, 1505787967);
INSERT INTO `jk_shop_conect` VALUES (2, 868, 1496284140, 1505788072);
INSERT INTO `jk_shop_conect` VALUES (2, 869, 1496284260, 1505788276);
INSERT INTO `jk_shop_conect` VALUES (2, 872, 1496284680, 1505788830);
INSERT INTO `jk_shop_conect` VALUES (2, 873, 1496285040, 1505789059);
INSERT INTO `jk_shop_conect` VALUES (2, 874, 1496285220, 1505789149);
INSERT INTO `jk_shop_conect` VALUES (2, 875, 1496285340, 1505789286);
INSERT INTO `jk_shop_conect` VALUES (2, 876, 1496285520, 1505789372);
INSERT INTO `jk_shop_conect` VALUES (2, 877, 1496285520, 1505789441);
INSERT INTO `jk_shop_conect` VALUES (2, 878, 1496297160, 1505801019);
INSERT INTO `jk_shop_conect` VALUES (2, 879, 1496297220, 1505801088);
INSERT INTO `jk_shop_conect` VALUES (2, 880, 1496297280, 1505801165);
INSERT INTO `jk_shop_conect` VALUES (2, 881, 1496297340, 1505802188);
INSERT INTO `jk_shop_conect` VALUES (2, 882, 1496298360, 1505802259);
INSERT INTO `jk_shop_conect` VALUES (2, 883, 1496298480, 1505802339);
INSERT INTO `jk_shop_conect` VALUES (2, 884, 1496303940, 1505807852);
INSERT INTO `jk_shop_conect` VALUES (2, 885, 1496304120, 1505807977);
INSERT INTO `jk_shop_conect` VALUES (2, 886, 1496304420, 1505808284);
INSERT INTO `jk_shop_conect` VALUES (2, 887, 1496311200, 1505815073);
INSERT INTO `jk_shop_conect` VALUES (2, 888, 1496311380, 1505815306);
INSERT INTO `jk_shop_conect` VALUES (2, 889, 1496311500, 1505815415);
INSERT INTO `jk_shop_conect` VALUES (2, 890, 1496311620, 1505815508);
INSERT INTO `jk_shop_conect` VALUES (2, 891, 1496280720, 1505871041);
INSERT INTO `jk_shop_conect` VALUES (2, 892, 1496280840, 1505871124);
INSERT INTO `jk_shop_conect` VALUES (2, 893, 1496280900, 1505872577);
INSERT INTO `jk_shop_conect` VALUES (2, 894, 1496283120, 1505873443);
INSERT INTO `jk_shop_conect` VALUES (2, 895, 1496283240, 1505874053);
INSERT INTO `jk_shop_conect` VALUES (2, 896, 1496283900, 1505874177);
INSERT INTO `jk_shop_conect` VALUES (2, 897, 1496283960, 1505874322);
INSERT INTO `jk_shop_conect` VALUES (2, 898, 1496284080, 1505874506);
INSERT INTO `jk_shop_conect` VALUES (2, 899, 1496284320, 1505875106);
INSERT INTO `jk_shop_conect` VALUES (2, 900, 1496284920, 1505875220);
INSERT INTO `jk_shop_conect` VALUES (2, 901, 1496284980, 1505875341);
INSERT INTO `jk_shop_conect` VALUES (2, 902, 1496285100, 1505875411);
INSERT INTO `jk_shop_conect` VALUES (2, 905, 1496285340, 1505875660);
INSERT INTO `jk_shop_conect` VALUES (2, 906, 1496285640, 1505875921);
INSERT INTO `jk_shop_conect` VALUES (2, 910, 1496286540, 1505876817);
INSERT INTO `jk_shop_conect` VALUES (2, 912, 1496286660, 1505877769);
INSERT INTO `jk_shop_conect` VALUES (2, 913, 1496287560, 1505877840);
INSERT INTO `jk_shop_conect` VALUES (2, 915, 1496287740, 1505878042);
INSERT INTO `jk_shop_conect` VALUES (2, 916, 1496287800, 1505878105);
INSERT INTO `jk_shop_conect` VALUES (2, 917, 1496287860, 1505878172);
INSERT INTO `jk_shop_conect` VALUES (2, 918, 1496287920, 1505878228);
INSERT INTO `jk_shop_conect` VALUES (2, 919, 1496287980, 1505878287);
INSERT INTO `jk_shop_conect` VALUES (2, 920, 1496288040, 1505878342);
INSERT INTO `jk_shop_conect` VALUES (2, 921, 1496298540, 1505888855);
INSERT INTO `jk_shop_conect` VALUES (2, 922, 1496298660, 1505889081);
INSERT INTO `jk_shop_conect` VALUES (2, 923, 1496298900, 1505889456);
INSERT INTO `jk_shop_conect` VALUES (2, 924, 1496299260, 1505889568);
INSERT INTO `jk_shop_conect` VALUES (2, 925, 1496299320, 1505889631);
INSERT INTO `jk_shop_conect` VALUES (2, 926, 1496299560, 1505889865);
INSERT INTO `jk_shop_conect` VALUES (2, 927, 1496299680, 1505889948);
INSERT INTO `jk_shop_conect` VALUES (2, 928, 1496299740, 1505890039);
INSERT INTO `jk_shop_conect` VALUES (2, 930, 1496300820, 1505891115);
INSERT INTO `jk_shop_conect` VALUES (2, 931, 1496300880, 1505891177);
INSERT INTO `jk_shop_conect` VALUES (2, 932, 1496300940, 1505891272);
INSERT INTO `jk_shop_conect` VALUES (2, 933, 1496301060, 1505891345);
INSERT INTO `jk_shop_conect` VALUES (2, 934, 1496301120, 1505891419);
INSERT INTO `jk_shop_conect` VALUES (2, 935, 1496301180, 1505891490);
INSERT INTO `jk_shop_conect` VALUES (2, 936, 1496301240, 1505891566);
INSERT INTO `jk_shop_conect` VALUES (2, 937, 1496301360, 1505891645);
INSERT INTO `jk_shop_conect` VALUES (2, 811, 1486519500, 1501466700);
INSERT INTO `jk_shop_conect` VALUES (2, 938, 0, 1530239584);
INSERT INTO `jk_shop_conect` VALUES (2, 939, 1530863400, 1532073000);
INSERT INTO `jk_shop_conect` VALUES (2, 835, 1496300340, 1505199540);
INSERT INTO `jk_shop_conect` VALUES (2, 871, 1496284560, 1505788500);
INSERT INTO `jk_shop_conect` VALUES (2, 941, 1514800260, 1532079660);
INSERT INTO `jk_shop_conect` VALUES (2, 942, 1533108780, 1533800100);
INSERT INTO `jk_shop_conect` VALUES (2, 943, 1533541560, 1533800151);
INSERT INTO `jk_shop_conect` VALUES (2, 944, 1533541560, 1533800184);
INSERT INTO `jk_shop_conect` VALUES (2, 945, 1533541620, 1533800218);
INSERT INTO `jk_shop_conect` VALUES (2, 946, 1533541620, 1533800256);
INSERT INTO `jk_shop_conect` VALUES (2, 947, 1533541680, 1533800278);
INSERT INTO `jk_shop_conect` VALUES (2, 948, 1533541680, 1533800347);
INSERT INTO `jk_shop_conect` VALUES (2, 949, 1533541800, 1533800421);
INSERT INTO `jk_shop_conect` VALUES (2, 950, 1533541860, 1565164260);
INSERT INTO `jk_shop_conect` VALUES (2, 952, 1533541980, 1565077980);
INSERT INTO `jk_shop_conect` VALUES (2, 953, 1533542040, 1565164440);
INSERT INTO `jk_shop_conect` VALUES (2, 954, 1533542160, 1565250960);
INSERT INTO `jk_shop_conect` VALUES (2, 955, 1533542160, 1565250960);
INSERT INTO `jk_shop_conect` VALUES (2, 956, 1533542220, 1565164620);
INSERT INTO `jk_shop_conect` VALUES (2, 957, 1533542220, 1565164680);
INSERT INTO `jk_shop_conect` VALUES (2, 958, 1533542280, 1565251080);
INSERT INTO `jk_shop_conect` VALUES (2, 959, 1533542340, 1565251140);
INSERT INTO `jk_shop_conect` VALUES (2, 961, 1533542400, 1565251200);
INSERT INTO `jk_shop_conect` VALUES (2, 870, 1433126040, 1505788320);
INSERT INTO `jk_shop_conect` VALUES (2, 960, 1533542340, 1565078340);
INSERT INTO `jk_shop_conect` VALUES (2, 951, 1533541920, 1565164320);
INSERT INTO `jk_shop_conect` VALUES (2, 914, 1496287620, 1505877900);
INSERT INTO `jk_shop_conect` VALUES (2, 828, 1501552260, 1504057800);
INSERT INTO `jk_shop_conect` VALUES (2, 962, 1557040920, 1536049860);
INSERT INTO `jk_shop_conect` VALUES (2, 809, 0, 1578302040);
INSERT INTO `jk_shop_conect` VALUES (2, 812, 1498874160, 1530323760);
INSERT INTO `jk_shop_conect` VALUES (2, 908, 1496286360, 1632884640);
INSERT INTO `jk_shop_conect` VALUES (2, 842, 1496282820, 1603764360);
INSERT INTO `jk_shop_conect` VALUES (2, 824, 1501551840, 1504057380);
INSERT INTO `jk_shop_conect` VALUES (2, 929, 1496300700, 1619938920);
INSERT INTO `jk_shop_conect` VALUES (2, 903, 1496285220, 1609641900);
INSERT INTO `jk_shop_conect` VALUES (2, 909, 1496286480, 1578279900);
INSERT INTO `jk_shop_conect` VALUES (2, 827, 1501552200, 1611625680);
INSERT INTO `jk_shop_conect` VALUES (2, 826, 1501552080, 1627868820);
INSERT INTO `jk_shop_conect` VALUES (2, 832, 1501552620, 1628560560);
INSERT INTO `jk_shop_conect` VALUES (2, 829, 1501552320, 1628560320);
INSERT INTO `jk_shop_conect` VALUES (2, 833, 1496282340, 1597629480);
INSERT INTO `jk_shop_conect` VALUES (2, 904, 1496285280, 1606790760);
INSERT INTO `jk_shop_conect` VALUES (2, 972, 0, 1606787460);
INSERT INTO `jk_shop_conect` VALUES (2, 839, 1496301120, 1606806600);
INSERT INTO `jk_shop_conect` VALUES (2, 831, 1501552500, 1578275640);
INSERT INTO `jk_shop_conect` VALUES (2, 911, 1496286600, 1606792080);
INSERT INTO `jk_shop_conect` VALUES (2, 907, 1496286240, 1601971980);
INSERT INTO `jk_shop_conect` VALUES (2, 966, 1556691900, 1561875300);
INSERT INTO `jk_shop_conect` VALUES (2, 825, 1501465560, 1606787100);
INSERT INTO `jk_shop_conect` VALUES (2, 843, 1496283120, 1606788540);
INSERT INTO `jk_shop_conect` VALUES (2, 857, 1496288880, 1604202360);
INSERT INTO `jk_shop_conect` VALUES (2, 836, 1496300640, 1606806180);
INSERT INTO `jk_shop_conect` VALUES (2, 973, 1578276780, 1704075240);
INSERT INTO `jk_shop_conect` VALUES (2, 974, 0, 1704093840);
INSERT INTO `jk_shop_conect` VALUES (3, 970, 0, 1641002220);
INSERT INTO `jk_shop_conect` VALUES (3, 978, 0, 1641002340);
INSERT INTO `jk_shop_conect` VALUES (3, 968, 0, 1641088800);
INSERT INTO `jk_shop_conect` VALUES (3, 964, 0, 1641002400);
INSERT INTO `jk_shop_conect` VALUES (3, 967, 0, 1641175260);
INSERT INTO `jk_shop_conect` VALUES (3, 979, 0, 1641175380);
INSERT INTO `jk_shop_conect` VALUES (3, 975, 0, 1641175380);
INSERT INTO `jk_shop_conect` VALUES (3, 976, 0, 1641175440);
INSERT INTO `jk_shop_conect` VALUES (3, 977, 0, 1641175440);
INSERT INTO `jk_shop_conect` VALUES (3, 969, 0, 1641175440);
INSERT INTO `jk_shop_conect` VALUES (3, 971, 0, 1641175500);

-- ----------------------------
-- Table structure for jk_shop_goods
-- ----------------------------
DROP TABLE IF EXISTS `jk_shop_goods`;
CREATE TABLE `jk_shop_goods`  (
  `id` int(10) UNSIGNED NOT NULL AUTO_INCREMENT COMMENT '主键自增ID',
  `matnr` varchar(100) CHARACTER SET utf8mb4 COLLATE utf8mb4_general_ci NOT NULL COMMENT '产品编码',
  `goods_name` char(100) CHARACTER SET utf8 COLLATE utf8_unicode_ci NOT NULL COMMENT '商品名称',
  `goods_price` varchar(255) CHARACTER SET utf8mb4 COLLATE utf8mb4_general_ci NOT NULL DEFAULT '0' COMMENT '建议零售价',
  `category_id` int(10) UNSIGNED NULL DEFAULT NULL COMMENT '所属分类',
  `status` tinyint(4) NOT NULL DEFAULT 1 COMMENT '状态，0：下架，1：上架',
  `goods_desc` text CHARACTER SET utf8mb4 COLLATE utf8mb4_general_ci NULL COMMENT '产品描述',
  `updated_at` int(11) NOT NULL COMMENT '更新时间',
  `video_url` varchar(255) CHARACTER SET utf8 COLLATE utf8_unicode_ci NULL DEFAULT NULL COMMENT '视频地址',
  `video_poster` varchar(255) CHARACTER SET utf8mb4 COLLATE utf8mb4_general_ci NULL DEFAULT NULL COMMENT '....',
  `net_weight` varchar(255) CHARACTER SET utf8mb4 COLLATE utf8mb4_general_ci NULL DEFAULT NULL COMMENT '净含量',
  `backend_admin_id` int(11) NULL DEFAULT NULL COMMENT '管理员ID',
  `goods_specs` varchar(100) CHARACTER SET utf8mb4 COLLATE utf8mb4_general_ci NULL DEFAULT NULL,
  `goods_info` text CHARACTER SET utf8mb4 COLLATE utf8mb4_general_ci NULL COMMENT '....',
  `goods_usage` varchar(255) CHARACTER SET utf8mb4 COLLATE utf8mb4_general_ci NULL DEFAULT NULL,
  `goods_tech` text CHARACTER SET utf8mb4 COLLATE utf8mb4_general_ci NULL COMMENT '....',
  PRIMARY KEY (`id`) USING BTREE,
  UNIQUE INDEX `matrn`(`matnr`) USING BTREE,
  INDEX `fk_shop_goods_shop_category1_idx`(`category_id`) USING BTREE,
  CONSTRAINT `fk_shop_goods_shop_category1` FOREIGN KEY (`category_id`) REFERENCES `jk_shop_category` (`id`) ON DELETE NO ACTION ON UPDATE NO ACTION
) ENGINE = InnoDB AUTO_INCREMENT = 980 CHARACTER SET = utf8mb4 COLLATE = utf8mb4_general_ci COMMENT = '惠购商品' ROW_FORMAT = Dynamic;

-- ----------------------------
-- Records of jk_shop_goods
-- ----------------------------
INSERT INTO `jk_shop_goods` VALUES (809, '11038003', '丸美弹力蛋白凝时紧致保养液', '￥258.00', 73, 1, '', 1563245301, 'http://p.marubi.cn/backend/Uploads/Video/20190625/5d11c04f87e26.mp4', '/backend/Uploads/Shop/goods/20190625/5d11c0d0e6cb4.JPG', '100ml', 1, '100ml', '<p>1. 立得住的弹力水，精华级保养液</p><p>2. 弹力蛋白精华，持久淡纹，重塑肌肤内弹力；融合肌肤紧实技术INSTENSYL，细腻紧致，赋予肌肤外弹力；协同透明质酸钠等补水保湿成分，水润澎澎。</p><p><br/></p>', '', '<p>1. 专利技术：肌肤紧实技术INSTENSYL（木薯淀粉），发明专利FR 2969489-A1；可溶性蛋白多糖，发明专利JP3731150B2；水解大豆细粉，发明专利FR2958546A1；β-葡聚糖，发明专利Korea 10-0295623</p><p>2. 奖项：网易女人-年度本土最具潜力新品奖，2014ilady优家画报大数据美妆大赏-杭州亲民派口碑榜单</p><p><br/></p>');
INSERT INTO `jk_shop_goods` VALUES (811, '11038001', '丸美弹力蛋白凝时紧致眼精华', '498.00', 73, 1, '<p><span style=\"font-family: 微软雅黑, &#39;Microsoft YaHei&#39;; color: rgb(0, 0, 0); font-size: 16px;\">丸美弹力蛋白凝时紧致眼精华</span></p><p style=\"line-height: 22px;background: white\"><span style=\"font-family: 微软雅黑, &#39;Microsoft YaHei&#39;; color: rgb(0, 0, 0); font-size: 16px;\">产品规格&nbsp;10g*2</span></p><p style=\"line-height: 22px;background: white\"><span style=\"font-family: 微软雅黑, &#39;Microsoft YaHei&#39;; color: rgb(0, 0, 0); font-size: 16px;\">产品功效&nbsp;</span></p><p style=\"line-height: 22px;vertical-align: top;background: white\"><span style=\"font-family: 微软雅黑, &#39;Microsoft YaHei&#39;; color: rgb(0, 0, 0); font-size: 16px;\">日拉夜弹，分时护理。弹弹弹，弹走鱼尾纹。</span></p><p style=\"line-height: 22px;background: white\"><span style=\"font-family: 微软雅黑, &#39;Microsoft YaHei&#39;; color: rgb(0, 0, 0); font-size: 16px;\">使用方法&nbsp;</span></p><p><span style=\"font-family: 微软雅黑, &#39;Microsoft YaHei&#39;; color: rgb(0, 0, 0); font-size: 16px;\">1、&nbsp;取适量点涂于眼周。</span></p><p><span style=\"font-family: 微软雅黑, &#39;Microsoft YaHei&#39;; color: rgb(0, 0, 0); font-size: 16px;\">2、&nbsp;用双手无名指由内眼角向外眼角交替涂抹提拉至7成干。</span></p><p><span style=\"font-family: 微软雅黑, &#39;Microsoft YaHei&#39;; color: rgb(0, 0, 0); font-size: 16px;\">3、&nbsp;再用无名指向上提拉定于眼尾，至完全吸收即可。</span></p><p><br/></p>', 1527060951, 'http://p.marubi.cn/backend/Uploads/Video/20170705/eye1920.mp4', NULL, NULL, 10, NULL, NULL, NULL, NULL);
INSERT INTO `jk_shop_goods` VALUES (812, '11039003', '丸美巧克力青春丝滑眼乳霜', '￥298', 73, 1, '', 1563245325, 'http://p.marubi.cn/backend/Uploads/Video/20190625/5d11c65b631be.mp4', '/backend/Uploads/Shop/goods/20190625/5d11c693ce265.JPG', '25g', 1, '25g', '<p>1. 清零潜在纹、干纹、细纹</p><p>2. 法国专利COCOA活性原精华：清零潜在纹；法国ALISTIN活性肽专利：预防潜在纹；法国长豆角精粹：丝滑润泽眼周。</p><p><br/></p>', '', '<p>1. 专利技术：法国COCOA（欧盟细胞培养专利技术），专利号EP 1485&nbsp; 064 B1；法国ALISTIN活性肽，专利号WO 94/19325；法国AQUA-OSMOLINE，专利号FR 2954697。</p><p>2. 功效认证：广州质量监督检测研究院检测，56天，含水量增加14%，弹性增加8%，皱纹减少8%。</p><p>3. 奖项：中国主流女性消费者口碑美容大赏-最具潜力眼霜新品奖</p><p><br/></p>');
INSERT INTO `jk_shop_goods` VALUES (819, '11047019', '丸美纯白淡黑眼霜加爱礼盒', '338.00', 73, 1, '<p><span style=\"font-family: 微软雅黑, sans-serif; font-size: 16px;\">丸美纯白淡黑眼霜加爱礼盒 &nbsp; &nbsp; &nbsp; &nbsp;&nbsp;礼盒价：338元</span></p><p><span style=\"font-family: 微软雅黑, sans-serif; font-size: 10px;\">WHITE PURE DARK CIRCLE FADING CREAM ADD LOVE GIFT</span></p><p><span style=\"font-family: 微软雅黑, sans-serif; font-size: 16px;\">&nbsp;</span></p><p><span style=\"font-family: 微软雅黑, sans-serif; font-size: 16px;\">丸美白色之恋纯白淡黑眼霜&nbsp;&nbsp; 净含量：20g &nbsp; &nbsp; &nbsp; &nbsp; &nbsp; &nbsp; &nbsp; &nbsp; &nbsp; &nbsp; &nbsp;&nbsp;丸美白色之恋纯白淡黑眼霜&nbsp;&nbsp; 净含量：5gx3</span></p><p><span style=\"font-family: 微软雅黑, sans-serif; font-size: 10px;\">LOVE IN WHITE PURE DARK CIRCLE FADING CREAM &nbsp; &nbsp; &nbsp; &nbsp; &nbsp; &nbsp; &nbsp; &nbsp; &nbsp; &nbsp; &nbsp; &nbsp; &nbsp;&nbsp;<span style=\"font-family: 微软雅黑, sans-serif;\">LOVE IN WHITE PURE DARK CIRCLE FADING CREAM</span></span></p><p><span style=\"font-family: 微软雅黑, sans-serif; font-size: 16px;\">&nbsp;</span></p><p><span style=\"font-size: 16px;\"><strong><span style=\"font-family: 微软雅黑, sans-serif;\">专为眼周不畅而生。如手心的温度，令眼周光彩透亮，重新焕活眼周，更快淡化眼周黑。同时针对茶色和青色的眼周黯黑。精选醒活功效的茶精华，运用渗入式包裹技术，包裹名贵乳香活性精粹。保存更强大的乳香活性，达到更深入的吸收力，拥有更佳眼周淡黑功效。日本VC-IP（抗坏血酸四异棕榈酸酯），更温柔淡化眼周斑，焕现明亮眼周。温柔亲肤，畅享丝滑眼周肌。</span></strong><br/></span></p><p><span style=\"font-family: 微软雅黑, sans-serif; font-size: 16px;\"><br/></span></p><p><span style=\"font-family: 微软雅黑, sans-serif; font-size: 16px;\">使用方法：每日早晚各使用一次。取适量眼霜，用无名指由内至外均匀涂抹于眼周，稍加按摩后，感受舒适的温感，涂抹时请注意勿入眼。</span></p><p><span style=\"font-family: 微软雅黑, sans-serif; font-size: 16px;\">&nbsp;</span></p><p><span style=\"font-family: 微软雅黑, sans-serif; font-size: 16px;\">委托方：广东丸美生物技术股份有限公司</span></p><p><span style=\"font-family: 微软雅黑, sans-serif; font-size: 16px;\">委托方地址：广州高新技术产业开发区科学城伴河路92号2号楼</span></p><p><span style=\"font-family: 微软雅黑, sans-serif; font-size: 16px;\">受托方：广州丸美生物科技有限公司</span></p><p><span style=\"font-family: 微软雅黑, sans-serif; font-size: 16px;\">受托方地址：广州高新技术产业开发区科学城伴河路92号</span></p><p><span style=\"font-family: 微软雅黑, sans-serif; font-size: 16px;\">化妆品生产许可证编号：粤妆20160004</span></p><p><span style=\"font-family: 微软雅黑, sans-serif; font-size: 16px;\">特殊用途化妆品批准文号：国妆特字G20151408</span></p><p><span style=\"font-family: 微软雅黑, sans-serif; font-size: 16px;\">执行标准代号：QB/T 1857</span></p><p><span style=\"font-family: 微软雅黑, sans-serif; font-size: 16px;\">生产批号及限期使用日期（年月日）见包装</span></p><p><span style=\"font-family: 微软雅黑, sans-serif; font-size: 16px;\">产地：广东</span></p><p><span style=\"font-family: 微软雅黑, sans-serif; font-size: 16px;\">注意事项：三岁以下儿童勿用</span></p><p><br/></p>', 1499681797, '', NULL, NULL, 10, NULL, NULL, NULL, NULL);
INSERT INTO `jk_shop_goods` VALUES (820, '11038031', '丸美弹力蛋白凝时眼精华加爱礼盒', '498.00', 73, 1, '<p><span style=\"font-family: 微软雅黑, sans-serif; font-size: 16px; background: white;\">丸美弹力蛋白凝时眼精华加爱礼盒 &nbsp; &nbsp; &nbsp; &nbsp;<span style=\"font-family: 微软雅黑, sans-serif; background: rgb(255, 255, 255);\">礼盒价：498元</span></span></p><p><span style=\"font-family: 微软雅黑, sans-serif; font-size: 10px;\">ELASTIN ANTI-AGING EYE ESSENCE ADD LOVE GIFT</span></p><p><span style=\"font-family: 微软雅黑, sans-serif; font-size: 16px; background: white;\">&nbsp;</span></p><p><br/></p><p><span style=\"font-family: 微软雅黑, sans-serif; font-size: 16px; background: white;\">&nbsp;</span></p><p><span style=\"font-family: 微软雅黑, sans-serif; font-size: 16px;\">丸美弹力蛋白凝时紧致眼精华 &nbsp; &nbsp; &nbsp;净含量：10g+10g </span></p><p><span style=\"font-family: 微软雅黑, sans-serif; font-size: 10px;\">ELASTIN ANTI-AGING FIRMING EYE ESSENCE</span></p><p><span style=\"font-family: 微软雅黑, sans-serif; font-size: 16px;\">&nbsp;</span></p><p><span style=\"font-family: 微软雅黑, sans-serif; font-size: 16px;\">丸美弹力蛋白凝时紧致眼精华&nbsp;&nbsp;&nbsp;&nbsp;&nbsp;&nbsp;&nbsp; 净含量：（3g+3g）x2</span></p><p><span style=\"font-family: 微软雅黑, sans-serif; font-size: 10px;\">ELASTIN ANTI-AGING FIRMING EYE ESSENCE</span></p><p><span style=\"font-family: 微软雅黑, sans-serif; font-size: 16px;\">&nbsp;</span></p><p><span style=\"font-size: 16px;\"><strong><span style=\"font-size: 16px; font-family: 微软雅黑, sans-serif;\">日间：实时提拉，紧致平纹</span></strong></span></p><p><span style=\"font-family: 微软雅黑, sans-serif; font-size: 16px;\">采用提拉紧致技术，清爽柔滑质地。涂抹后，眼周肌肤紧致上扬，年轻更平滑。添加透明质酸钠、水解胶原等多重保湿滋养成分，温柔呵护眼周肌肤，令其绽放年轻光采。</span></p><p><span style=\"font-family: 微软雅黑, sans-serif; font-size: 16px;\">使用方法：取适量日间眼精华点涂于眼周，双手无名指由内眼角向外眼角交替涂抹提拉至7成干，再用无名指向上提拉定于眼尾，至完全吸收即可。</span></p><p><span style=\"font-family: 微软雅黑, sans-serif; font-size: 16px;\">&nbsp;</span></p><p><span style=\"font-size: 16px;\"><strong><span style=\"font-size: 16px; font-family: 微软雅黑, sans-serif;\">夜间：持久淡纹，多效修护</span></strong></span></p><p><span style=\"font-family: 微软雅黑, sans-serif; font-size: 16px;\">浓醇弹润质地，涂抹后，层层提拉紧实，层层修护眼周肌肤。添加可溶性蛋白多糖、水解大豆蛋白、水解胶原等多种保湿滋养成分，能有效改善鱼尾纹、眼周干燥、皱纹等眼周肌肤问题，令其娇嫩平滑、年轻有活力。</span></p><p><span style=\"font-family: 微软雅黑, sans-serif; font-size: 16px;\">使用方法：取适量夜间眼精华点涂于眼周，用双手无名指由内眼角向外眼角交替提拉，涂抹至均匀，再用无名指指腹，以弹钢琴的方式轻拍眼周至完全吸收。</span></p><p><span style=\"font-family: 微软雅黑, sans-serif; font-size: 16px;\">&nbsp;</span></p><p><span style=\"font-family: 微软雅黑, sans-serif; font-size: 16px;\">&nbsp;</span></p><p><span style=\"font-family: 微软雅黑, sans-serif; font-size: 16px;\">委托方：广东丸美生物技术股份有限公司</span></p><p><span style=\"font-family: 微软雅黑, sans-serif; font-size: 16px;\">委托方地址：广州高新技术产业开发区科学城伴河路92号2号楼</span></p><p><span style=\"font-family: 微软雅黑, sans-serif; font-size: 16px;\">受托方：广州丸美生物科技有限公司</span></p><p><span style=\"font-family: 微软雅黑, sans-serif; font-size: 16px;\">受托方地址：广州高新技术产业开发区科学城伴河路92号</span></p><p><span style=\"font-family: 微软雅黑, sans-serif; font-size: 16px;\">化妆品生产许可证编号：粤妆20160004</span></p><p><span style=\"font-family: 微软雅黑, sans-serif; font-size: 16px;\">生产批号及限期使用日期（年月日）见包装</span></p><p><span style=\"font-family: 微软雅黑, sans-serif; font-size: 16px;\">产地：广东</span></p><p><span style=\"font-family: 微软雅黑, sans-serif; font-size: 16px;\">注意事项：三岁以下儿童勿用</span></p><p><span style=\"font-family: 微软雅黑, sans-serif; font-size: 16px;\">&nbsp;</span></p><p><br/></p>', 1499682147, '', NULL, NULL, 10, NULL, NULL, NULL, NULL);
INSERT INTO `jk_shop_goods` VALUES (821, '11054009', '丸美多肽紧眼袋眼精华加爱礼盒', '539.00', 73, 1, '<p><span style=\"font-family: 微软雅黑, sans-serif; font-size: 16px; background: white;\">丸美多肽紧眼袋眼精华加爱礼盒 &nbsp; &nbsp; &nbsp; <span style=\"font-family: 宋体; background: white;\">礼盒价：</span>538<span style=\"font-family: 宋体; background: white;\">元</span></span></p><p><span style=\"font-size: 10px;\"><span style=\"font-family: 微软雅黑, sans-serif; background: white;\">POLYPEPTIDE FIRMING POUCH EYE ESSENCE ADD </span><span style=\"font-family: 微软雅黑, sans-serif;\">LOVE GIFT</span></span></p><p><span style=\"font-family: 微软雅黑, sans-serif; font-size: 16px; background: white;\">&nbsp;</span></p><p><span style=\"font-family: 微软雅黑, sans-serif;\">丸美多肽蛋白提拉眼袋精华液&nbsp;&nbsp;&nbsp; 净含量：20ml &nbsp; &nbsp; &nbsp; &nbsp; &nbsp; &nbsp;&nbsp;<span style=\"font-family: 微软雅黑, sans-serif;\">丸美多肽蛋白提拉眼袋精华液&nbsp;&nbsp;&nbsp; 净含量：5mlx2</span></span><br/></p><p><span style=\"font-family: 微软雅黑, sans-serif; font-size: 10px;\">POLYPEPTIDE PROTEIN LIFTING EYE ESSENCE &nbsp; &nbsp; &nbsp; &nbsp; &nbsp; &nbsp; &nbsp; &nbsp; &nbsp; &nbsp; &nbsp; &nbsp; &nbsp; &nbsp; &nbsp; &nbsp;<span style=\"font-family: 微软雅黑, sans-serif;\">POLYPEPTIDE PROTEIN LIFTING EYE ESSENCE</span></span></p><p><span style=\"font-family: 微软雅黑, sans-serif;\">&nbsp;</span></p><p><span style=\"font-size: 16px;\"><strong><span style=\"font-size: 16px; font-family: 微软雅黑, sans-serif;\">五大多肽，充盈<span style=\"font-family: 微软雅黑, sans-serif; font-size: 16px;\">肌肤不可</span>或缺的胶原蛋白、纤维蛋白，横向紧致眼袋，纵向提拉眼角，焕现眼部上扬角度美。</span></strong></span></p><p><span style=\"font-family: 微软雅黑, sans-serif; font-size: 16px;\">使用方法：于蜜露后， 取黄豆粒大小的量于<span style=\"font-family: 微软雅黑, sans-serif; font-size: 16px;\">无名指上，将精华液均匀点涂于眼部周围至吸收，待全部吸收有明显紧致感后，再涂抹其它</span>产品。后续用按压的方式上妆，以达到更好的提拉定型效果。</span></p><p><span style=\"font-family: 微软雅黑, sans-serif; font-size: 16px;\">&nbsp;</span><span style=\"font-family: 微软雅黑, sans-serif;\">&nbsp;</span></p><p><span style=\"font-family: 微软雅黑, sans-serif; font-size: 16px;\">委托方：广东丸美生物技术股份有限公司</span></p><p><span style=\"font-family: 微软雅黑, sans-serif; font-size: 16px;\">委托方地址：广州高新技术产业开发区科学城伴河路92号2号楼</span></p><p><span style=\"font-family: 微软雅黑, sans-serif; font-size: 16px;\">受托方：广州丸美生物科技有限公司</span></p><p><span style=\"font-family: 微软雅黑, sans-serif; font-size: 16px;\">受托方地址：广州高新技术产业开发区科学城伴河路92号</span></p><p><span style=\"font-family: 微软雅黑, sans-serif; font-size: 16px;\">化妆品生产许可证编号：粤妆20160004</span></p><p><span style=\"font-family: 微软雅黑, sans-serif; font-size: 16px;\">执行标准代号：QB/T 2660</span></p><p><span style=\"font-family: 微软雅黑, sans-serif; font-size: 16px;\">生产批号及限期使用日期（年月日）见包装</span></p><p><span style=\"font-family: 微软雅黑, sans-serif; font-size: 16px;\">产地：广东</span></p><p><span style=\"font-family: 微软雅黑, sans-serif; font-size: 16px;\">注意事项：三岁以下儿童勿用</span></p><p><br/></p>', 1499740367, '', NULL, NULL, 10, NULL, NULL, NULL, NULL);
INSERT INTO `jk_shop_goods` VALUES (822, '11039021', '丸美巧克力青春眼乳霜加爱礼盒', '298.00', 73, 1, '<p><span style=\"font-family:; font-size: 16px;\">丸美巧克力青春眼乳霜加爱礼盒&nbsp;&nbsp;&nbsp;&nbsp;&nbsp;&nbsp;&nbsp; <span style=\"font-family:; font-size: 16px;\"><span style=\"font-family: 宋体;\">礼盒价：298元</span></span></span></p><p><span style=\"font-family:; font-size: 10px;\">CHOCOLATE YOUTH EYE CREAM ADD LOVE GIFT</span></p><p><span style=\"font-family:; font-size: 16px;\">&nbsp;</span></p><p><span style=\"color: black; font-family:; font-size: 16px;\">丸美巧克力青春丝滑眼乳霜&nbsp;&nbsp;&nbsp;&nbsp;&nbsp; 净含量：25g&nbsp;&nbsp;&nbsp;&nbsp;&nbsp;&nbsp;&nbsp;&nbsp;&nbsp;&nbsp;&nbsp;&nbsp;&nbsp;&nbsp;&nbsp;&nbsp;&nbsp;&nbsp;&nbsp; 丸美巧克<span style=\"color: black; font-family: 宋体; font-size: 16px;\">力青春丝滑眼乳霜&nbsp;&nbsp;&nbsp;&nbsp;&nbsp; 净含量：5gx3</span></span></p><p><span style=\"color: black; font-family:; font-size: 10px;\">CHOCOLATE SILKY YOUTH EYE CREAM&nbsp;&nbsp;&nbsp;&nbsp;&nbsp;&nbsp;&nbsp;&nbsp;&nbsp;&nbsp;&nbsp;&nbsp;&nbsp;&nbsp;&nbsp;&nbsp;&nbsp;&nbsp;&nbsp;&nbsp;&nbsp;&nbsp;&nbsp;&nbsp;&nbsp;&nbsp;&nbsp;&nbsp;&nbsp;&nbsp;&nbsp;&nbsp;&nbsp;&nbsp;&nbsp;&nbsp;&nbsp;&nbsp;&nbsp;&nbsp;&nbsp;&nbsp;&nbsp;&nbsp;&nbsp;&nbsp;&nbsp;&nbsp;&nbsp;&nbsp;&nbsp;&nbsp;&nbsp;&nbsp;&nbsp;&nbsp;&nbsp;&nbsp;&nbsp;&nbsp;&nbsp;&nbsp;&nbsp;&nbsp;&nbsp;&nbsp;&nbsp;&nbsp;&nbsp;&nbsp;&nbsp;&nbsp;&nbsp;&nbsp;&nbsp;&nbsp; CHOCOLATE SILKY YOUTH EYE CREAM</span></p><p><span style=\"color: black; font-family:; font-size: 16px;\"></span><span style=\"color: black; font-family:; font-size: 16px;\">&nbsp;</span></p><p><span style=\"font-size: 16px;\"><strong><span style=\"color: black; font-family:; font-size: 16px;\">COCOA</span></strong><strong><span style=\"color: black; font-family:; font-size: 16px;\">活性原精华*和ALISTIN活性肽**、长角豆果提取物三重合力，快速吸收至肌底，改善潜在纹、微皱纹、细纹、干纹、干涩、粗糙等潜在老化现象，令眼周肌肤丝般平滑、娇嫩、紧致。融入欧洲七叶树籽提取物，利于为肌肤提供所需营养。融入齿叶乳香提取物，焕亮眼周。丝质乳霜，触肤间带来丝滑质感和触感，更佳的渗透吸收力，悦享肌肤轻盈、清新。</span></strong></span></p><p><span style=\"color: black; font-family:; font-size: 16px;\">使用方法：取适量眼乳霜点涂于眼周，用双手无名指由内眼角向外眼角交替提拉，涂抹至均匀。再用无名指指腹，以弹钢琴的方式轻拍眼周至完全吸收。</span></p><p><span style=\"color: black; font-family:; font-size: 16px;\">&nbsp;</span></p><p><span style=\"font-family:; font-size: 16px;\">委托方：广东丸美生物技术股份有限公司</span></p><p><span style=\"font-family:; font-size: 16px;\">委托方地址：广州高新技术产业开发区科学城伴河路92号2号楼</span></p><p><span style=\"font-family:; font-size: 16px;\">受托方：广州丸美生物科技有限公司</span></p><p><span style=\"font-family:; font-size: 16px;\">受托方地址：广州高新技术产业开发区科学城伴河路92号</span></p><p><span style=\"font-family:; font-size: 16px;\">化妆品生产许可证编号：粤妆20160004</span></p><p><span style=\"font-family:; font-size: 16px;\">执行标准代号：QB/T 1857</span></p><p><span style=\"font-family:; font-size: 16px;\">生产批号及限期使用日期（年月日）见包装</span></p><p><span style=\"font-family:; font-size: 16px;\">产地：广东</span></p><p><span style=\"font-family:; font-size: 16px;\">注意事项：三岁以下儿童勿用</span></p><p><span style=\"font-family:; font-size: 16px;\">&nbsp;</span></p><p>&nbsp;</p>', 1499740714, '', NULL, NULL, 10, NULL, NULL, NULL, NULL);
INSERT INTO `jk_shop_goods` VALUES (823, '11038007', '丸美弹力蛋白凝时紧致BB霜', '308.00', 73, 1, '<p style=\"text-align:center\"><span style=\"font-size:19px;font-family:宋体\">丸美弹力蛋白凝时紧致BB霜</span></p><p style=\"text-align:center;line-height:25px\"><span style=\"font-size:19px;font-family:宋体\">ELASTIN ANTI-AGING FIRMING BB CREAM</span></p><p style=\"text-align:center;line-height:25px\"><span style=\"font-size:19px;font-family:宋体\">净含量：35g&nbsp;&nbsp;&nbsp;&nbsp;&nbsp;&nbsp; </span><span style=\"font-size: 19px;font-family:宋体\">￥308</span></p><p><span style=\"font-size:19px;font-family:宋体\">功效</span></p><p style=\"line-height: 28px\"><span style=\"font-size:19px;font-family:宋体\">拥有精纯弹力保养的轻透粉感<br/>轻透粉感，一抹隐形岁月痕迹<br/> 清爽质地，一抹可隐形干燥、细纹、皱纹等多种肌肤老化痕迹，均匀修正肤色零粉感保湿，不用点，不用拍，一抹修正肤色，尽现年轻无纹美肌。</span></p><p><span style=\"font-size:19px;font-family:宋体\"><br/></span></p><p><span style=\"font-size:19px;font-family:宋体\">主要科技/成分</span></p><p style=\"line-height: 28px\"><span style=\"font-size:19px;font-family:宋体\">水、丁二醇、甘油、碳酸二辛酯、CI 77891、聚二甲基硅氧烷、鲸蜡硬脂基聚二甲基硅氧烷交联聚合物、甘油三（乙基己酸）酯</span></p><p><span style=\"font-size:19px;font-family:宋体\"><br/></span></p><p><span style=\"font-size:19px;font-family:宋体\">使用说明：</span></p><p style=\"line-height: 28px\"><span style=\"font-size:19px;font-family:宋体\">取适量BB霜点涂于面部,五点点开,从T区往双颊涂抹均匀即可。</span></p><p><br/></p>', 1504057283, '', NULL, NULL, 10, NULL, NULL, NULL, NULL);
INSERT INTO `jk_shop_goods` VALUES (824, '11054002', '丸美多肽蛋白提拉蜜露', '￥338.00', 73, 1, '', 1563245411, 'http://p.marubi.cn/backend/Uploads/Video/20190625/5d11ce19a6053.mp4', '/backend/Uploads/Shop/goods/20190625/5d11ce4fe62f2.JPG', '120ml', 1, '120ml', '<p>1. 收敛松弛水滴型毛孔，紧致年轻</p><p>2. 融合多肽，抚平纹路，紧致肌肤，提升轮廓。</p><p><br/></p>', '', '');
INSERT INTO `jk_shop_goods` VALUES (825, '11054004', '丸美多肽蛋白提拉日霜', '428.00', 73, 1, '', 1571640431, 'http://p.marubi.cn/backend/Uploads/Video/20191021/5dad546b8cca3.mp4', '/backend/Uploads/Shop/goods/20191021/5dad541fb2a76.JPG', '', 1, '50g', '<p>1. 深润倍护，巩固轮廓</p><p>2. 日间提拉紧致，滋润干燥肌肤，抚纹焕颜，汲取多种小分子肽及其他精粹成分，润活肌肤，焕发丰润光采。</p><p><br/></p>', '', '<p>1. 专利技术：Matrixyl 3000，专利号：CN&nbsp; 1893911A；Pharconix&nbsp; CTP(BG)，专利号：JP4336486B2；3.ARGIRELINE SOLUTION C</p><p>,专利号：US7,015&nbsp; 192 B1；SYN-COLL,PCT专利，专利号：US&nbsp; 8,772,852,&nbsp; B2</p><p><br/></p>');
INSERT INTO `jk_shop_goods` VALUES (826, '11054005', '丸美多肽蛋白提拉晚霜', '￥488.00', 73, 1, '', 1563245618, 'http://p.marubi.cn/backend/Uploads/Video/20190626/5d12e1079dbff.mp4', '/backend/Uploads/Shop/goods/20190626/5d12e1148d4c1.JPG', '50g', 1, '50g', '<p>1. 深彻修护，巩固轮廓</p><p>2. 特别添加赤芝提取物、牛油果树果脂、水解胶原、茶提取物，润养修护，抵御老化。融合多肽，横紧竖提巩固肌肤年轻轮廓。</p><p><br/></p>', '', '');
INSERT INTO `jk_shop_goods` VALUES (827, '11054006', '丸美多肽蛋白提拉精华乳', '￥518.00', 73, 1, '', 1563245600, 'http://p.marubi.cn/backend/Uploads/Video/20190626/5d12dff4e2389.mp4', '/backend/Uploads/Shop/goods/20190626/5d12e01c3c8f7.JPG', '', 1, '30g', '<p>1.横向紧致去皱，纵向提拉轮廓</p><p>2. 融合多肽，提升下垂的苹果肌和下颌肌，令肌肤弹润饱满。</p><p><br/></p>', '', '');
INSERT INTO `jk_shop_goods` VALUES (828, '11054001', '丸美多肽蛋白提拉洁面乳', '288.00', 73, 1, '', 1551688427, '', NULL, '', 1, '120g', '', '', NULL);
INSERT INTO `jk_shop_goods` VALUES (829, '11047007', '丸美白色之恋纯白淡斑夜霜', '￥368.00', 73, 1, '', 1563245672, 'http://p.marubi.cn/backend/Uploads/Video/20190626/5d130d0363579.mp4', '/backend/Uploads/Shop/goods/20190626/5d130d2613f33.JPG', '50g', 1, '50g', '<p>1.淡化表皮斑，防范深层斑</p><p>2. 美国白藜芦醇融入日本纤细老鹤草提取物，让肌肤纯白，更淡斑；夜晚黄金时间，淡斑更有效。</p><p><br/></p>', '', '<p>1. 专利技术：日本双项专利VC-IP；美国专利白藜芦醇（专利号：7253324 B1）；日本专利纤细老鹤草（特许第4033808号）。</p><p>2. 功效认证：广州质量监督检测研究院检测，持续使用8周，美白有效率高达81.25%，黄气、黯沉明显改善。</p><p><br/></p>');
INSERT INTO `jk_shop_goods` VALUES (830, '11047006', '丸美白色之恋纯白霜', '288.00', 73, 1, '<p style=\"text-align:center\"><span style=\"font-size:19px;font-family:宋体\">丸美白色之恋纯白霜</span></p><p style=\"text-align:center;line-height:25px\"><span style=\"font-size:19px;font-family:宋体\">LOVE IN WHITE PURE CREAM</span></p><p style=\"text-align:center;line-height:25px\"><span style=\"font-size:19px;font-family:宋体\">净含量：50g&nbsp; </span><span style=\"font-size:19px;font-family:宋体\">￥288</span></p><p><span style=\"font-size:19px;font-family:宋体\">功效</span></p><p style=\"line-height: 28px\"><span style=\"font-size:19px;font-family:宋体\">特殊用途化妆品批准文号：国妆特字G20152111<br/> 同时破译：黯沉，肤色不均，黄气，令肌肤散发透亮，红润，匀净的灵动纯白。<br/> <br/> 浓醇润养，丰盈饱满<br/> 浓醇质地，丰厚精粹给干渴的肌肤浓纯润养，加速修护细纹、干纹、松弛等老化迹象，肌肤丰盈饱满。</span></p><p><span style=\"font-size:19px;font-family:宋体\">主要科技/成分</span></p><p style=\"line-height: 28px\"><span style=\"font-size:19px;font-family:宋体\">甲基丙二醇、异壬酸异壬酯、环五聚二甲基硅氧烷等</span></p><p><span style=\"font-size:19px;font-family:宋体\">使用说明：</span></p><p><span style=\"font-size:19px;font-family:宋体\"><br/> </span><span style=\"font-size:19px;font-family:宋体\">取适量点涂于，额部、鼻部、双颊和下巴，由内至外，由下至上涂抹均匀即可。</span></p><p><br/></p>', 1504057988, '', NULL, NULL, 10, NULL, NULL, NULL, NULL);
INSERT INTO `jk_shop_goods` VALUES (831, '11047003', '丸美白色之恋纯白露', '258.00', 73, 1, '', 1571639941, 'http://p.marubi.cn/backend/Uploads/Video/20191021/5dad527faad50.mp4', '/backend/Uploads/Shop/goods/20191021/5dad527420bb7.JPG', '', 1, '120ml', '<p>1. 饱饮技术，吸收源源不断</p><p>2. 来自日本的核心美白成分，质地轻盈，连续使用不黏腻，有效淡化肌肤暗沉，维持肌肤年轻状态。</p><p><br/></p>', '', '<p>1. 专利技术：日本双项专利VC-IP，专利号：特许第3253735号，特许第4574384号。</p>');
INSERT INTO `jk_shop_goods` VALUES (832, '11042003', '丸美雪绒花纯净保湿咕嘟咕嘟菁华露', '￥268.00', 73, 1, '', 1563245636, 'http://p.marubi.cn/backend/Uploads/Video/20190626/5d12e21840a39.mp4', '/backend/Uploads/Shop/goods/20190626/5d12e23cefb0a.JPG', '80ml', 1, '80ml', '<p>1. 化妆水+精华，双效合一，一触精华咕嘟喷涌</p><p>2. 双项科研技术，瑞士Pentavitin锁水磁石技术有效保湿，雪绒花抗污染保护系统由外保护，纯净、剔透、健康和水润。</p><p><br/></p>', '', '<p>1. 专利技术：卤虫提取物，专利号EP1480610；木槿树皮提取物，专利号EP 1 485 064 B1；高良姜叶提取物，专利号US 20070184012 A1。</p><p>2. 无添加矿物油、人工色素</p><p><br/></p>');
INSERT INTO `jk_shop_goods` VALUES (833, '11039004', '巧克力青春丝滑毛孔隐形精华露', '￥308.00', 73, 1, '', 1563245783, 'http://p.marubi.cn/backend/Uploads/Video/20190626/5d130bfca5407.mp4', '/backend/Uploads/Shop/goods/20190626/5d130bff57a91.JPG', '', 1, '35ml', '<p>1.清零无孔不入，年轻就是零瑕疵</p><p>2. 锡兰肉桂树皮提取物，深透洁净毛孔；药用层孔菌提取物，隐形毛孔；COCOA活性原精华和ALISTIN活性肽双重合力，改善潜在老化，减少粗糙。</p><p><br/></p>', '', '<p>1. 专利技术：法国COCOA（欧盟细胞培养专利技术），专利号EP 1485&nbsp; 064 B1；法国ALISTIN活性肽，专利号WO 94/19325；法国AQUA-OSMOLINE，专利号FR 2954697。</p><p>2. 功效认证：广州质量监督检测研究院检测，56天，纹理减淡，弹性增加，水分饱满，年轻丝滑可触可见。</p><p><br/></p>');
INSERT INTO `jk_shop_goods` VALUES (834, '11039008', '巧克力青春丝滑睡眠面膜', '208.00', 73, 1, '<p style=\"text-align:center\"><span style=\"font-size:19px;font-family:宋体\">巧克力青春丝滑睡眠面膜</span></p><p style=\"text-align:center;line-height:25px\"><span style=\"font-size:19px;font-family:宋体\">CHOCOLATE SILKY YOUTH BEDTIME MASK</span></p><p style=\"text-align:center;line-height:25px\"><span style=\"font-size:19px;font-family:宋体\">净含量：120g&nbsp;&nbsp; </span><span style=\"font-size:19px;font-family:宋体\">￥208</span></p><p><span style=\"font-size:19px;font-family:宋体\">功效</span></p><p style=\"line-height: 28px\"><span style=\"font-size:19px;font-family:宋体\">「活性透气膜」一次2g，一瓶深护60次<br/> 密集修护潜在老化，均匀肤色，降低肌肤粗糙度毛孔明显度。<br/>整夜锁住活性，透气更舒适<br/> 活性透气膜体不仅能整夜紧锁有效成分的活性，夜不停顿的修护肌肤，其透气的膜体，更带来整夜轻盈的舒适愉悦，第二天醒来尽享丝般美妙。浓缩配方，如膏霜般薄涂，每次2g，一瓶深护60次。</span></p><p><span style=\"font-size:19px;font-family:宋体\"><br/></span></p><p><span style=\"font-size:19px;font-family:宋体\">主要科技/成分</span></p><p style=\"line-height: 28px\"><span style=\"font-size:19px;font-family:宋体\">水、甘油、澳洲坚果（MACADAMIA TERNIFOLIA）籽油、丁二醇、辛酸/癸酸甘油三酯、北美金缕梅（HAMAMELIS VIRGINIANA）提取物等</span></p><p><span style=\"font-size:19px;font-family:宋体\"><br/></span></p><p><span style=\"font-size:19px;font-family:宋体\">使用说明：</span></p><p><span style=\"font-size:19px;font-family:宋体\"> 1.</span><span style=\"font-size:19px;font-family:宋体\">取2克，约两粒蚕豆大小睡眠面膜于掌心。<br/> 2.由脸部中央由内向外，自下向上涂抹均匀。<br/> 3.吸收后即可入睡，第二天清晨清水洗净即可。<br/> 每周2至3次，肌肤状态特别差时可连续每天使用。每次仅需2g，一瓶可用60次 。</span></p><p><br/></p>', 1504059012, '', NULL, NULL, 10, NULL, NULL, NULL, NULL);
INSERT INTO `jk_shop_goods` VALUES (835, '11034002', '丸美BB新肌嫩肤露', '118', 73, 1, '<div class=\"info_section\" style=\"margin-bottom: 36px; color: rgb(34, 34, 34); font-family: &#39;Helvetica Neue&#39;, &#39;Hiragino Sans GB&#39;, &#39;Microsoft YaHei&#39;, 黑体, Arial, sans-serif; font-size: 14px; line-height: 22.4px; white-space: normal; background-color: rgb(255, 255, 255);\"><div class=\"info_section_bd\"><div class=\"group\" style=\"margin-bottom: 15px;\"><p><span style=\"font-family: 宋体, SimSun; font-size: 14px;\">丸美BB新肌嫩肤露</span></p><p><span style=\"font-family: 宋体, SimSun; font-size: 14px;\"><br/></span></p><p><span style=\"font-family: 宋体, SimSun; font-size: 14px;\">建议零售价 &nbsp;</span><span style=\"font-family: 宋体, SimSun;\">118.00元 &nbsp; &nbsp;<label for=\"\" style=\"white-space: normal;\"><span style=\"font-family: 宋体, SimSun; font-size: 14px;\">产品规格</span></label><span style=\"font-family: 宋体, SimSun; font-size: 14px;\">&nbsp; &nbsp;&nbsp;</span><span style=\"font-family: 宋体, SimSun; font-size: 14px;\">100ml</span></span></p><p><label for=\"\" style=\"font-family: sans-serif; font-size: 16px;\"><span style=\"font-family: 宋体, SimSun; font-size: 14px;\">产品功效</span></label><span style=\"font-family: 宋体, SimSun;\">&nbsp;</span></p><p><span style=\"font-family: 宋体, SimSun;\">温和调理肌肤角质层，时刻展现光滑细嫩</span></p><p><label for=\"\" style=\"font-family: sans-serif; font-size: 16px;\"><span style=\"font-family: 宋体, SimSun; font-size: 14px;\">使用方法</span></label><span style=\"font-family: 宋体, SimSun;\">&nbsp;</span></p><p><span style=\"font-family: 宋体, SimSun;\">早、晚洁肤后，取适量嫩肤露充分浸透化妆棉，将浸透的化妆棉从下往上顺着肌肤纹理轻柔涂抹面部和颈部至吸收</span></p></div></div></div><p><br/></p>', 1532414949, '', NULL, '', 10, NULL, NULL, NULL, NULL);
INSERT INTO `jk_shop_goods` VALUES (836, '11034008', '丸美眼部多元修护精华素', '188.00', 73, 1, '', 1571640625, 'http://p.marubi.cn/backend/Uploads/Video/20191021/5dad552e06a57.mp4', '/backend/Uploads/Shop/goods/20191021/5dad54fe276bb.JPG', '', 1, '15ml', '<p>1. 预防脂肪粒，促进吸收</p><p>2. 人参果提取物融合卤虫提取物活性能量，打开眼部肌肤吸收动力和任一款眼部护理产品搭配使用，功效加倍。</p><p><br/></p>', '', '');
INSERT INTO `jk_shop_goods` VALUES (837, '11038008', '丸美弹力蛋白凝时紧致眼膜', '438.00', 73, 1, '<p><span style=\"font-family: 宋体, SimSun; font-size: 14px;\">丸美弹力蛋白凝时紧致眼膜</span></p><p><label for=\"\"><span style=\"font-family: 宋体, SimSun; font-size: 14px;\"><br/></span></label></p><p><label for=\"\"><span style=\"font-family: 宋体, SimSun; font-size: 14px;\">产品价格</span></label><span style=\"font-family: 宋体, SimSun; font-size: 14px;\">&nbsp;</span><span style=\"font-family: 宋体, SimSun; font-size: 14px;\">438元 &nbsp;&nbsp;</span><label for=\"\"><span style=\"font-family: 宋体, SimSun; font-size: 14px;\">产品规格</span></label><span style=\"font-family: 宋体, SimSun; font-size: 14px;\">&nbsp;</span><span style=\"font-family: 宋体, SimSun; font-size: 14px;\">25g</span></p><p><label for=\"\"><span style=\"font-family: 宋体, SimSun; font-size: 14px;\"><br/></span></label></p><p><label for=\"\"><span style=\"font-family: 宋体, SimSun; font-size: 14px;\">产品功效</span></label><span style=\"font-family: 宋体, SimSun; font-size: 14px;\">&nbsp;</span></p><p><span style=\"font-family: 宋体, SimSun; font-size: 14px;\">1天1次，7天密集赋弹</span></p><p><label for=\"\"><span style=\"font-family: 宋体, SimSun; font-size: 14px;\"><br/></span></label></p><p><label for=\"\"><span style=\"font-family: 宋体, SimSun; font-size: 14px;\">使用手法</span></label><span style=\"font-family: 宋体, SimSun; font-size: 14px;\">&nbsp;</span></p><p><span style=\"font-family: 宋体, SimSun; font-size: 14px;\">取适量点涂眼周，涂抹薄薄一层，第二天起来清洗干净即可。当眼部状态很差的时候，连续7天密集使用，日常护理，一周2-3次。</span></p><p><br/></p>', 1505199959, '', NULL, NULL, 10, NULL, NULL, NULL, NULL);
INSERT INTO `jk_shop_goods` VALUES (838, '11034003', '丸美BB新肌活肤乳', '148.00', 73, 1, '<div class=\"group\" style=\"margin-bottom: 15px; color: rgb(34, 34, 34); font-family: &#39;Helvetica Neue&#39;, &#39;Hiragino Sans GB&#39;, &#39;Microsoft YaHei&#39;, 黑体, Arial, sans-serif; font-size: 14px; line-height: 22.4px; white-space: normal; background-color: rgb(255, 255, 255);\"><p><span style=\"font-family: 宋体, SimSun; font-size: 14px;\">丸美BB新肌活肤乳</span></p></div><p><label for=\"\"><span style=\"font-family: 宋体, SimSun; font-size: 14px;\">产品价格</span></label><span style=\"font-family: 宋体, SimSun; font-size: 14px;\">&nbsp;</span><span style=\"font-family: 宋体, SimSun; font-size: 14px;\">148元 &nbsp;&nbsp;</span><label for=\"\"><span style=\"font-family: 宋体, SimSun; font-size: 14px;\">产品规格</span></label><span style=\"font-family: 宋体, SimSun; font-size: 14px;\">&nbsp;</span><span style=\"font-family: 宋体, SimSun; font-size: 14px;\">80ml</span></p><p><label for=\"\"><span style=\"font-family: 宋体, SimSun; font-size: 14px;\"><br/></span></label></p><p><label for=\"\"><span style=\"font-family: 宋体, SimSun; font-size: 14px;\">产品功效</span></label><span style=\"font-family: 宋体, SimSun; font-size: 14px;\">&nbsp;</span></p><p><span style=\"font-family: 宋体, SimSun; font-size: 14px;\">鲜活能量，水润保湿</span></p><p><label for=\"\"><span style=\"font-family: 宋体, SimSun; font-size: 14px;\"><br/></span></label></p><p><label for=\"\"><span style=\"font-family: 宋体, SimSun; font-size: 14px;\">使用方法</span></label><span style=\"font-family: 宋体, SimSun; font-size: 14px;\">&nbsp;</span></p><p><span style=\"font-family: 宋体, SimSun; font-size: 14px;\">取适量活肤乳于掌心，用指腹由内而外均匀涂抹面部至吸收。颈部以从下往上的方式涂抹均匀。</span></p><p><br/></p>', 1505200082, '', NULL, NULL, 10, NULL, NULL, NULL, NULL);
INSERT INTO `jk_shop_goods` VALUES (839, '11047004', '丸美纯色之恋光透精华液', '398.00', 73, 1, '', 1571622209, '', '', '', 1, '30ml', '<p>1. 一触点亮肌肤光采</p><p>2. 添加7种植物提取组合专利成分，有效舒缓肌肤；添加寡肽复合物，修护肌肤；轻盈的浓稠精华，呵护肌肤，改善面部暗沉。</p><p><br/></p>', '', '<p>1. 专利技术：MultiEx&nbsp; BSASM 发明专利，专利号：KR 10-08 12596&nbsp; B1</p>');
INSERT INTO `jk_shop_goods` VALUES (840, '11034001', '丸美BB新肌洁面乳', '98.00', 73, 1, '<div class=\"group\" style=\"margin-bottom: 15px; color: rgb(34, 34, 34); font-family: &#39;Helvetica Neue&#39;, &#39;Hiragino Sans GB&#39;, &#39;Microsoft YaHei&#39;, 黑体, Arial, sans-serif; font-size: 14px; line-height: 22.4px; white-space: normal; background-color: rgb(255, 255, 255);\"><p><span style=\"font-family: 宋体, SimSun; font-size: 14px;\">丸美BB新肌洁面乳</span></p></div><p><label for=\"\"><span style=\"font-family: 宋体, SimSun; font-size: 14px;\">产品价格&nbsp;</span></label><span style=\"font-family: 宋体, SimSun; font-size: 14px;\">98元 &nbsp;</span><label for=\"\"><span style=\"font-family: 宋体, SimSun; font-size: 14px;\">产品规格</span></label><span style=\"font-family: 宋体, SimSun; font-size: 14px;\">&nbsp;</span><span style=\"font-family: 宋体, SimSun; font-size: 14px;\">120g</span></p><p><label for=\"\"><span style=\"font-family: 宋体, SimSun; font-size: 14px;\"><br/></span></label></p><p><label for=\"\"><span style=\"font-family: 宋体, SimSun; font-size: 14px;\">产品功效</span></label><span style=\"font-family: 宋体, SimSun; font-size: 14px;\">&nbsp;</span></p><p><span style=\"font-family: 宋体, SimSun; font-size: 14px;\">温和清洁，平衡水油</span></p><p><label for=\"\"><span style=\"font-family: 宋体, SimSun; font-size: 14px;\"><br/></span></label></p><p><label for=\"\"><span style=\"font-family: 宋体, SimSun; font-size: 14px;\">使用方法</span></label><span style=\"font-family: 宋体, SimSun; font-size: 14px;\">&nbsp;</span></p><p><span style=\"font-family: 宋体, SimSun; font-size: 14px;\">早、晚先湿润面部，取适量洁面乳于掌心，加少量清水稍加揉搓，以打圈方式对面部进行清洁，后用清水洗净即可。</span></p><p><br/></p>', 1505200367, '', NULL, NULL, 10, NULL, NULL, NULL, NULL);
INSERT INTO `jk_shop_goods` VALUES (841, '11047014', '丸美丸美纯色之恋柔光素颜霜', '318.00', 73, 1, '<p><span style=\"font-size: 14px; font-family: 宋体, SimSun;\">丸美丸美纯色之恋柔光素颜霜</span></p><p><span style=\"font-size: 14px; font-family: 宋体, SimSun;\"><br/></span></p><p><span style=\"font-size: 14px; font-family: 宋体, SimSun;\">产品规格：50g &nbsp; 产品价格：318元</span></p><p><span style=\"font-size: 14px; font-family: 宋体, SimSun;\"><br/></span></p><p><span style=\"font-size: 14px; font-family: 宋体, SimSun;\">主要功效：一抹柔光，美肌焕颜，深层润养，防护外界刺激，亮肤不干燥。自然隐匿毛孔细纹，配合洁面产品即可轻松清洗，无需卸妆。</span></p><p><span style=\"font-size: 14px; font-family: 宋体, SimSun;\"><br/></span></p><p><span style=\"font-size: 14px; font-family: 宋体, SimSun;\">适合肤质：适用于需要隐匿细纹与毛孔、追求裸妆效果同时能滋养肌肤等人群。</span></p><p><br/></p>', 1505201313, '', NULL, NULL, 10, NULL, NULL, NULL, NULL);
INSERT INTO `jk_shop_goods` VALUES (842, '11054007', '丸美多肽蛋白提拉眼袋精华液', '￥538.00', 73, 1, '', 1563245370, 'http://p.marubi.cn/backend/Uploads/Video/20190625/5d11c9803d89a.mp4', '/backend/Uploads/Shop/goods/20190625/5d11c9b1c0187.JPG', '20ml', 1, '20ml', '<p>1. 去眼袋，提眼角</p><p>2. 五大多肽，充盈肌肤不可或缺的胶原蛋白、纤维蛋白，横向紧致眼袋，纵向提拉眼角，焕现眼部上扬角度美。</p><p><br/></p>', '', '<p>奖项：美容口碑奖之口碑眼部护理奖，蓝玫奖之“年度科技创新奖”</p>');
INSERT INTO `jk_shop_goods` VALUES (843, '11054003', '丸美多肽蛋白提拉乳', '458.00', 73, 1, '', 1571640508, 'http://p.marubi.cn/backend/Uploads/Video/20191021/5dad54b9066a6.mp4', '/backend/Uploads/Shop/goods/20191021/5dad548480f06.JPG', '', 1, '100g', '<p>1. 轻盈润养，巩固轮廓</p><p>2. 特别添加赤芝提取物、水解胶原，轻盈润养，预防下垂。融合多肽，横紧竖提，巩固肌肤年轻轮廓。</p><p><br/></p>', '<p>早、晚于精华乳后，取适量提拉乳于掌心，用指腹由内而外均匀涂抹面部至吸收。颈部以由下往上的方式涂抹均匀至吸收。</p>', '<p>1. 专利技术：Matrixyl 3000，专利号：CN&nbsp; 1893911A；Pharconix&nbsp; CTP(BG)，专利号：JP4336486B2</p>');
INSERT INTO `jk_shop_goods` VALUES (844, '11047010', '丸美白色之恋骄阳防晒乳', '198.00', 73, 1, '<div class=\"info_section\" style=\"margin-bottom: 36px; color: rgb(34, 34, 34); font-size: 14px; line-height: 22.4px; white-space: normal; background-color: rgb(255, 255, 255);\"><div class=\"info_section_bd\"><div class=\"group\" style=\"font-family: &#39;Helvetica Neue&#39;, &#39;Hiragino Sans GB&#39;, &#39;Microsoft YaHei&#39;, 黑体, Arial, sans-serif; margin-bottom: 15px;\"><p><span style=\"font-family: 宋体, SimSun; font-size: 14px;\">丸美白色之恋骄阳防晒乳</span></p><p><label for=\"\" style=\"font-family: sans-serif; font-size: 16px;\"><span style=\"font-family: 宋体, SimSun; font-size: 14px;\"><br/></span></label></p><p><label for=\"\" style=\"font-family: sans-serif; font-size: 16px;\"><span style=\"font-family: 宋体, SimSun; font-size: 14px;\">建议零售价</span></label><span style=\"font-family: 宋体, SimSun;\">&nbsp;</span><span style=\"font-family: 宋体, SimSun;\">198.00元 &nbsp;&nbsp;</span><label for=\"\" style=\"font-family: sans-serif; font-size: 16px;\"><span style=\"font-family: 宋体, SimSun; font-size: 14px;\">产品规格</span></label><span style=\"font-family: 宋体, SimSun;\">&nbsp;</span><span style=\"font-family: 宋体, SimSun;\">50g</span></p><p><label for=\"\" style=\"font-family: sans-serif; font-size: 16px;\"><span style=\"font-family: 宋体, SimSun; font-size: 14px;\"><br/></span></label></p><p><label for=\"\" style=\"font-family: sans-serif; font-size: 16px;\"><span style=\"font-family: 宋体, SimSun; font-size: 14px;\">产品功效</span></label><span style=\"font-family: 宋体, SimSun;\">&nbsp;</span></p><p><span style=\"font-family: 宋体, SimSun;\">防水抗汗，丸美油包水清爽透气配方体系，于皮肤形成一道透气而严密的抗水抗汗薄膜，有效防水耐汗，阻隔紫外线，增强防晒效果</span></p></div></div></div><p><br/></p>', 1505702501, '', NULL, NULL, 10, NULL, NULL, NULL, NULL);
INSERT INTO `jk_shop_goods` VALUES (845, '11042004', '丸美雪绒花纯净保湿柔肤水', '198.00', 73, 1, '<div class=\"info_section\" style=\"margin-bottom: 36px; color: rgb(34, 34, 34); font-family: &#39;Helvetica Neue&#39;, &#39;Hiragino Sans GB&#39;, &#39;Microsoft YaHei&#39;, 黑体, Arial, sans-serif; font-size: 14px; line-height: 22.4px; white-space: normal; background-color: rgb(255, 255, 255);\"><div class=\"info_section_bd\"><p><span style=\"font-family: 宋体, SimSun;\">&nbsp;</span></p><p><span style=\"font-family: 宋体, SimSun;\">丸美雪绒花纯净保湿柔肤水</span></p><p><span style=\"line-height: 22.4px;\"><br/></span></p><p><label for=\"\" style=\"font-family: sans-serif; font-size: 16px;\"><span style=\"font-family: 宋体, SimSun;\">产品价格</span></label><span style=\"font-size: 16px; font-family: 宋体, SimSun;\">&nbsp;</span><span style=\"font-family: 宋体, SimSun; font-size: 16px;\">198元 &nbsp;&nbsp;</span><label for=\"\" style=\"line-height: 22.4px; font-family: sans-serif; font-size: 16px;\"><span style=\"font-family: 宋体, SimSun;\">产品规格</span></label><span style=\"line-height: 22.4px; font-size: 16px; font-family: 宋体, SimSun;\">&nbsp;</span><span style=\"font-family: 宋体, SimSun; font-size: 16px;\">190ml</span></p><p><label for=\"\" style=\"font-family: sans-serif; font-size: 16px;\"><span style=\"font-family: 宋体, SimSun;\"><br/></span></label></p><p><label for=\"\" style=\"font-family: sans-serif; font-size: 16px;\"><span style=\"font-family: 宋体, SimSun;\">产品功效</span></label><span style=\"font-size: 16px; font-family: 宋体, SimSun;\">&nbsp;</span></p><p><span style=\"font-family: 宋体, SimSun; font-size: 16px;\">深透净澈,鲜嫩明净</span></p><p><label for=\"\" style=\"font-family: sans-serif; font-size: 16px;\"><span style=\"font-family: 宋体, SimSun;\"><br/></span></label></p><p><label for=\"\" style=\"font-family: sans-serif; font-size: 16px;\"><span style=\"font-family: 宋体, SimSun;\">使用方法</span></label><span style=\"font-size: 16px; font-family: 宋体, SimSun;\">&nbsp;</span></p><p><span style=\"font-family: 宋体, SimSun; font-size: 16px;\">浸透化妆棉后，由内至外，由下至上，均匀涂抹全面及颈部肌肤即可。</span></p></div></div><p><br/></p>', 1505702634, '', NULL, NULL, 10, NULL, NULL, NULL, NULL);
INSERT INTO `jk_shop_goods` VALUES (846, '11029018', ' 丸美巧克力丝滑洁面乳', '148.00', 73, 1, '<p><span style=\"font-family: 宋体, SimSun; font-size: 14px;\">&nbsp;</span></p><p><span style=\"font-family: 宋体, SimSun; font-size: 14px;\">丸美巧克力丝滑洁面乳</span></p><p><label for=\"\"><span style=\"font-family: 宋体, SimSun; font-size: 14px;\"><br/></span></label></p><p><label for=\"\"><span style=\"font-family: 宋体, SimSun; font-size: 14px;\">产品价格</span></label><span style=\"font-family: 宋体, SimSun; font-size: 14px;\">&nbsp;</span><span style=\"font-family: 宋体, SimSun; font-size: 14px;\">148元 &nbsp;&nbsp;</span><label for=\"\"><span style=\"font-family: 宋体, SimSun; font-size: 14px;\">产品规格</span></label><span style=\"font-family: 宋体, SimSun; font-size: 14px;\">&nbsp;</span><span style=\"font-family: 宋体, SimSun; font-size: 14px;\">120g</span></p><p><span style=\"font-family: 宋体, SimSun; font-size: 14px;\"><br/></span></p><p><label for=\"\"><span style=\"font-family: 宋体, SimSun; font-size: 14px;\">产品功效</span></label><span style=\"font-family: 宋体, SimSun; font-size: 14px;\">&nbsp;</span></p><p><span style=\"font-family: 宋体, SimSun; font-size: 14px;\">洁净毛孔 丝滑清爽&nbsp;</span></p><p><br/></p>', 1505703613, '', NULL, NULL, 10, NULL, NULL, NULL, NULL);
INSERT INTO `jk_shop_goods` VALUES (847, '11027017', '丸美金质弹力蛋白眼精华', '398.00', 73, 1, '<p><span style=\"font-family: 宋体, SimSun; font-size: 14px;\">&nbsp;</span></p><p><span style=\"font-family: 宋体, SimSun; font-size: 14px;\">丸美金质弹力蛋白眼精华</span></p><p><label for=\"\"><span style=\"font-family: 宋体, SimSun; font-size: 14px;\"><br/></span></label></p><p><label for=\"\"><span style=\"font-family: 宋体, SimSun; font-size: 14px;\">产品价格</span></label><span style=\"font-family: 宋体, SimSun; font-size: 14px;\">&nbsp;&nbsp;</span><span style=\"font-family: 宋体, SimSun; font-size: 14px;\">398元 &nbsp;&nbsp;</span><label for=\"\"><span style=\"font-family: 宋体, SimSun; font-size: 14px;\">产品规格</span></label><span style=\"font-family: 宋体, SimSun; font-size: 14px;\">&nbsp;</span><span style=\"font-family: 宋体, SimSun; font-size: 14px;\">18g</span></p><p><label for=\"\"><span style=\"font-family: 宋体, SimSun; font-size: 14px;\"><br/></span></label></p><p><label for=\"\"><span style=\"font-family: 宋体, SimSun; font-size: 14px;\">产品功效</span></label><span style=\"font-family: 宋体, SimSun; font-size: 14px;\">&nbsp;</span></p><p><span style=\"font-family: 宋体, SimSun; font-size: 14px;\">效合一 轻松弹走鱼尾纹</span></p><p><br/></p>', 1505703682, '', NULL, NULL, 10, NULL, NULL, NULL, NULL);
INSERT INTO `jk_shop_goods` VALUES (848, '11029022', '丸美巧克力丝滑日霜', '208.00', 73, 1, '<div class=\"group\" style=\"margin-bottom: 15px; color: rgb(34, 34, 34); font-family: &#39;Helvetica Neue&#39;, &#39;Hiragino Sans GB&#39;, &#39;Microsoft YaHei&#39;, 黑体, Arial, sans-serif; font-size: 14px; line-height: 22.4px; white-space: normal; background-color: rgb(255, 255, 255);\"><p><span style=\"font-family: 宋体, SimSun;\">丸美巧克力丝滑日霜</span></p></div><p><label for=\"\"><span style=\"font-family: 宋体, SimSun;\">产品价格</span></label><span style=\"font-family: 宋体, SimSun;\">&nbsp;</span><span style=\"font-family: 宋体, SimSun;\">208元 &nbsp;&nbsp;</span><label for=\"\"><span style=\"font-family: 宋体, SimSun;\">产品规格</span></label><span style=\"font-family: 宋体, SimSun;\">&nbsp;</span><span style=\"font-family: 宋体, SimSun;\">50g</span></p><p><label for=\"\"><span style=\"font-family: 宋体, SimSun;\"><br/></span></label></p><p><label for=\"\"><span style=\"font-family: 宋体, SimSun;\">产品功效</span></label><span style=\"font-family: 宋体, SimSun;\">&nbsp;</span></p><p><span style=\"font-family: 宋体, SimSun;\">水润护养 丝滑紧致</span></p><p><br/></p>', 1505703760, '', NULL, NULL, 10, NULL, NULL, NULL, NULL);
INSERT INTO `jk_shop_goods` VALUES (849, '11027012', ' 丸美弹力蛋白精华乳', '288.00', 73, 1, '<p><span style=\"font-family: 宋体, SimSun; font-size: 14px;\">&nbsp;</span></p><p><span style=\"font-family: 宋体, SimSun; font-size: 14px;\">丸美弹力蛋白精华乳</span></p><p><label for=\"\"><span style=\"font-family: 宋体, SimSun; font-size: 14px;\"><br/></span></label></p><p><label for=\"\"><span style=\"font-family: 宋体, SimSun; font-size: 14px;\">产品价格</span></label><span style=\"font-family: 宋体, SimSun; font-size: 14px;\">&nbsp;</span><span style=\"font-family: 宋体, SimSun; font-size: 14px;\">288元 &nbsp;&nbsp;</span><label for=\"\"><span style=\"font-family: 宋体, SimSun; font-size: 14px;\">产品规格</span></label><span style=\"font-family: 宋体, SimSun; font-size: 14px;\">&nbsp;</span><span style=\"font-family: 宋体, SimSun; font-size: 14px;\">80g</span></p><p><label for=\"\"><span style=\"font-family: 宋体, SimSun; font-size: 14px;\"><br/></span></label></p><p><label for=\"\"><span style=\"font-family: 宋体, SimSun; font-size: 14px;\">产品功效</span></label><span style=\"font-family: 宋体, SimSun; font-size: 14px;\">&nbsp;</span></p><p><span style=\"font-family: 宋体, SimSun; font-size: 14px;\">丰弹滋养 紧实润肤</span></p><p><br/></p>', 1505703852, '', NULL, NULL, 10, NULL, NULL, NULL, NULL);
INSERT INTO `jk_shop_goods` VALUES (850, '11036030', '丸美双效角质清净凝胶', '110.00', 73, 1, '<div class=\"group\" style=\"margin-bottom: 15px; color: rgb(34, 34, 34); font-family: &#39;Helvetica Neue&#39;, &#39;Hiragino Sans GB&#39;, &#39;Microsoft YaHei&#39;, 黑体, Arial, sans-serif; font-size: 14px; line-height: 22.4px; white-space: normal; background-color: rgb(255, 255, 255);\"><p><span style=\"font-family: 宋体, SimSun; font-size: 14px;\">丸美双效角质清净凝胶</span></p></div><p><label for=\"\"><span style=\"font-family: 宋体, SimSun; font-size: 14px;\">产品价格</span></label><span style=\"font-size: 14px; font-family: 宋体, SimSun;\">&nbsp;110元 &nbsp;&nbsp;</span><label for=\"\"><span style=\"font-family: 宋体, SimSun; font-size: 14px;\">产品规格</span></label><span style=\"font-size: 14px; font-family: 宋体, SimSun;\">&nbsp;75g</span></p><p><label for=\"\"><span style=\"font-family: 宋体, SimSun; font-size: 14px;\"><br/></span></label></p><p><label for=\"\"><span style=\"font-family: 宋体, SimSun; font-size: 14px;\">产品功效</span></label><span style=\"font-family: 宋体, SimSun; font-size: 14px;\">&nbsp;</span></p><p><span style=\"font-family: 宋体, SimSun; font-size: 14px;\">柔化角质 缓解黯沉</span></p><p><br/></p>', 1505703944, '', NULL, NULL, 10, NULL, NULL, NULL, NULL);
INSERT INTO `jk_shop_goods` VALUES (851, '11047011', '丸美白色之恋轻透防晒乳', '188.00', 73, 1, '<div class=\"info_section\" style=\"margin-bottom: 36px; color: rgb(34, 34, 34); font-family: &#39;Helvetica Neue&#39;, &#39;Hiragino Sans GB&#39;, &#39;Microsoft YaHei&#39;, 黑体, Arial, sans-serif; font-size: 14px; line-height: 22.4px; white-space: normal; background-color: rgb(255, 255, 255);\"><div class=\"info_section_bd\"><p><span style=\"font-family: 宋体, SimSun; line-height: 22.4px;\">丸美白色之恋轻透防晒乳</span></p><p><label for=\"\" style=\"font-family: sans-serif; font-size: 16px;\"><span style=\"font-family: 宋体, SimSun; font-size: 14px;\"><br/></span></label></p><p><label for=\"\" style=\"font-family: sans-serif; font-size: 16px;\"><span style=\"font-family: 宋体, SimSun; font-size: 14px;\">建议零售价</span></label><span style=\"font-family: 宋体, SimSun;\">&nbsp;</span><span style=\"font-family: 宋体, SimSun;\">188.00元 &nbsp;&nbsp;</span><label for=\"\" style=\"font-family: sans-serif; font-size: 16px;\"><span style=\"font-family: 宋体, SimSun; font-size: 14px;\">产品规格</span></label><span style=\"font-family: 宋体, SimSun;\">&nbsp;</span><span style=\"font-family: 宋体, SimSun;\">50g</span></p><p><label for=\"\" style=\"font-family: sans-serif; font-size: 16px;\"><span style=\"font-family: 宋体, SimSun; font-size: 14px;\"><br/></span></label></p><p><label for=\"\" style=\"font-family: sans-serif; font-size: 16px;\"><span style=\"font-family: 宋体, SimSun; font-size: 14px;\">产品功效</span></label><span style=\"font-family: 宋体, SimSun;\">&nbsp;</span></p><p><span style=\"font-family: 宋体, SimSun;\">轻薄透气，锁水滋润</span></p></div></div><p><br/></p>', 1505704918, '', NULL, NULL, 10, NULL, NULL, NULL, NULL);
INSERT INTO `jk_shop_goods` VALUES (852, '11042010', '丸美雪绒花纯净保湿随行三件套', '108.00', 73, 1, '<div class=\"group\" style=\"margin-bottom: 15px; color: rgb(34, 34, 34); font-family: &#39;Helvetica Neue&#39;, &#39;Hiragino Sans GB&#39;, &#39;Microsoft YaHei&#39;, 黑体, Arial, sans-serif; font-size: 14px; line-height: 22.4px; white-space: normal; background-color: rgb(255, 255, 255);\"><p><span style=\"font-family: 宋体, SimSun; font-size: 14px;\">丸美雪绒花纯净保湿随行三件套</span></p></div><p><label for=\"\"><span style=\"font-family: 宋体, SimSun; font-size: 14px;\">产品价格</span></label><span style=\"font-size: 14px; font-family: 宋体, SimSun;\">&nbsp;108元 &nbsp;&nbsp;</span><label for=\"\"><span style=\"font-family: 宋体, SimSun; font-size: 14px;\">产品规格</span></label><span style=\"font-family: 宋体, SimSun; font-size: 14px;\">&nbsp;</span><span style=\"font-family: 宋体, SimSun; font-size: 14px;\">5ml+15g+8g</span></p><p><br/></p>', 1505706044, '', NULL, NULL, 10, NULL, NULL, NULL, NULL);
INSERT INTO `jk_shop_goods` VALUES (853, '16000221', '丸美雪绒花纯净保湿小美盒', '128.00', 73, 1, '<p><span style=\"font-family: 宋体, SimSun; font-size: 14px;\">丸美雪绒花纯净保湿小美盒</span></p><p><label for=\"\"><span style=\"font-family: 宋体, SimSun; font-size: 14px;\"><br/></span></label></p><p><label for=\"\"><span style=\"font-family: 宋体, SimSun; font-size: 14px;\">产品价格</span></label><span style=\"font-family: 宋体, SimSun; font-size: 14px;\">&nbsp;</span><span style=\"font-family: 宋体, SimSun; font-size: 14px;\">128元 &nbsp;&nbsp;</span><label for=\"\"><span style=\"font-family: 宋体, SimSun; font-size: 14px;\">产品规格</span></label><span style=\"font-family: 宋体, SimSun; font-size: 14px;\">&nbsp;</span><span style=\"font-family: 宋体, SimSun; font-size: 14px;\">15g+15ml+8g</span></p><p><br/></p>', 1505706126, '', NULL, NULL, 10, NULL, NULL, NULL, NULL);
INSERT INTO `jk_shop_goods` VALUES (854, '16000220', '丸美白色之恋小美盒', '128.00', 73, 1, '<div class=\"group\" style=\"margin-bottom: 15px; color: rgb(34, 34, 34); font-family: &#39;Helvetica Neue&#39;, &#39;Hiragino Sans GB&#39;, &#39;Microsoft YaHei&#39;, 黑体, Arial, sans-serif; font-size: 14px; line-height: 22.4px; white-space: normal; background-color: rgb(255, 255, 255);\"><p><span style=\"font-family: 宋体, SimSun; font-size: 14px;\">丸美白色之恋小美盒</span></p></div><p><label for=\"\"><span style=\"font-family: 宋体, SimSun; font-size: 14px;\">产品价格</span></label><span style=\"font-family: 宋体, SimSun; font-size: 14px;\">&nbsp;</span><span style=\"font-family: 宋体, SimSun; font-size: 14px;\">128元 &nbsp;&nbsp;</span><label for=\"\"><span style=\"font-family: 宋体, SimSun; font-size: 14px;\">产品规格</span></label><span style=\"font-family: 宋体, SimSun; font-size: 14px;\">&nbsp;</span><span style=\"font-family: 宋体, SimSun; font-size: 14px;\">15g+15ml+8g</span></p><p><br/></p>', 1505706184, '', NULL, NULL, 10, NULL, NULL, NULL, NULL);
INSERT INTO `jk_shop_goods` VALUES (855, ' 12000118', '丸美巧克力青春丝滑随行三件套', '108.00', 73, 1, '<p><span style=\"font-family: 宋体, SimSun; font-size: 14px;\">丸美巧克力青春丝滑随行三件套</span></p><p><span style=\"font-family: 宋体, SimSun; font-size: 14px;\"><br/></span></p><p><label for=\"\"><span style=\"font-family: 宋体, SimSun; font-size: 14px;\">产品价格</span></label><span style=\"font-family: 宋体, SimSun; font-size: 14px;\">&nbsp;</span><span style=\"font-family: 宋体, SimSun; font-size: 14px;\">108元 &nbsp;&nbsp;</span><label for=\"\"><span style=\"font-family: 宋体, SimSun; font-size: 14px;\">产品规格</span></label><span style=\"font-family: 宋体, SimSun; font-size: 14px;\">&nbsp;</span><span style=\"font-family: 宋体, SimSun; font-size: 14px;\">15ml+15g+5g</span></p><p><br/></p>', 1505706240, '', NULL, NULL, 10, NULL, NULL, NULL, NULL);
INSERT INTO `jk_shop_goods` VALUES (856, '16000223', '丸美巧克力青春丝滑小美盒', '108.00', 73, 1, '<p><span style=\"font-family: 宋体, SimSun; font-size: 14px;\">丸美巧克力青春丝滑小美盒</span></p><p><label for=\"\"><span style=\"font-family: 宋体, SimSun; font-size: 14px;\"><br/></span></label></p><p><label for=\"\"><span style=\"font-family: 宋体, SimSun; font-size: 14px;\">产品价格</span></label><span style=\"font-family: 宋体, SimSun; font-size: 14px;\">&nbsp;</span><span style=\"font-family: 宋体, SimSun; font-size: 14px;\">108元 &nbsp;&nbsp;</span><label for=\"\"><span style=\"font-family: 宋体, SimSun; font-size: 14px;\">产品规格</span></label><span style=\"font-family: 宋体, SimSun; font-size: 14px;\">&nbsp;</span><span style=\"font-family: 宋体, SimSun; font-size: 14px;\">15g+15ml+8g</span></p><p><br/></p>', 1505706301, '', NULL, NULL, 10, NULL, NULL, NULL, NULL);
INSERT INTO `jk_shop_goods` VALUES (857, '11039005', '丸美巧克力青春丝滑乳', '258.00', 73, 1, '', 1571640555, 'http://p.marubi.cn/backend/Uploads/Video/20191021/5dad54e864973.mp4', '/backend/Uploads/Shop/goods/20191021/5dad54ddb76ef.JPG', '', 1, '145g', '<p>1. 水油平衡 改善粗糙细纹</p><p>2. 丝质乳液，触肤间改善粗糙，感受丝滑触感和质感，悦享肌肤清新丝滑。</p><p><br/></p>', '', '<p>1. 专利技术：法国ALISTIN活性肽，专利号：WO 94/19325；法国Naolys植物细胞培养技术，专利号：EP&nbsp; 1485&nbsp; 064 B1</p>');
INSERT INTO `jk_shop_goods` VALUES (858, '11029019', '丸美巧克力丝滑水', '188.00', 73, 1, '<p><span style=\"font-family: 宋体, SimSun; font-size: 14px;\">丸美巧克力丝滑水</span></p><p><label for=\"\"><span style=\"font-family: 宋体, SimSun; font-size: 14px;\"><br/></span></label></p><p><label for=\"\"><span style=\"font-family: 宋体, SimSun; font-size: 14px;\">产品价格</span></label><span style=\"font-family: 宋体, SimSun; font-size: 14px;\">&nbsp;</span><span style=\"font-family: 宋体, SimSun; font-size: 14px;\">188元 &nbsp;&nbsp;</span><label for=\"\"><span style=\"font-family: 宋体, SimSun; font-size: 14px;\">产品规格</span></label><span style=\"font-family: 宋体, SimSun; font-size: 14px;\">&nbsp;</span><span style=\"font-family: 宋体, SimSun; font-size: 14px;\">190ml</span></p><p><label for=\"\"><span style=\"font-family: 宋体, SimSun; font-size: 14px;\"><br/></span></label></p><p><label for=\"\"><span style=\"font-family: 宋体, SimSun; font-size: 14px;\">产品功效</span></label><span style=\"font-family: 宋体, SimSun; font-size: 14px;\">&nbsp;</span></p><p><span style=\"font-family: 宋体, SimSun; font-size: 14px;\">柔化角质 丝滑补水</span></p><p><br/></p>', 1505721469, '', NULL, NULL, 10, NULL, NULL, NULL, NULL);
INSERT INTO `jk_shop_goods` VALUES (859, '11029021', '丸美巧克力丝滑乳', '228.00', 73, 1, '<div class=\"group\" style=\"margin-bottom: 15px; color: rgb(34, 34, 34); font-family: &#39;Helvetica Neue&#39;, &#39;Hiragino Sans GB&#39;, &#39;Microsoft YaHei&#39;, 黑体, Arial, sans-serif; font-size: 14px; line-height: 22.4px; white-space: normal; background-color: rgb(255, 255, 255);\"><p><span style=\"font-family: 宋体, SimSun; font-size: 14px;\">丸美巧克力丝滑乳</span></p><p><label for=\"\" style=\"font-family: sans-serif; font-size: 16px;\"><span style=\"font-family: 宋体, SimSun; font-size: 14px;\"><br/></span></label></p><p><label for=\"\" style=\"font-family: sans-serif; font-size: 16px;\"><span style=\"font-family: 宋体, SimSun; font-size: 14px;\">产品价格</span></label><span style=\"font-family: 宋体, SimSun;\">&nbsp;</span><span style=\"font-family: 宋体, SimSun;\">228元 &nbsp;&nbsp;</span><label for=\"\" style=\"font-family: sans-serif; font-size: 16px;\"><span style=\"font-family: 宋体, SimSun; font-size: 14px;\">产品规格</span></label><span style=\"font-family: 宋体, SimSun;\">&nbsp;</span><span style=\"font-family: 宋体, SimSun;\">150g</span></p><p><label for=\"\" style=\"font-family: sans-serif; font-size: 16px;\"><span style=\"font-family: 宋体, SimSun; font-size: 14px;\"><br/></span></label></p><p><label for=\"\" style=\"font-family: sans-serif; font-size: 16px;\"><span style=\"font-family: 宋体, SimSun; font-size: 14px;\">产品功效</span></label><span style=\"font-family: 宋体, SimSun;\">&nbsp;</span></p><p><span style=\"font-family: 宋体, SimSun;\">紧实肌肤 丝滑如缎</span></p></div><p><br/></p>', 1505786556, '', NULL, NULL, 10, NULL, NULL, NULL, NULL);
INSERT INTO `jk_shop_goods` VALUES (860, '11029026', '丸美巧克力丝滑睡眠面膜', '208.00', 73, 1, '<div class=\"group\" style=\"margin-bottom: 15px; color: rgb(34, 34, 34); font-family: &#39;Helvetica Neue&#39;, &#39;Hiragino Sans GB&#39;, &#39;Microsoft YaHei&#39;, 黑体, Arial, sans-serif; font-size: 14px; line-height: 22.4px; white-space: normal; background-color: rgb(255, 255, 255);\"><p><span style=\"font-family: 宋体, SimSun; font-size: 14px;\">丸美巧克力丝滑睡眠面膜</span></p><p><label for=\"\" style=\"font-family: sans-serif; font-size: 16px;\"><span style=\"font-family: 宋体, SimSun; font-size: 14px;\"><br/></span></label></p><p><label for=\"\" style=\"font-family: sans-serif; font-size: 16px;\"><span style=\"font-family: 宋体, SimSun; font-size: 14px;\">产品价格</span></label><span style=\"font-family: 宋体, SimSun;\">&nbsp;</span><span style=\"font-family: 宋体, SimSun;\">208元 &nbsp;&nbsp;</span><label for=\"\" style=\"font-family: sans-serif; font-size: 16px;\"><span style=\"font-family: 宋体, SimSun; font-size: 14px;\">产品规格</span></label><span style=\"font-family: 宋体, SimSun;\">&nbsp;</span><span style=\"font-family: 宋体, SimSun;\">150g</span></p><p><label for=\"\" style=\"font-family: sans-serif; font-size: 16px;\"><span style=\"font-family: 宋体, SimSun; font-size: 14px;\"><br/></span></label></p><p><label for=\"\" style=\"font-family: sans-serif; font-size: 16px;\"><span style=\"font-family: 宋体, SimSun; font-size: 14px;\">产品功效</span></label><span style=\"font-family: 宋体, SimSun;\">&nbsp;</span></p><p><span style=\"font-family: 宋体, SimSun;\">淡化暗沉 丝滑修护</span></p></div><p><br/></p>', 1505786797, '', NULL, NULL, 10, NULL, NULL, NULL, NULL);
INSERT INTO `jk_shop_goods` VALUES (861, '11029025', '丸美巧克力丝滑隔离霜', '228.00', 73, 1, '<div class=\"group\" style=\"margin-bottom: 15px; color: rgb(34, 34, 34); font-family: &#39;Helvetica Neue&#39;, &#39;Hiragino Sans GB&#39;, &#39;Microsoft YaHei&#39;, 黑体, Arial, sans-serif; font-size: 14px; line-height: 22.4px; white-space: normal; background-color: rgb(255, 255, 255);\"><p><span style=\"font-family: 宋体, SimSun; font-size: 14px;\">丸美巧克力丝滑隔离霜</span></p><p><label for=\"\" style=\"font-family: sans-serif; font-size: 16px;\"><span style=\"font-family: 宋体, SimSun; font-size: 14px;\"><br/></span></label></p><p><label for=\"\" style=\"font-family: sans-serif; font-size: 16px;\"><span style=\"font-family: 宋体, SimSun; font-size: 14px;\">产品价格</span></label><span style=\"font-family: 宋体, SimSun;\">&nbsp;</span><span style=\"font-family: 宋体, SimSun;\">228元 &nbsp;&nbsp;</span><label for=\"\" style=\"font-family: sans-serif; font-size: 16px;\"><span style=\"font-family: 宋体, SimSun; font-size: 14px;\">产品规格</span></label><span style=\"font-family: 宋体, SimSun;\">&nbsp;</span><span style=\"font-family: 宋体, SimSun;\">40g</span></p><p><label for=\"\" style=\"font-family: sans-serif; font-size: 16px;\"><span style=\"font-family: 宋体, SimSun; font-size: 14px;\"><br/></span></label></p><p><label for=\"\" style=\"font-family: sans-serif; font-size: 16px;\"><span style=\"font-family: 宋体, SimSun; font-size: 14px;\">产品功效</span></label><span style=\"font-family: 宋体, SimSun;\">&nbsp;</span></p><p><span style=\"font-family: 宋体, SimSun;\">透气贴服 丝滑触感</span></p></div><p><br/></p>', 1505786875, '', NULL, NULL, 10, NULL, NULL, NULL, NULL);
INSERT INTO `jk_shop_goods` VALUES (862, '11029024', '丸美巧克力丝滑眼乳霜', '268.00', 73, 1, '<div class=\"group\" style=\"margin-bottom: 15px; color: rgb(34, 34, 34); font-family: &#39;Helvetica Neue&#39;, &#39;Hiragino Sans GB&#39;, &#39;Microsoft YaHei&#39;, 黑体, Arial, sans-serif; font-size: 14px; line-height: 22.4px; white-space: normal; background-color: rgb(255, 255, 255);\"><p><span style=\"font-family: 宋体, SimSun; font-size: 14px;\">丸美巧克力丝滑眼乳霜</span></p><p><label for=\"\" style=\"font-family: sans-serif; font-size: 16px;\"><span style=\"font-family: 宋体, SimSun; font-size: 14px;\"><br/></span></label></p><p><label for=\"\" style=\"font-family: sans-serif; font-size: 16px;\"><span style=\"font-family: 宋体, SimSun; font-size: 14px;\">产品价格</span></label><span style=\"font-family: 宋体, SimSun;\">&nbsp;</span><span style=\"font-family: 宋体, SimSun;\">268元 &nbsp;&nbsp;</span><label for=\"\" style=\"font-family: sans-serif; font-size: 16px;\"><span style=\"font-family: 宋体, SimSun; font-size: 14px;\">产品规格</span></label><span style=\"font-family: 宋体, SimSun;\">&nbsp;</span><span style=\"font-family: 宋体, SimSun;\">25g</span></p><p><label for=\"\" style=\"font-family: sans-serif; font-size: 16px;\"><span style=\"font-family: 宋体, SimSun; font-size: 14px;\"><br/></span></label></p><p><label for=\"\" style=\"font-family: sans-serif; font-size: 16px;\"><span style=\"font-family: 宋体, SimSun; font-size: 14px;\">产品功效</span></label><span style=\"font-family: 宋体, SimSun;\">&nbsp;</span></p><p><span style=\"font-family: 宋体, SimSun;\">缓解眼周潜在细纹</span></p></div><p><br/></p>', 1505786949, '', NULL, NULL, 10, NULL, NULL, NULL, NULL);
INSERT INTO `jk_shop_goods` VALUES (863, '11029023', '丸美巧克力丝滑晚霜', '248.00', 73, 1, '<div class=\"group\" style=\"margin-bottom: 15px; color: rgb(34, 34, 34); font-family: &#39;Helvetica Neue&#39;, &#39;Hiragino Sans GB&#39;, &#39;Microsoft YaHei&#39;, 黑体, Arial, sans-serif; font-size: 14px; line-height: 22.4px; white-space: normal; background-color: rgb(255, 255, 255);\"><p><span style=\"font-family: 宋体, SimSun; font-size: 14px;\">丸美巧克力丝滑晚霜</span></p><p><label for=\"\" style=\"font-family: sans-serif; font-size: 16px;\"><span style=\"font-family: 宋体, SimSun; font-size: 14px;\"><br/></span></label></p><p><label for=\"\" style=\"font-family: sans-serif; font-size: 16px;\"><span style=\"font-family: 宋体, SimSun; font-size: 14px;\">产品价格</span></label><span style=\"font-family: 宋体, SimSun;\">&nbsp;</span><span style=\"font-family: 宋体, SimSun;\">248元 &nbsp;&nbsp;</span><label for=\"\" style=\"line-height: 22.4px; font-family: sans-serif; font-size: 16px;\"><span style=\"font-family: 宋体, SimSun; font-size: 14px;\">产品规格</span></label><span style=\"line-height: 22.4px; font-family: 宋体, SimSun;\">&nbsp;</span><span style=\"font-family: 宋体, SimSun;\">50g</span></p><p><label for=\"\" style=\"font-family: sans-serif; font-size: 16px;\"><span style=\"font-family: 宋体, SimSun; font-size: 14px;\"><br/></span></label></p><p><label for=\"\" style=\"font-family: sans-serif; font-size: 16px;\"><span style=\"font-family: 宋体, SimSun; font-size: 14px;\">产品功效</span></label><span style=\"font-family: 宋体, SimSun;\">&nbsp;</span></p><p><span style=\"font-family: 宋体, SimSun;\">丝滑强化 密集滋养</span></p></div><p><br/></p>', 1505787083, '', NULL, NULL, 10, NULL, NULL, NULL, NULL);
INSERT INTO `jk_shop_goods` VALUES (864, '12000127', '丸美弹力蛋白洁面啫哩', '188.00', 73, 1, '<p><span style=\"font-family: 宋体, SimSun; font-size: 14px;\">&nbsp;</span></p><p><span style=\"font-family: 宋体, SimSun; font-size: 14px;\">丸美弹力蛋白洁面啫哩</span></p><p><label for=\"\"><span style=\"font-family: 宋体, SimSun; font-size: 14px;\"><br/></span></label></p><p><label for=\"\"><span style=\"font-family: 宋体, SimSun; font-size: 14px;\">产品价格</span></label><span style=\"font-family: 宋体, SimSun; font-size: 14px;\">&nbsp;</span><span style=\"font-family: 宋体, SimSun; font-size: 14px;\">188元 &nbsp;&nbsp;</span><label for=\"\"><span style=\"font-family: 宋体, SimSun; font-size: 14px;\">产品规格</span></label><span style=\"font-family: 宋体, SimSun; font-size: 14px;\">&nbsp;</span><span style=\"font-family: 宋体, SimSun; font-size: 14px;\">120g</span></p><p><label for=\"\"><span style=\"font-family: 宋体, SimSun; font-size: 14px;\"><br/></span></label></p><p><label for=\"\"><span style=\"font-family: 宋体, SimSun; font-size: 14px;\">产品功效</span></label><span style=\"font-family: 宋体, SimSun; font-size: 14px;\">&nbsp;</span></p><p><span style=\"font-family: 宋体, SimSun; font-size: 14px;\">温和清洁 丰润弹性&nbsp;</span></p><p><br/></p>', 1505787548, '', NULL, NULL, 10, NULL, NULL, NULL, NULL);
INSERT INTO `jk_shop_goods` VALUES (865, '11029020', '丸美巧克力丝滑精华素', '288.00', 73, 1, '<div class=\"group\" style=\"margin-bottom: 15px; color: rgb(34, 34, 34); font-family: &#39;Helvetica Neue&#39;, &#39;Hiragino Sans GB&#39;, &#39;Microsoft YaHei&#39;, 黑体, Arial, sans-serif; font-size: 14px; line-height: 22.4px; white-space: normal; background-color: rgb(255, 255, 255);\"><p><span style=\"font-family: 宋体, SimSun; font-size: 14px;\">丸美巧克力丝滑精华素</span></p><p><label for=\"\" style=\"font-family: sans-serif; font-size: 16px;\"><span style=\"font-family: 宋体, SimSun; font-size: 14px;\"><br/></span></label></p><p><label for=\"\" style=\"font-family: sans-serif; font-size: 16px;\"><span style=\"font-family: 宋体, SimSun; font-size: 14px;\">产品价格</span></label><span style=\"font-family: 宋体, SimSun;\">&nbsp;</span><span style=\"font-family: 宋体, SimSun;\">288元 &nbsp;&nbsp;</span><label for=\"\" style=\"font-family: sans-serif; font-size: 16px;\"><span style=\"font-family: 宋体, SimSun; font-size: 14px;\">产品规格</span></label><span style=\"font-family: 宋体, SimSun;\">&nbsp;</span><span style=\"font-family: 宋体, SimSun;\">40g</span></p><p><label for=\"\" style=\"font-family: sans-serif; font-size: 16px;\"><span style=\"font-family: 宋体, SimSun; font-size: 14px;\"><br/></span></label></p><p><label for=\"\" style=\"font-family: sans-serif; font-size: 16px;\"><span style=\"font-family: 宋体, SimSun; font-size: 14px;\">产品功效</span></label><span style=\"font-family: 宋体, SimSun;\">&nbsp;</span></p><p><span style=\"font-family: 宋体, SimSun;\">净化毛孔 丝滑细嫩</span></p></div><p><br/></p>', 1505787667, '', NULL, NULL, 10, NULL, NULL, NULL, NULL);
INSERT INTO `jk_shop_goods` VALUES (866, '11037010', '丸美新肌丝滑水', '188.00', 73, 1, '<div class=\"group\" style=\"margin-bottom: 15px; color: rgb(34, 34, 34); font-family: &#39;Helvetica Neue&#39;, &#39;Hiragino Sans GB&#39;, &#39;Microsoft YaHei&#39;, 黑体, Arial, sans-serif; font-size: 14px; line-height: 22.4px; white-space: normal; background-color: rgb(255, 255, 255);\"><p><span style=\"font-family: 宋体, SimSun; font-size: 14px;\">丸美新肌丝滑水</span></p><p><label for=\"\" style=\"font-family: sans-serif; font-size: 16px;\"><span style=\"font-family: 宋体, SimSun; font-size: 14px;\"><br/></span></label></p><p><label for=\"\" style=\"font-family: sans-serif; font-size: 16px;\"><span style=\"font-family: 宋体, SimSun; font-size: 14px;\">产品价格</span></label><span style=\"font-family: 宋体, SimSun;\">&nbsp;</span><span style=\"font-family: 宋体, SimSun;\">188元 &nbsp;&nbsp;</span><label for=\"\" style=\"font-family: sans-serif; font-size: 16px;\"><span style=\"font-family: 宋体, SimSun; font-size: 14px;\">产品规格</span></label><span style=\"font-family: 宋体, SimSun;\">&nbsp;</span><span style=\"font-family: 宋体, SimSun;\">130ml</span></p><p><label for=\"\" style=\"font-family: sans-serif; font-size: 16px;\"><span style=\"font-family: 宋体, SimSun; font-size: 14px;\"><br/></span></label></p><p><label for=\"\" style=\"font-family: sans-serif; font-size: 16px;\"><span style=\"font-family: 宋体, SimSun; font-size: 14px;\">产品功效</span></label><span style=\"font-family: 宋体, SimSun;\">&nbsp;</span></p><p><span style=\"font-family: 宋体, SimSun;\">细滑毛孔 丝滑调理</span></p></div><p><br/></p>', 1505787865, '', NULL, NULL, 10, NULL, NULL, NULL, NULL);
INSERT INTO `jk_shop_goods` VALUES (867, '11037012', '丸美新肌丝滑眼乳霜', '328.00', 73, 1, '<div class=\"group\" style=\"margin-bottom: 15px; color: rgb(34, 34, 34); font-family: &#39;Helvetica Neue&#39;, &#39;Hiragino Sans GB&#39;, &#39;Microsoft YaHei&#39;, 黑体, Arial, sans-serif; font-size: 14px; line-height: 22.4px; white-space: normal; background-color: rgb(255, 255, 255);\"><p><span style=\"font-family: 宋体, SimSun; font-size: 14px;\">丸美新肌丝滑眼乳霜</span></p><p><label for=\"\" style=\"font-family: sans-serif; font-size: 16px;\"><span style=\"font-family: 宋体, SimSun; font-size: 14px;\"><br/></span></label></p><p><label for=\"\" style=\"font-family: sans-serif; font-size: 16px;\"><span style=\"font-family: 宋体, SimSun; font-size: 14px;\">产品价格</span></label><span style=\"font-family: 宋体, SimSun;\">&nbsp;</span><span style=\"font-family: 宋体, SimSun;\">328元 &nbsp;&nbsp;</span><label for=\"\" style=\"font-family: sans-serif; font-size: 16px;\"><span style=\"font-family: 宋体, SimSun; font-size: 14px;\">产品规格</span></label><span style=\"font-family: 宋体, SimSun;\">&nbsp;</span><span style=\"font-family: 宋体, SimSun;\">30g</span></p><p><label for=\"\" style=\"font-family: sans-serif; font-size: 16px;\"><span style=\"font-family: 宋体, SimSun; font-size: 14px;\"><br/></span></label></p><p><label for=\"\" style=\"font-family: sans-serif; font-size: 16px;\"><span style=\"font-family: 宋体, SimSun; font-size: 14px;\">产品功效</span></label><span style=\"font-family: 宋体, SimSun;\">&nbsp;</span></p><p><span style=\"font-family: 宋体, SimSun;\">改善眼周潜在纹 &nbsp;嫩滑眼肌</span></p></div><p><br/></p>', 1505787967, '', NULL, NULL, 10, NULL, NULL, NULL, NULL);
INSERT INTO `jk_shop_goods` VALUES (868, '11037011', '丸美新肌丝滑乳', '228.00', 73, 1, '<div class=\"group\" style=\"margin-bottom: 15px; color: rgb(34, 34, 34); font-family: &#39;Helvetica Neue&#39;, &#39;Hiragino Sans GB&#39;, &#39;Microsoft YaHei&#39;, 黑体, Arial, sans-serif; font-size: 14px; line-height: 22.4px; white-space: normal; background-color: rgb(255, 255, 255);\"><p><span style=\"font-family: 宋体, SimSun; font-size: 14px;\">丸美新肌丝滑乳</span></p><p><label for=\"\" style=\"font-family: sans-serif; font-size: 16px;\"><span style=\"font-family: 宋体, SimSun; font-size: 14px;\"><br/></span></label></p><p><label for=\"\" style=\"font-family: sans-serif; font-size: 16px;\"><span style=\"font-family: 宋体, SimSun; font-size: 14px;\">产品价格</span></label><span style=\"font-family: 宋体, SimSun;\">&nbsp;</span><span style=\"font-family: 宋体, SimSun;\">228元 &nbsp;&nbsp;</span><label for=\"\" style=\"font-family: sans-serif; font-size: 16px;\"><span style=\"font-family: 宋体, SimSun; font-size: 14px;\">产品规格</span></label><span style=\"font-family: 宋体, SimSun;\">&nbsp;</span><span style=\"font-family: 宋体, SimSun;\">100g</span></p><p><label for=\"\" style=\"font-family: sans-serif; font-size: 16px;\"><span style=\"font-family: 宋体, SimSun; font-size: 14px;\"><br/></span></label></p><p><label for=\"\" style=\"font-family: sans-serif; font-size: 16px;\"><span style=\"font-family: 宋体, SimSun; font-size: 14px;\">产品功效</span></label><span style=\"font-family: 宋体, SimSun;\">&nbsp;</span></p><p><span style=\"font-family: 宋体, SimSun;\">减少粗糙 水感丝滑&nbsp;</span></p></div><p><br/></p>', 1505788072, '', NULL, NULL, 10, NULL, NULL, NULL, NULL);
INSERT INTO `jk_shop_goods` VALUES (869, '11037009', '丸美新肌丝滑洁面乳', '168.00', 73, 1, '<div class=\"group\" style=\"margin-bottom: 15px; color: rgb(34, 34, 34); font-family: &#39;Helvetica Neue&#39;, &#39;Hiragino Sans GB&#39;, &#39;Microsoft YaHei&#39;, 黑体, Arial, sans-serif; font-size: 14px; line-height: 22.4px; white-space: normal; background-color: rgb(255, 255, 255);\"><p><span style=\"font-family: 宋体, SimSun; font-size: 14px;\">丸美新肌丝滑洁面乳</span></p><p><label for=\"\" style=\"font-family: sans-serif; font-size: 16px;\"><span style=\"font-family: 宋体, SimSun; font-size: 14px;\"><br/></span></label></p><p><label for=\"\" style=\"font-family: sans-serif; font-size: 16px;\"><span style=\"font-family: 宋体, SimSun; font-size: 14px;\">产品价格</span></label><span style=\"font-family: 宋体, SimSun;\">&nbsp;</span><span style=\"font-family: 宋体, SimSun;\">168元 &nbsp;&nbsp;</span><label for=\"\" style=\"font-family: sans-serif; font-size: 16px;\"><span style=\"font-family: 宋体, SimSun; font-size: 14px;\">产品规格</span></label><span style=\"font-family: 宋体, SimSun;\">&nbsp;</span><span style=\"font-family: 宋体, SimSun;\">120g</span></p><p><label for=\"\" style=\"font-family: sans-serif; font-size: 16px;\"><span style=\"font-family: 宋体, SimSun; font-size: 14px;\"><br/></span></label></p><p><label for=\"\" style=\"font-family: sans-serif; font-size: 16px;\"><span style=\"font-family: 宋体, SimSun; font-size: 14px;\">产品功效</span></label><span style=\"font-family: 宋体, SimSun;\">&nbsp;</span></p><p><span style=\"font-family: 宋体, SimSun;\">洁面、卸妆、去角质三效合一</span></p></div><p><br/></p>', 1505788276, '', NULL, NULL, 10, NULL, NULL, NULL, NULL);
INSERT INTO `jk_shop_goods` VALUES (870, '11036011', '丸美眼部舒悦精华霜', '160.00', 73, 1, '<div class=\"group\" style=\"margin-bottom: 15px; color: rgb(34, 34, 34); font-family: &#39;Helvetica Neue&#39;, &#39;Hiragino Sans GB&#39;, &#39;Microsoft YaHei&#39;, 黑体, Arial, sans-serif; font-size: 14px; line-height: 22.4px; white-space: normal; background-color: rgb(255, 255, 255);\"><p><span style=\"font-family: 宋体, SimSun; font-size: 14px;\">丸美眼部舒悦精华霜</span></p><p><label for=\"\" style=\"font-family: sans-serif; font-size: 16px;\"><span style=\"font-family: 宋体, SimSun; font-size: 14px;\"><br/></span></label></p><p><label for=\"\" style=\"font-family: sans-serif; font-size: 16px;\"><span style=\"font-family: 宋体, SimSun; font-size: 14px;\">产品价格</span></label><span style=\"font-family: 宋体, SimSun;\">&nbsp;</span><span style=\"font-family: 宋体, SimSun;\">160元 &nbsp;&nbsp;</span><label for=\"\" style=\"font-family: sans-serif; font-size: 16px;\"><span style=\"font-family: 宋体, SimSun; font-size: 14px;\">产品规格</span></label><span style=\"font-family: 宋体, SimSun;\">&nbsp;</span><span style=\"font-family: 宋体, SimSun;\">25g</span></p><p><label for=\"\" style=\"font-family: sans-serif; font-size: 16px;\"><span style=\"font-family: 宋体, SimSun; font-size: 14px;\"><br/></span></label></p><p><label for=\"\" style=\"font-family: sans-serif; font-size: 16px;\"><span style=\"font-family: 宋体, SimSun; font-size: 14px;\">产品功效</span></label><span style=\"font-family: 宋体, SimSun;\">&nbsp;</span></p><p><span style=\"font-family: 宋体, SimSun;\">紧致眼袋 淡化眼周暗沉</span></p></div><p><br/></p>', 1537237770, '', NULL, '', 1, NULL, NULL, NULL, NULL);
INSERT INTO `jk_shop_goods` VALUES (871, '11034006', '丸美紧致眼袋眼凝胶', '178.00', 73, 1, '<p>丸美紧致眼袋眼凝胶</p><p>净含量：20g/RMB178</p><p>双倍细密，弹力紧致</p><p><br/></p><p>●水解大豆蛋白和水解玉米蛋白的蛋白精华，充实细密眼部肌肤角质层结构，双倍营养添加，双倍强韧细腻。配合丰富的透明质酸钠，提升角质层的保水力，维持眼部肌肤纤维的弹性和韧性，提拉眼袋、平滑幼纹、淡化鱼尾纹，眼部肌肤水润弹滑。</p><p><br/></p><p>使用方法：</p><p>取适量于无名指，均匀涂抹在眼周肌肤，由眼角至眼尾轻轻划圈至完全吸收。</p><p><br/></p>', 1532415626, '', NULL, '20g', 1, NULL, NULL, NULL, NULL);
INSERT INTO `jk_shop_goods` VALUES (872, '11020013', '丸美激白防晒精华隔离乳SPF30 PA+++', '198.00', 73, 1, '<div class=\"group\" style=\"margin-bottom: 15px; color: rgb(34, 34, 34); font-family: &#39;Helvetica Neue&#39;, &#39;Hiragino Sans GB&#39;, &#39;Microsoft YaHei&#39;, 黑体, Arial, sans-serif; font-size: 14px; line-height: 22.4px; white-space: normal; background-color: rgb(255, 255, 255);\"><p><span style=\"font-family: 宋体, SimSun; font-size: 14px;\">丸美激白防晒精华隔离乳SPF30 PA+++</span></p><p><label for=\"\" style=\"font-family: sans-serif; font-size: 16px;\"><span style=\"font-family: 宋体, SimSun; font-size: 14px;\"><br/></span></label></p><p><label for=\"\" style=\"font-family: sans-serif; font-size: 16px;\"><span style=\"font-family: 宋体, SimSun; font-size: 14px;\">产品价格</span></label><span style=\"font-family: 宋体, SimSun;\">&nbsp;</span><span style=\"font-family: 宋体, SimSun;\">198元 &nbsp;&nbsp;</span><label for=\"\" style=\"font-family: sans-serif; font-size: 16px;\"><span style=\"font-family: 宋体, SimSun; font-size: 14px;\">产品规格</span></label><span style=\"font-family: 宋体, SimSun;\">&nbsp;</span><span style=\"font-family: 宋体, SimSun;\">45g</span></p><p><label for=\"\" style=\"font-family: sans-serif; font-size: 16px;\"><span style=\"font-family: 宋体, SimSun; font-size: 14px;\"><br/></span></label></p><p><label for=\"\" style=\"font-family: sans-serif; font-size: 16px;\"><span style=\"font-family: 宋体, SimSun; font-size: 14px;\">产品功效</span></label><span style=\"font-family: 宋体, SimSun;\">&nbsp;</span></p><p><span style=\"font-family: 宋体, SimSun;\">隔离防晒 自然遮瑕</span></p></div><p><br/></p>', 1505788830, '', NULL, NULL, 10, NULL, NULL, NULL, NULL);
INSERT INTO `jk_shop_goods` VALUES (873, '12000117', '丸美弹力蛋白凝时紧致随行三件套', '138.00', 73, 1, '<div class=\"group\" style=\"margin-bottom: 15px; color: rgb(34, 34, 34); font-family: &#39;Helvetica Neue&#39;, &#39;Hiragino Sans GB&#39;, &#39;Microsoft YaHei&#39;, 黑体, Arial, sans-serif; font-size: 14px; line-height: 22.4px; white-space: normal; background-color: rgb(255, 255, 255);\"><p><span style=\"font-family: 宋体, SimSun; font-size: 14px;\">丸美弹力蛋白凝时紧致随行三件套</span></p><p><label for=\"\" style=\"font-family: sans-serif; font-size: 16px;\"><span style=\"font-family: 宋体, SimSun; font-size: 14px;\"><br/></span></label></p><p><label for=\"\" style=\"font-family: sans-serif; font-size: 16px;\"><span style=\"font-family: 宋体, SimSun; font-size: 14px;\">产品价格</span></label><span style=\"font-family: 宋体, SimSun;\">&nbsp;</span><span style=\"font-family: 宋体, SimSun;\">138元</span></p></div><p><br/></p>', 1505789059, '', NULL, NULL, 10, NULL, NULL, NULL, NULL);
INSERT INTO `jk_shop_goods` VALUES (874, '11027014', '丸美弹力蛋白精华晚霜', '288.00', 73, 1, '<div class=\"group\" style=\"margin-bottom: 15px; color: rgb(34, 34, 34); font-family: &#39;Helvetica Neue&#39;, &#39;Hiragino Sans GB&#39;, &#39;Microsoft YaHei&#39;, 黑体, Arial, sans-serif; font-size: 14px; line-height: 22.4px; white-space: normal; background-color: rgb(255, 255, 255);\"><p><span style=\"font-family: 宋体, SimSun; font-size: 14px;\">丸美弹力蛋白精华晚霜</span></p><p><label for=\"\" style=\"font-family: sans-serif; font-size: 16px;\"><span style=\"font-family: 宋体, SimSun; font-size: 14px;\"><br/></span></label></p><p><label for=\"\" style=\"font-family: sans-serif; font-size: 16px;\"><span style=\"font-family: 宋体, SimSun; font-size: 14px;\">产品价格</span></label><span style=\"font-family: 宋体, SimSun;\">&nbsp;</span><span style=\"font-family: 宋体, SimSun;\">288元 &nbsp;&nbsp;</span><label for=\"\" style=\"font-family: sans-serif; font-size: 16px;\"><span style=\"font-family: 宋体, SimSun; font-size: 14px;\">产品规格</span></label><span style=\"font-family: 宋体, SimSun;\">&nbsp;</span><span style=\"font-family: 宋体, SimSun;\">50g</span></p><p><label for=\"\" style=\"font-family: sans-serif; font-size: 16px;\"><span style=\"font-family: 宋体, SimSun; font-size: 14px;\"><br/></span></label></p><p><label for=\"\" style=\"font-family: sans-serif; font-size: 16px;\"><span style=\"font-family: 宋体, SimSun; font-size: 14px;\">产品功效</span></label><span style=\"font-family: 宋体, SimSun;\">&nbsp;</span></p><p><span style=\"font-family: 宋体, SimSun;\">奢养紧致 夜间修护</span></p></div><p><br/></p>', 1505789149, '', NULL, NULL, 10, NULL, NULL, NULL, NULL);
INSERT INTO `jk_shop_goods` VALUES (875, '11026012', '丸美白金至臻眼霜', '240.00', 73, 1, '<div class=\"group\" style=\"margin-bottom: 15px; color: rgb(34, 34, 34); font-family: &#39;Helvetica Neue&#39;, &#39;Hiragino Sans GB&#39;, &#39;Microsoft YaHei&#39;, 黑体, Arial, sans-serif; font-size: 14px; line-height: 22.4px; white-space: normal; background-color: rgb(255, 255, 255);\"><p><span style=\"font-family: 宋体, SimSun; font-size: 14px;\">丸美白金至臻眼霜</span></p><p><label for=\"\" style=\"font-family: sans-serif; font-size: 16px;\"><span style=\"font-family: 宋体, SimSun; font-size: 14px;\"><br/></span></label></p><p><label for=\"\" style=\"font-family: sans-serif; font-size: 16px;\"><span style=\"font-family: 宋体, SimSun; font-size: 14px;\">产品规格</span></label><span style=\"font-family: 宋体, SimSun;\">&nbsp;</span><span style=\"font-family: 宋体, SimSun;\">20mll &nbsp;&nbsp;</span><label for=\"\" style=\"font-family: sans-serif; font-size: 16px;\"><span style=\"font-family: 宋体, SimSun; font-size: 14px;\">产品正价</span></label><span style=\"font-family: 宋体, SimSun;\">&nbsp;</span><span style=\"font-family: 宋体, SimSun;\">240元</span></p><p><label for=\"\" style=\"font-family: sans-serif; font-size: 16px;\"><span style=\"font-family: 宋体, SimSun; font-size: 14px;\"><br/></span></label></p><p><label for=\"\" style=\"font-family: sans-serif; font-size: 16px;\"><span style=\"font-family: 宋体, SimSun; font-size: 14px;\">产品功效</span></label><span style=\"font-family: 宋体, SimSun;\">&nbsp;</span></p><p><span style=\"font-family: 宋体, SimSun;\">隔离防晒 自然遮瑕</span></p></div><p><br/></p>', 1505789286, '', NULL, NULL, 10, NULL, NULL, NULL, NULL);
INSERT INTO `jk_shop_goods` VALUES (876, '11041003', '丸美丝蛋白修护精华乳', '238.00', 73, 1, '<div class=\"group\" style=\"margin-bottom: 15px; color: rgb(34, 34, 34); font-family: &#39;Helvetica Neue&#39;, &#39;Hiragino Sans GB&#39;, &#39;Microsoft YaHei&#39;, 黑体, Arial, sans-serif; font-size: 14px; line-height: 22.4px; white-space: normal; background-color: rgb(255, 255, 255);\"><p><span style=\"font-family: 宋体, SimSun; font-size: 14px;\">丸美丝蛋白修护精华乳</span></p><p><label for=\"\" style=\"font-family: sans-serif; font-size: 16px;\"><span style=\"font-family: 宋体, SimSun; font-size: 14px;\"><br/></span></label></p><p><label for=\"\" style=\"font-family: sans-serif; font-size: 16px;\"><span style=\"font-family: 宋体, SimSun; font-size: 14px;\">产品价格</span></label><span style=\"font-family: 宋体, SimSun;\">&nbsp;</span><span style=\"font-family: 宋体, SimSun;\">238元 &nbsp;&nbsp;</span><label for=\"\" style=\"font-family: sans-serif; font-size: 16px;\"><span style=\"font-family: 宋体, SimSun; font-size: 14px;\">产品规格</span></label><span style=\"font-family: 宋体, SimSun;\">&nbsp;</span><span style=\"font-family: 宋体, SimSun;\">80g</span></p><p><label for=\"\" style=\"font-family: sans-serif; font-size: 16px;\"><span style=\"font-family: 宋体, SimSun; font-size: 14px;\"><br/></span></label></p><p><label for=\"\" style=\"font-family: sans-serif; font-size: 16px;\"><span style=\"font-family: 宋体, SimSun; font-size: 14px;\">产品功效</span></label><span style=\"font-family: 宋体, SimSun;\">&nbsp;</span></p><p><span style=\"font-family: 宋体, SimSun;\">润泽弹滑 &nbsp;清新不腻</span></p></div><p><br/></p>', 1505789372, '', NULL, NULL, 10, NULL, NULL, NULL, NULL);
INSERT INTO `jk_shop_goods` VALUES (877, '11036029', '丸美焕采红润雪肤露', '110.00', 73, 1, '<div class=\"group\" style=\"margin-bottom: 15px; color: rgb(34, 34, 34); font-family: &#39;Helvetica Neue&#39;, &#39;Hiragino Sans GB&#39;, &#39;Microsoft YaHei&#39;, 黑体, Arial, sans-serif; font-size: 14px; line-height: 22.4px; white-space: normal; background-color: rgb(255, 255, 255);\"><p><span style=\"font-family: 宋体, SimSun; font-size: 14px;\">丸美焕采红润雪肤露</span></p><p><label for=\"\" style=\"font-family: sans-serif; font-size: 16px;\"><span style=\"font-family: 宋体, SimSun; font-size: 14px;\"><br/></span></label></p><p><label for=\"\" style=\"font-family: sans-serif; font-size: 16px;\"><span style=\"font-family: 宋体, SimSun; font-size: 14px;\">产品价格</span></label><span style=\"font-family: 宋体, SimSun;\">&nbsp;</span><span style=\"font-family: 宋体, SimSun;\">110元 &nbsp;&nbsp;</span><label for=\"\" style=\"font-family: sans-serif; font-size: 16px;\"><span style=\"font-family: 宋体, SimSun; font-size: 14px;\">产品规格</span></label><span style=\"font-family: 宋体, SimSun;\">&nbsp;</span><span style=\"font-family: 宋体, SimSun;\">100ml</span></p><p><label for=\"\" style=\"font-family: sans-serif; font-size: 16px;\"><span style=\"font-family: 宋体, SimSun; font-size: 14px;\"><br/></span></label></p><p><label for=\"\" style=\"font-family: sans-serif; font-size: 16px;\"><span style=\"font-family: 宋体, SimSun; font-size: 14px;\">产品功效</span></label><span style=\"font-family: 宋体, SimSun;\">&nbsp;</span></p><p><span style=\"font-family: 宋体, SimSun;\">焕采红润 净透亮肤</span></p></div><p><br/></p>', 1505789441, '', NULL, NULL, 10, NULL, NULL, NULL, NULL);
INSERT INTO `jk_shop_goods` VALUES (878, '16027001', '15周年纪念版弹力蛋白眼精华', '338.00', 73, 1, '<div class=\"group\" style=\"margin-bottom: 15px; color: rgb(34, 34, 34); font-family: &#39;Helvetica Neue&#39;, &#39;Hiragino Sans GB&#39;, &#39;Microsoft YaHei&#39;, 黑体, Arial, sans-serif; font-size: 14px; line-height: 22.4px; white-space: normal; background-color: rgb(255, 255, 255);\"><p><span style=\"font-family: 宋体, SimSun; font-size: 14px;\">15周年纪念版弹力蛋白眼精华</span></p><p><label for=\"\" style=\"font-family: sans-serif; font-size: 16px;\"><span style=\"font-family: 宋体, SimSun; font-size: 14px;\"><br/></span></label></p><p><label for=\"\" style=\"font-family: sans-serif; font-size: 16px;\"><span style=\"font-family: 宋体, SimSun; font-size: 14px;\">产品价格</span></label><span style=\"font-family: 宋体, SimSun;\">&nbsp;</span><span style=\"font-family: 宋体, SimSun;\">338元 &nbsp;&nbsp;</span><label for=\"\" style=\"font-family: sans-serif; font-size: 16px;\"><span style=\"font-family: 宋体, SimSun; font-size: 14px;\">产品规格</span></label><span style=\"font-family: 宋体, SimSun;\">&nbsp;</span><span style=\"font-family: 宋体, SimSun;\">15g</span></p></div><p><br/></p>', 1505801019, '', NULL, NULL, 10, NULL, NULL, NULL, NULL);
INSERT INTO `jk_shop_goods` VALUES (879, '11041004', '丸美丝蛋白修护提升眼霜', '268.00', 73, 1, '<div class=\"group\" style=\"margin-bottom: 15px; color: rgb(34, 34, 34); font-family: &#39;Helvetica Neue&#39;, &#39;Hiragino Sans GB&#39;, &#39;Microsoft YaHei&#39;, 黑体, Arial, sans-serif; font-size: 14px; line-height: 22.4px; white-space: normal; background-color: rgb(255, 255, 255);\"><p><span style=\"font-family: 宋体, SimSun; font-size: 14px;\">丸美丝蛋白修护提升眼霜</span></p><p><label for=\"\" style=\"font-family: sans-serif; font-size: 16px;\"><span style=\"font-family: 宋体, SimSun; font-size: 14px;\"><br/></span></label></p><p><label for=\"\" style=\"font-family: sans-serif; font-size: 16px;\"><span style=\"font-family: 宋体, SimSun; font-size: 14px;\">产品价格</span></label><span style=\"font-family: 宋体, SimSun;\">&nbsp;</span><span style=\"font-family: 宋体, SimSun;\">268元 &nbsp;&nbsp;</span><label for=\"\" style=\"font-family: sans-serif; font-size: 16px;\"><span style=\"font-family: 宋体, SimSun; font-size: 14px;\">产品规格</span></label><span style=\"font-family: 宋体, SimSun;\">&nbsp;</span><span style=\"font-family: 宋体, SimSun;\">20g</span></p><p><label for=\"\" style=\"font-family: sans-serif; font-size: 16px;\"><span style=\"font-family: 宋体, SimSun; font-size: 14px;\"><br/></span></label></p><p><label for=\"\" style=\"font-family: sans-serif; font-size: 16px;\"><span style=\"font-family: 宋体, SimSun; font-size: 14px;\">产品功效</span></label><span style=\"font-family: 宋体, SimSun;\">&nbsp;</span></p><p><span style=\"font-family: 宋体, SimSun;\">芯层润泽 活力提升</span></p></div><p><br/></p>', 1505801088, '', NULL, NULL, 10, NULL, NULL, NULL, NULL);
INSERT INTO `jk_shop_goods` VALUES (880, '11036028', '丸美莹亮柔润嫩肤露', '120.00', 73, 1, '<div class=\"group\" style=\"margin-bottom: 15px; color: rgb(34, 34, 34); font-family: &#39;Helvetica Neue&#39;, &#39;Hiragino Sans GB&#39;, &#39;Microsoft YaHei&#39;, 黑体, Arial, sans-serif; font-size: 14px; line-height: 22.4px; white-space: normal; background-color: rgb(255, 255, 255);\"><p><span style=\"font-family: 宋体, SimSun; font-size: 14px;\">丸美莹亮柔润嫩肤露</span></p><p><label for=\"\" style=\"font-family: sans-serif; font-size: 16px;\"><span style=\"font-family: 宋体, SimSun; font-size: 14px;\"><br/></span></label></p><p><label for=\"\" style=\"font-family: sans-serif; font-size: 16px;\"><span style=\"font-family: 宋体, SimSun; font-size: 14px;\">产品价格</span></label><span style=\"font-family: 宋体, SimSun;\">&nbsp;</span><span style=\"font-family: 宋体, SimSun;\">120元 &nbsp;&nbsp;</span><label for=\"\" style=\"font-family: sans-serif; font-size: 16px;\"><span style=\"font-family: 宋体, SimSun; font-size: 14px;\">产品规格</span></label><span style=\"font-family: 宋体, SimSun;\">&nbsp;</span><span style=\"font-family: 宋体, SimSun;\">100ml</span></p><p><label for=\"\" style=\"font-family: sans-serif; font-size: 16px;\"><span style=\"font-family: 宋体, SimSun; font-size: 14px;\"><br/></span></label></p><p><label for=\"\" style=\"font-family: sans-serif; font-size: 16px;\"><span style=\"font-family: 宋体, SimSun; font-size: 14px;\">产品功效</span></label><span style=\"font-family: 宋体, SimSun;\">&nbsp;</span></p><p><span style=\"font-family: 宋体, SimSun;\">莹亮柔润 水润护养</span></p></div><p><br/></p>', 1505801165, '', NULL, NULL, 10, NULL, NULL, NULL, NULL);
INSERT INTO `jk_shop_goods` VALUES (881, '16000109', '丸美巧克力青春丝滑眼贴膜', '198.00', 73, 1, '<div class=\"group\" style=\"margin-bottom: 15px; color: rgb(34, 34, 34); font-family: &#39;Helvetica Neue&#39;, &#39;Hiragino Sans GB&#39;, &#39;Microsoft YaHei&#39;, 黑体, Arial, sans-serif; font-size: 14px; line-height: 22.4px; white-space: normal; background-color: rgb(255, 255, 255);\"><p><span style=\"font-family: 宋体, SimSun; font-size: 14px;\">丸美巧克力青春丝滑眼贴膜</span></p><p><label for=\"\" style=\"font-family: sans-serif; font-size: 16px;\"><span style=\"font-family: 宋体, SimSun; font-size: 14px;\"><br/></span></label></p><p><label for=\"\" style=\"font-family: sans-serif; font-size: 16px;\"><span style=\"font-family: 宋体, SimSun; font-size: 14px;\">产品价格</span></label><span style=\"font-family: 宋体, SimSun;\">&nbsp;</span><span style=\"font-family: 宋体, SimSun;\">198元 &nbsp;&nbsp;</span><label for=\"\" style=\"font-family: sans-serif; font-size: 16px;\"><span style=\"font-family: 宋体, SimSun; font-size: 14px;\">产品规格</span></label><span style=\"font-family: 宋体, SimSun;\">&nbsp;</span><span style=\"font-family: 宋体, SimSun;\">6对/盒</span></p><p><label for=\"\" style=\"font-family: sans-serif; font-size: 16px;\"><span style=\"font-family: 宋体, SimSun; font-size: 14px;\"><br/></span></label></p><p><label for=\"\" style=\"font-family: sans-serif; font-size: 16px;\"><span style=\"font-family: 宋体, SimSun; font-size: 14px;\">使用方法</span></label><span style=\"font-family: 宋体, SimSun;\">&nbsp;</span></p><p><span style=\"font-family: 宋体, SimSun;\">洁面爽肤后，去除眼贴膜敷于眼部，调整至服帖，10-15分钟后取下，并按摩将精华至吸收即可。一周1-3次。</span></p></div><p><br/></p>', 1505802188, '', NULL, NULL, 10, NULL, NULL, NULL, NULL);
INSERT INTO `jk_shop_goods` VALUES (882, '11041002', '丸美丝蛋白修护保养液', '188.00', 73, 1, '<div class=\"group\" style=\"margin-bottom: 15px; color: rgb(34, 34, 34); font-family: &#39;Helvetica Neue&#39;, &#39;Hiragino Sans GB&#39;, &#39;Microsoft YaHei&#39;, 黑体, Arial, sans-serif; font-size: 14px; line-height: 22.4px; white-space: normal; background-color: rgb(255, 255, 255);\"><p><span style=\"font-family: 宋体, SimSun; font-size: 14px;\">丸美丝蛋白修护保养液</span></p><p><label for=\"\" style=\"font-family: sans-serif; font-size: 16px;\"><span style=\"font-family: 宋体, SimSun; font-size: 14px;\"><br/></span></label></p><p><label for=\"\" style=\"font-family: sans-serif; font-size: 16px;\"><span style=\"font-family: 宋体, SimSun; font-size: 14px;\">产品价格</span></label><span style=\"font-family: 宋体, SimSun;\">&nbsp;</span><span style=\"font-family: 宋体, SimSun;\">188元 &nbsp;&nbsp;</span><label for=\"\" style=\"font-family: sans-serif; font-size: 16px;\"><span style=\"font-family: 宋体, SimSun; font-size: 14px;\">产品规格</span></label><span style=\"font-family: 宋体, SimSun;\">&nbsp;</span><span style=\"font-family: 宋体, SimSun;\">120ml</span></p><p><label for=\"\" style=\"font-family: sans-serif; font-size: 16px;\"><span style=\"font-family: 宋体, SimSun; font-size: 14px;\"><br/></span></label></p><p><label for=\"\" style=\"font-family: sans-serif; font-size: 16px;\"><span style=\"font-family: 宋体, SimSun; font-size: 14px;\">产品功效</span></label><span style=\"font-family: 宋体, SimSun;\">&nbsp;</span></p><p><span style=\"font-family: 宋体, SimSun;\">晶透精华质地 &nbsp;滴滴润泽保养</span></p></div><p><br/></p>', 1505802259, '', NULL, NULL, 10, NULL, NULL, NULL, NULL);
INSERT INTO `jk_shop_goods` VALUES (883, '11041001', '丸美丝蛋白修护洁面乳', '158.00', 73, 1, '<p><span style=\"font-family: 宋体, SimSun; font-size: 14px;\">&nbsp;</span></p><p><span style=\"font-family: 宋体, SimSun; font-size: 14px;\">丸美丝蛋白修护洁面乳</span></p><p><label for=\"\"><span style=\"font-family: 宋体, SimSun; font-size: 14px;\"><br/></span></label></p><p><label for=\"\"><span style=\"font-family: 宋体, SimSun; font-size: 14px;\">产品价格</span></label><span style=\"font-family: 宋体, SimSun; font-size: 14px;\">&nbsp;</span><span style=\"font-family: 宋体, SimSun; font-size: 14px;\">158元 &nbsp;&nbsp;</span><label for=\"\"><span style=\"font-family: 宋体, SimSun; font-size: 14px;\">产品规格</span></label><span style=\"font-family: 宋体, SimSun; font-size: 14px;\">&nbsp;</span><span style=\"font-family: 宋体, SimSun; font-size: 14px;\">120g</span></p><p><label for=\"\"><span style=\"font-family: 宋体, SimSun; font-size: 14px;\"><br/></span></label></p><p><label for=\"\"><span style=\"font-family: 宋体, SimSun; font-size: 14px;\">产品功效</span></label><span style=\"font-family: 宋体, SimSun; font-size: 14px;\">&nbsp;</span></p><p><span style=\"font-family: 宋体, SimSun; font-size: 14px;\">修护型洁面 &nbsp;清爽不紧绷</span></p><p><br/></p>', 1505802339, '', NULL, NULL, 10, NULL, NULL, NULL, NULL);
INSERT INTO `jk_shop_goods` VALUES (884, '11027008', '丸美弹力蛋白眼精华', '338.00', 73, 1, '<div class=\"group\" style=\"margin-bottom: 15px; color: rgb(34, 34, 34); font-family: &#39;Helvetica Neue&#39;, &#39;Hiragino Sans GB&#39;, &#39;Microsoft YaHei&#39;, 黑体, Arial, sans-serif; font-size: 14px; line-height: 22.4px; white-space: normal; background-color: rgb(255, 255, 255);\"><p><span style=\"font-family: 宋体, SimSun; font-size: 14px;\">丸美弹力蛋白眼精华</span></p><p><label for=\"\" style=\"font-family: sans-serif; font-size: 16px;\"><span style=\"font-family: 宋体, SimSun; font-size: 14px;\"><br/></span></label></p><p><label for=\"\" style=\"font-family: sans-serif; font-size: 16px;\"><span style=\"font-family: 宋体, SimSun; font-size: 14px;\">产品价格</span></label><span style=\"font-family: 宋体, SimSun;\">&nbsp;</span><span style=\"font-family: 宋体, SimSun;\">338元 &nbsp;&nbsp;</span><label for=\"\" style=\"font-family: sans-serif; font-size: 16px;\"><span style=\"font-family: 宋体, SimSun; font-size: 14px;\">产品规格</span></label><span style=\"font-family: 宋体, SimSun;\">&nbsp;</span><span style=\"font-family: 宋体, SimSun;\">15ml</span></p></div><p><br/></p>', 1505807852, '', NULL, NULL, 10, NULL, NULL, NULL, NULL);
INSERT INTO `jk_shop_goods` VALUES (885, '11027021', '丸美弹力蛋白日夜眼精华', '438.00', 73, 1, '<div class=\"group\" style=\"margin-bottom: 15px; color: rgb(34, 34, 34); font-family: &#39;Helvetica Neue&#39;, &#39;Hiragino Sans GB&#39;, &#39;Microsoft YaHei&#39;, 黑体, Arial, sans-serif; font-size: 14px; line-height: 22.4px; white-space: normal; background-color: rgb(255, 255, 255);\"><p><span style=\"font-family: 宋体, SimSun; font-size: 14px;\">丸美弹力蛋白日夜眼精华</span></p><p><label for=\"\" style=\"font-family: sans-serif; font-size: 16px;\"><span style=\"font-family: 宋体, SimSun; font-size: 14px;\"><br/></span></label></p><p><label for=\"\" style=\"font-family: sans-serif; font-size: 16px;\"><span style=\"font-family: 宋体, SimSun; font-size: 14px;\">产品价格</span></label><span style=\"font-family: 宋体, SimSun;\">&nbsp;</span><span style=\"font-family: 宋体, SimSun;\">438元 &nbsp;&nbsp;</span><label for=\"\" style=\"font-family: sans-serif; font-size: 16px;\"><span style=\"font-family: 宋体, SimSun; font-size: 14px;\">产品规格</span></label><span style=\"font-family: 宋体, SimSun;\">&nbsp;</span><span style=\"font-family: 宋体, SimSun;\">10g*2</span></p></div><p><br/></p>', 1505807977, '', NULL, NULL, 10, NULL, NULL, NULL, NULL);
INSERT INTO `jk_shop_goods` VALUES (886, '11034005', '丸美BB新肌幼肤晚霜', '158.00', 73, 1, '<div class=\"group\" style=\"margin-bottom: 15px; color: rgb(34, 34, 34); font-family: &#39;Helvetica Neue&#39;, &#39;Hiragino Sans GB&#39;, &#39;Microsoft YaHei&#39;, 黑体, Arial, sans-serif; font-size: 14px; line-height: 22.4px; white-space: normal; background-color: rgb(255, 255, 255);\"><p><span style=\"font-family: 宋体, SimSun; font-size: 14px;\">丸美BB新肌幼肤晚霜</span></p><p><label for=\"\" style=\"font-family: sans-serif; font-size: 16px;\"><span style=\"font-family: 宋体, SimSun; font-size: 14px;\"><br/></span></label></p><p><label for=\"\" style=\"font-family: sans-serif; font-size: 16px;\"><span style=\"font-family: 宋体, SimSun; font-size: 14px;\">产品价格</span></label><span style=\"font-family: 宋体, SimSun;\">&nbsp;</span><span style=\"font-family: 宋体, SimSun;\">158元 &nbsp;&nbsp;</span><label for=\"\" style=\"font-family: sans-serif; font-size: 16px;\"><span style=\"font-family: 宋体, SimSun; font-size: 14px;\">产品规格</span></label><span style=\"font-family: 宋体, SimSun;\">&nbsp;</span><span style=\"font-family: 宋体, SimSun;\">50g</span></p><p><label for=\"\" style=\"font-family: sans-serif; font-size: 16px;\"><span style=\"font-family: 宋体, SimSun; font-size: 14px;\"><br/></span></label></p><p><label for=\"\" style=\"font-family: sans-serif; font-size: 16px;\"><span style=\"font-family: 宋体, SimSun; font-size: 14px;\">产品功效</span></label><span style=\"font-family: 宋体, SimSun;\">&nbsp;</span></p><p><span style=\"font-family: 宋体, SimSun;\">改善日间所受环境困扰，如婴儿般新生幼滑。</span></p><p><label for=\"\" style=\"font-family: sans-serif; font-size: 16px;\"><span style=\"font-family: 宋体, SimSun; font-size: 14px;\"><br/></span></label></p><p><label for=\"\" style=\"font-family: sans-serif; font-size: 16px;\"><span style=\"font-family: 宋体, SimSun; font-size: 14px;\">使用方法</span></label><span style=\"font-family: 宋体, SimSun;\">&nbsp;</span></p></div><p><span style=\"font-family: 宋体, SimSun; font-size: 14px;\">夜间，取适量幼肤晚霜于掌心，用指腹由内而外均匀涂抹面部至吸收。颈部以从下往上的方式涂抹均匀。</span></p><p><br/></p>', 1505808284, '', NULL, NULL, 10, NULL, NULL, NULL, NULL);
INSERT INTO `jk_shop_goods` VALUES (887, '11022007', '丸美极地雪藻晶莹剔透黑白双膜组合', '188.00', 73, 1, '<div class=\"group\" style=\"margin-bottom: 15px; color: rgb(34, 34, 34); font-family: &#39;Helvetica Neue&#39;, &#39;Hiragino Sans GB&#39;, &#39;Microsoft YaHei&#39;, 黑体, Arial, sans-serif; font-size: 14px; line-height: 22.4px; white-space: normal; background-color: rgb(255, 255, 255);\"><p><span style=\"font-family: 宋体, SimSun; font-size: 14px;\">丸美极地雪藻晶莹剔透黑白双膜组合</span></p><p><label for=\"\" style=\"font-family: sans-serif; font-size: 16px;\"><span style=\"font-family: 宋体, SimSun; font-size: 14px;\"><br/></span></label></p><p><label for=\"\" style=\"font-family: sans-serif; font-size: 16px;\"><span style=\"font-family: 宋体, SimSun; font-size: 14px;\">产品价格</span></label><span style=\"font-family: 宋体, SimSun;\">&nbsp;</span><span style=\"font-family: 宋体, SimSun;\">188元 &nbsp;&nbsp;</span><label for=\"\" style=\"font-family: sans-serif; font-size: 16px;\"><span style=\"font-family: 宋体, SimSun; font-size: 14px;\">产品规格</span></label><span style=\"font-family: 宋体, SimSun;\">&nbsp;</span><span style=\"font-family: 宋体, SimSun;\">2+6</span></p><p><label for=\"\" style=\"font-family: sans-serif; font-size: 16px;\"><span style=\"font-family: 宋体, SimSun; font-size: 14px;\"><br/></span></label></p><p><label for=\"\" style=\"font-family: sans-serif; font-size: 16px;\"><span style=\"font-family: 宋体, SimSun; font-size: 14px;\">产品功效</span></label><span style=\"font-family: 宋体, SimSun;\">&nbsp;</span></p><p><span style=\"font-family: 宋体, SimSun;\">三净合一&nbsp;肌肤回复晶莹剔富含极地雪藻三重透白能量的精华液源源注入，肌肤回复晶莹剔透。适用肌肤：任何肌肤，尤其适合晦暗、不够透亮的肌肤。</span></p><p><label for=\"\" style=\"font-family: sans-serif; font-size: 16px;\"><span style=\"font-family: 宋体, SimSun; font-size: 14px;\"><br/></span></label></p><p><label for=\"\" style=\"font-family: sans-serif; font-size: 16px;\"><span style=\"font-family: 宋体, SimSun; font-size: 14px;\">使用方法</span></label><span style=\"font-family: 宋体, SimSun;\">&nbsp;</span></p><p><span style=\"font-family: 宋体, SimSun;\">建议每周使用1片黑膜加3片白膜：第一次使用黑膜5分钟，后使用白膜10分钟；第二、三次使用面膜时，单独使用白膜10分钟即可。</span></p></div><p><br/></p>', 1505815073, '', NULL, NULL, 10, NULL, NULL, NULL, NULL);
INSERT INTO `jk_shop_goods` VALUES (888, '11034004', '丸美BB新肌醒肤日霜', '138.00', 73, 1, '<div class=\"group\" style=\"margin-bottom: 15px; color: rgb(34, 34, 34); font-family: &#39;Helvetica Neue&#39;, &#39;Hiragino Sans GB&#39;, &#39;Microsoft YaHei&#39;, 黑体, Arial, sans-serif; font-size: 14px; line-height: 22.4px; white-space: normal; background-color: rgb(255, 255, 255);\"><p><span style=\"font-family: 宋体, SimSun; font-size: 14px;\">丸美BB新肌醒肤日霜</span></p><p><label for=\"\" style=\"font-family: sans-serif; font-size: 16px;\"><span style=\"font-family: 宋体, SimSun; font-size: 14px;\"><br/></span></label></p><p><label for=\"\" style=\"font-family: sans-serif; font-size: 16px;\"><span style=\"font-family: 宋体, SimSun; font-size: 14px;\">产品价格</span></label><span style=\"font-family: 宋体, SimSun;\">&nbsp;</span><span style=\"font-family: 宋体, SimSun;\">138元 &nbsp;&nbsp;</span><label for=\"\" style=\"font-family: sans-serif; font-size: 16px;\"><span style=\"font-family: 宋体, SimSun; font-size: 14px;\">产品规格</span></label><span style=\"font-family: 宋体, SimSun;\">&nbsp;</span><span style=\"font-family: 宋体, SimSun;\">50g</span></p><p><label for=\"\" style=\"font-family: sans-serif; font-size: 16px;\"><span style=\"font-family: 宋体, SimSun; font-size: 14px;\"><br/></span></label></p><p><label for=\"\" style=\"font-family: sans-serif; font-size: 16px;\"><span style=\"font-family: 宋体, SimSun; font-size: 14px;\">产品功效</span></label><span style=\"font-family: 宋体, SimSun;\">&nbsp;</span></p><p><span style=\"font-family: 宋体, SimSun;\">活性醒肤，亮泽初生</span></p><p><label for=\"\" style=\"font-family: sans-serif; font-size: 16px;\"><span style=\"font-family: 宋体, SimSun; font-size: 14px;\"><br/></span></label></p><p><label for=\"\" style=\"font-family: sans-serif; font-size: 16px;\"><span style=\"font-family: 宋体, SimSun; font-size: 14px;\">使用方法</span></label><span style=\"font-family: 宋体, SimSun;\">&nbsp;</span></p><p><span style=\"font-family: 宋体, SimSun;\">日间，取适量醒肤日霜于掌心，用指腹由内而外均匀涂抹面部至吸收。颈部以从下往上的方式涂抹均匀。</span></p></div><p><br/></p>', 1505815306, '', NULL, NULL, 10, NULL, NULL, NULL, NULL);
INSERT INTO `jk_shop_goods` VALUES (889, '11034009', '丸美BB新肌精华肌底液', '198.00', 73, 1, '<div class=\"group\" style=\"margin-bottom: 15px; color: rgb(34, 34, 34); font-family: &#39;Helvetica Neue&#39;, &#39;Hiragino Sans GB&#39;, &#39;Microsoft YaHei&#39;, 黑体, Arial, sans-serif; font-size: 14px; line-height: 22.4px; white-space: normal; background-color: rgb(255, 255, 255);\"><p><span style=\"font-family: 宋体, SimSun; font-size: 14px;\">丸美BB新肌精华肌底液</span></p><p><label for=\"\" style=\"font-family: sans-serif; font-size: 16px;\"><span style=\"font-family: 宋体, SimSun; font-size: 14px;\"><br/></span></label></p><p><label for=\"\" style=\"font-family: sans-serif; font-size: 16px;\"><span style=\"font-family: 宋体, SimSun; font-size: 14px;\">产品价格</span></label><span style=\"font-family: 宋体, SimSun;\">&nbsp;</span><span style=\"font-family: 宋体, SimSun;\">198元 &nbsp;&nbsp;</span><label for=\"\" style=\"font-family: sans-serif; font-size: 16px;\"><span style=\"font-family: 宋体, SimSun; font-size: 14px;\">产品规格</span></label><span style=\"font-family: 宋体, SimSun;\">&nbsp;</span><span style=\"font-family: 宋体, SimSun;\">30ml</span></p><p><label for=\"\" style=\"font-family: sans-serif; font-size: 16px;\"><span style=\"font-family: 宋体, SimSun; font-size: 14px;\"><br/></span></label></p><p><label for=\"\" style=\"font-family: sans-serif; font-size: 16px;\"><span style=\"font-family: 宋体, SimSun; font-size: 14px;\">产品功效</span></label><span style=\"font-family: 宋体, SimSun;\">&nbsp;</span></p><p><span style=\"font-family: 宋体, SimSun;\">给肌肤源源不断的水分</span></p><p><label for=\"\" style=\"font-family: sans-serif; font-size: 16px;\"><span style=\"font-family: 宋体, SimSun; font-size: 14px;\"><br/></span></label></p><p><label for=\"\" style=\"font-family: sans-serif; font-size: 16px;\"><span style=\"font-family: 宋体, SimSun; font-size: 14px;\">使用方法</span></label><span style=\"font-family: 宋体, SimSun;\">&nbsp;</span></p><p><span style=\"font-family: 宋体, SimSun;\">取适量肌底液于手心，两手轻搓为肌底液加温，然后轻柔均匀涂抹于整个面部。颈部以从下往上的方式涂抹均匀。</span></p></div><p><br/></p>', 1505815415, '', NULL, NULL, 10, NULL, NULL, NULL, NULL);
INSERT INTO `jk_shop_goods` VALUES (890, '11034010', '丸美BB新肌明星BB霜', '138.00', 73, 1, '<div class=\"group\" style=\"margin-bottom: 15px; color: rgb(34, 34, 34); font-family: &#39;Helvetica Neue&#39;, &#39;Hiragino Sans GB&#39;, &#39;Microsoft YaHei&#39;, 黑体, Arial, sans-serif; font-size: 14px; line-height: 22.4px; white-space: normal; background-color: rgb(255, 255, 255);\"><p><span style=\"font-family: 宋体, SimSun; font-size: 14px;\">丸美BB新肌明星BB霜</span></p><p><label for=\"\" style=\"font-family: sans-serif; font-size: 16px;\"><span style=\"font-family: 宋体, SimSun; font-size: 14px;\"><br/></span></label></p><p><label for=\"\" style=\"font-family: sans-serif; font-size: 16px;\"><span style=\"font-family: 宋体, SimSun; font-size: 14px;\">产品价格</span></label><span style=\"font-family: 宋体, SimSun;\">&nbsp;</span><span style=\"font-family: 宋体, SimSun;\">138元 &nbsp;&nbsp;</span><label for=\"\" style=\"font-family: sans-serif; font-size: 16px;\"><span style=\"font-family: 宋体, SimSun; font-size: 14px;\">产品规格</span></label><span style=\"font-family: 宋体, SimSun;\">&nbsp;</span><span style=\"font-family: 宋体, SimSun;\">40g</span></p><p><label for=\"\" style=\"font-family: sans-serif; font-size: 16px;\"><span style=\"font-family: 宋体, SimSun; font-size: 14px;\"><br/></span></label></p><p><label for=\"\" style=\"font-family: sans-serif; font-size: 16px;\"><span style=\"font-family: 宋体, SimSun; font-size: 14px;\">产品功效</span></label><span style=\"font-family: 宋体, SimSun;\">&nbsp;</span></p><p><span style=\"font-family: 宋体, SimSun;\">提亮肤色，轻松养肤</span></p><p><label for=\"\" style=\"font-family: sans-serif; font-size: 16px;\"><span style=\"font-family: 宋体, SimSun; font-size: 14px;\"><br/></span></label></p><p><label for=\"\" style=\"font-family: sans-serif; font-size: 16px;\"><span style=\"font-family: 宋体, SimSun; font-size: 14px;\">使用方法</span></label><span style=\"font-family: 宋体, SimSun;\">&nbsp;</span></p><p><span style=\"font-family: 宋体, SimSun;\">取适量BB霜，点涂于额头、鼻尖、两颊、下巴等处，用指腹由内向外轻轻涂抹均匀 整个脸部。颈部以从下往上的方式涂抹均匀。</span></p></div><p><br/></p>', 1505815508, '', NULL, NULL, 10, NULL, NULL, NULL, NULL);
INSERT INTO `jk_shop_goods` VALUES (891, '11012005', '丸美三肽胶原紧致日夜精华', '548.00', 73, 1, '<div class=\"group\" style=\"margin-bottom: 15px; color: rgb(34, 34, 34); font-family: &#39;Helvetica Neue&#39;, &#39;Hiragino Sans GB&#39;, &#39;Microsoft YaHei&#39;, 黑体, Arial, sans-serif; font-size: 14px; line-height: 22.4px; white-space: normal; background-color: rgb(255, 255, 255);\"><p><span style=\"font-family: 宋体, SimSun; font-size: 14px;\">丸美三肽胶原紧致日夜精华</span></p><p><label for=\"\" style=\"font-family: sans-serif; font-size: 16px;\"><span style=\"font-family: 宋体, SimSun; font-size: 14px;\"><br/></span></label></p><p><label for=\"\" style=\"font-family: sans-serif; font-size: 16px;\"><span style=\"font-family: 宋体, SimSun; font-size: 14px;\">产品价格</span></label><span style=\"font-family: 宋体, SimSun;\">&nbsp;</span><span style=\"font-family: 宋体, SimSun;\">548元 &nbsp;&nbsp;</span><label for=\"\" style=\"font-family: sans-serif; font-size: 16px;\"><span style=\"font-family: 宋体, SimSun; font-size: 14px;\">产品规格</span></label><span style=\"font-family: 宋体, SimSun;\">&nbsp;</span><span style=\"font-family: 宋体, SimSun;\">10ml*2</span></p><p><label for=\"\" style=\"font-family: sans-serif; font-size: 16px;\"><span style=\"font-family: 宋体, SimSun; font-size: 14px;\"><br/></span></label></p><p><label for=\"\" style=\"font-family: sans-serif; font-size: 16px;\"><span style=\"font-family: 宋体, SimSun; font-size: 14px;\">产品功效</span></label><span style=\"font-family: 宋体, SimSun;\">&nbsp;</span></p><p><span style=\"font-family: 宋体, SimSun;\">日用精华——日间焕发生机。 夜用精华——夜间弹润。 早晚各一次，层层润透。让肌肤日日紧致，夜夜白润。</span></p><p><label for=\"\" style=\"font-family: sans-serif; font-size: 16px;\"><span style=\"font-family: 宋体, SimSun; font-size: 14px;\"><br/></span></label></p><p><label for=\"\" style=\"font-family: sans-serif; font-size: 16px;\"><span style=\"font-family: 宋体, SimSun; font-size: 14px;\">使用方法</span></label><span style=\"font-family: 宋体, SimSun;\">&nbsp;</span></p><p><span style=\"font-family: 宋体, SimSun;\">于润养蜜露后使用，早上按压银色泵头、晚上按压粉红色泵头，根据个人用量每次按压1至2下于掌心，用指腹由内而外均匀涂抹面部至吸收。</span></p></div><p><br/></p>', 1505871041, '', NULL, NULL, 10, NULL, NULL, NULL, NULL);
INSERT INTO `jk_shop_goods` VALUES (892, '11012008', '丸美三肽胶原紧致精华晚霜', '488.00', 73, 1, '<div class=\"group\" style=\"margin-bottom: 15px; color: rgb(34, 34, 34); font-family: &#39;Helvetica Neue&#39;, &#39;Hiragino Sans GB&#39;, &#39;Microsoft YaHei&#39;, 黑体, Arial, sans-serif; font-size: 14px; line-height: 22.4px; white-space: normal; background-color: rgb(255, 255, 255);\"><p><span style=\"font-family: 宋体, SimSun; font-size: 14px;\">丸美三肽胶原紧致精华晚霜</span></p><p><label for=\"\" style=\"font-family: sans-serif; font-size: 16px;\"><span style=\"font-family: 宋体, SimSun; font-size: 14px;\"><br/></span></label></p><p><label for=\"\" style=\"font-family: sans-serif; font-size: 16px;\"><span style=\"font-family: 宋体, SimSun; font-size: 14px;\">产品价格</span></label><span style=\"font-family: 宋体, SimSun;\">&nbsp;</span><span style=\"font-family: 宋体, SimSun;\">488元 &nbsp;&nbsp;</span><label for=\"\" style=\"font-family: sans-serif; font-size: 16px;\"><span style=\"font-family: 宋体, SimSun; font-size: 14px;\">产品规格</span></label><span style=\"font-family: 宋体, SimSun;\">&nbsp;</span><span style=\"font-family: 宋体, SimSun;\">50g</span></p><p><label for=\"\" style=\"font-family: sans-serif; font-size: 16px;\"><span style=\"font-family: 宋体, SimSun; font-size: 14px;\"><br/></span></label></p><p><label for=\"\" style=\"font-family: sans-serif; font-size: 16px;\"><span style=\"font-family: 宋体, SimSun; font-size: 14px;\">产品功效</span></label><span style=\"font-family: 宋体, SimSun;\">&nbsp;</span></p><p><span style=\"font-family: 宋体, SimSun;\">肌肤、饱满、弹润的最佳状态。</span></p><p><label for=\"\" style=\"font-family: sans-serif; font-size: 16px;\"><span style=\"font-family: 宋体, SimSun; font-size: 14px;\"><br/></span></label></p><p><label for=\"\" style=\"font-family: sans-serif; font-size: 16px;\"><span style=\"font-family: 宋体, SimSun; font-size: 14px;\">使用方法</span></label><span style=\"font-family: 宋体, SimSun;\">&nbsp;</span></p><p><span style=\"font-family: 宋体, SimSun;\">夜间，涂抹乳液后，取两至三粒黄豆大小的量，用指腹由内而外均匀涂抹面部至吸收。颈脖部位以从下往上的方式涂抹均匀。</span></p></div><p><br/></p>', 1505871124, '', NULL, NULL, 10, NULL, NULL, NULL, NULL);
INSERT INTO `jk_shop_goods` VALUES (893, '11012004', '丸美三肽胶原紧致润养蜜露', '338.00', 73, 1, '', 1505872577, '', NULL, NULL, 10, NULL, NULL, NULL, NULL);
INSERT INTO `jk_shop_goods` VALUES (894, '11012006', '丸美三肽胶原紧致精华乳', '458.00', 73, 1, '<div class=\"group\" style=\"margin-bottom: 15px; color: rgb(34, 34, 34); font-family: &#39;Helvetica Neue&#39;, &#39;Hiragino Sans GB&#39;, &#39;Microsoft YaHei&#39;, 黑体, Arial, sans-serif; font-size: 14px; line-height: 22.4px; white-space: normal; background-color: rgb(255, 255, 255);\"><p><span style=\"font-family: 宋体, SimSun; font-size: 14px;\">丸美三肽胶原紧致精华乳</span></p><p><label for=\"\" style=\"font-family: sans-serif; font-size: 16px;\"><span style=\"font-family: 宋体, SimSun; font-size: 14px;\"><br/></span></label></p><p><label for=\"\" style=\"font-family: sans-serif; font-size: 16px;\"><span style=\"font-family: 宋体, SimSun; font-size: 14px;\">产品价格</span></label><span style=\"font-family: 宋体, SimSun;\">&nbsp;</span><span style=\"font-family: 宋体, SimSun;\">458元 &nbsp;&nbsp;</span><label for=\"\" style=\"font-family: sans-serif; font-size: 16px;\"><span style=\"font-family: 宋体, SimSun; font-size: 14px;\">产品规格</span></label><span style=\"font-family: 宋体, SimSun;\">&nbsp;</span><span style=\"font-family: 宋体, SimSun;\">80ml</span></p><p><label for=\"\" style=\"font-family: sans-serif; font-size: 16px;\"><span style=\"font-family: 宋体, SimSun; font-size: 14px;\"><br/></span></label></p><p><label for=\"\" style=\"font-family: sans-serif; font-size: 16px;\"><span style=\"font-family: 宋体, SimSun; font-size: 14px;\">产品功效</span></label><span style=\"font-family: 宋体, SimSun;\">&nbsp;</span></p><p><span style=\"font-family: 宋体, SimSun;\">全天不间断地为肌肤输送美肌能量，细纹干纹被淡化，肌肤顷刻饱满、，全天为肌肤注入充足水分滋养。</span></p><p><label for=\"\" style=\"font-family: sans-serif; font-size: 16px;\"><span style=\"font-family: 宋体, SimSun; font-size: 14px;\"><br/></span></label></p><p><label for=\"\" style=\"font-family: sans-serif; font-size: 16px;\"><span style=\"font-family: 宋体, SimSun; font-size: 14px;\">使用方法</span></label><span style=\"font-family: 宋体, SimSun;\">&nbsp;</span></p><p><span style=\"font-family: 宋体, SimSun;\">早、晚于精华后，取一毛硬币大小的量于掌心，用指腹由内而外均匀涂抹面部至吸收。颈脖部位以从下往上的方式涂抹均匀。</span></p></div><p><br/></p>', 1505873443, '', NULL, NULL, 10, NULL, NULL, NULL, NULL);
INSERT INTO `jk_shop_goods` VALUES (895, '11040005', '丸美远行防晒小铁伞', '198.00', 73, 1, '<div class=\"group\" style=\"margin-bottom: 15px; color: rgb(34, 34, 34); font-family: &#39;Helvetica Neue&#39;, &#39;Hiragino Sans GB&#39;, &#39;Microsoft YaHei&#39;, 黑体, Arial, sans-serif; font-size: 14px; line-height: 22.4px; white-space: normal; background-color: rgb(255, 255, 255);\"><p><span style=\"font-family: 宋体, SimSun; font-size: 14px;\">丸美远行防晒小铁伞</span></p><p><label for=\"\" style=\"font-family: sans-serif; font-size: 16px;\"><span style=\"font-family: 宋体, SimSun; font-size: 14px;\"><br/></span></label></p><p><label for=\"\" style=\"font-family: sans-serif; font-size: 16px;\"><span style=\"font-family: 宋体, SimSun; font-size: 14px;\">产品价格</span></label><span style=\"font-family: 宋体, SimSun;\">&nbsp;</span><span style=\"font-family: 宋体, SimSun;\">198元 &nbsp;&nbsp;</span><label for=\"\" style=\"font-family: sans-serif; font-size: 16px;\"><span style=\"font-family: 宋体, SimSun; font-size: 14px;\">产品规格</span></label><span style=\"font-family: 宋体, SimSun;\">&nbsp;</span><span style=\"font-family: 宋体, SimSun;\">40g+80ml</span></p><p><label for=\"\" style=\"font-family: sans-serif; font-size: 16px;\"><span style=\"font-family: 宋体, SimSun; font-size: 14px;\"><br/></span></label></p><p><label for=\"\" style=\"font-family: sans-serif; font-size: 16px;\"><span style=\"font-family: 宋体, SimSun; font-size: 14px;\">产品功效</span></label><span style=\"font-family: 宋体, SimSun;\">&nbsp;</span></p><p><span style=\"font-family: 宋体, SimSun;\">热夏肌肤灭火泡芙，随行修护 便携式随行喷瓶设计</span></p></div><p><br/></p>', 1505874053, '', NULL, NULL, 10, NULL, NULL, NULL, NULL);
INSERT INTO `jk_shop_goods` VALUES (896, '11012010', '丸美三肽胶原紧致精华隔离霜', '398.00', 73, 1, '<div class=\"group\" style=\"margin-bottom: 15px; color: rgb(34, 34, 34); font-family: &#39;Helvetica Neue&#39;, &#39;Hiragino Sans GB&#39;, &#39;Microsoft YaHei&#39;, 黑体, Arial, sans-serif; font-size: 14px; line-height: 22.4px; white-space: normal; background-color: rgb(255, 255, 255);\"><p><span style=\"font-family: 宋体, SimSun; font-size: 14px;\">丸美三肽胶原紧致精华隔离霜</span></p><p><label for=\"\" style=\"font-family: sans-serif; font-size: 16px;\"><span style=\"font-family: 宋体, SimSun; font-size: 14px;\"><br/></span></label></p><p><label for=\"\" style=\"font-family: sans-serif; font-size: 16px;\"><span style=\"font-family: 宋体, SimSun; font-size: 14px;\">产品价格</span></label><span style=\"font-family: 宋体, SimSun;\">&nbsp;</span><span style=\"font-family: 宋体, SimSun;\">398元 &nbsp;&nbsp;</span><label for=\"\" style=\"font-family: sans-serif; font-size: 16px;\"><span style=\"font-family: 宋体, SimSun; font-size: 14px;\">产品规格</span></label><span style=\"font-family: 宋体, SimSun;\">&nbsp;</span><span style=\"font-family: 宋体, SimSun;\">35g</span></p><p><label for=\"\" style=\"font-family: sans-serif; font-size: 16px;\"><span style=\"font-family: 宋体, SimSun; font-size: 14px;\"><br/></span></label></p><p><label for=\"\" style=\"font-family: sans-serif; font-size: 16px;\"><span style=\"font-family: 宋体, SimSun; font-size: 14px;\">产品功效</span></label><span style=\"font-family: 宋体, SimSun;\">&nbsp;</span></p><p><span style=\"font-family: 宋体, SimSun;\">令肌肤闪耀光滑，呈现透明感和年轻光彩。 完美修饰肌肤，再现红润好肤色</span></p><p><label for=\"\" style=\"font-family: sans-serif; font-size: 16px;\"><span style=\"font-family: 宋体, SimSun; font-size: 14px;\"><br/></span></label></p><p><label for=\"\" style=\"font-family: sans-serif; font-size: 16px;\"><span style=\"font-family: 宋体, SimSun; font-size: 14px;\">使用方法</span></label><span style=\"font-family: 宋体, SimSun;\">&nbsp;</span></p><p><span style=\"font-family: 宋体, SimSun;\">按压嘴1至2次的量，从面部中央开始向外侧轻轻滑动手指至吸收。再以弹钢琴的方式轻拍3次面部，使其与肌肤完全相融。</span></p></div><p><br/></p>', 1505874177, '', NULL, NULL, 10, NULL, NULL, NULL, NULL);
INSERT INTO `jk_shop_goods` VALUES (897, '11012007', '丸美三肽胶原紧致精华日霜', '428.00', 73, 1, '<p><span style=\"font-family: 宋体, SimSun; font-size: 14px;\">&nbsp;</span></p><p><span style=\"font-family: 宋体, SimSun; font-size: 14px;\">丸美三肽胶原紧致精华日霜</span></p><p><label for=\"\"><span style=\"font-family: 宋体, SimSun; font-size: 14px;\"><br/></span></label></p><p><label for=\"\"><span style=\"font-family: 宋体, SimSun; font-size: 14px;\">产品价格</span></label><span style=\"font-family: 宋体, SimSun; font-size: 14px;\">&nbsp;</span><span style=\"font-family: 宋体, SimSun; font-size: 14px;\"></span><span style=\"font-family: 宋体, SimSun; font-size: 14px;\">428元 &nbsp;&nbsp;</span><label for=\"\"><span style=\"font-family: 宋体, SimSun; font-size: 14px;\">产品规格</span></label><span style=\"font-family: 宋体, SimSun; font-size: 14px;\">&nbsp;</span><span style=\"font-family: 宋体, SimSun; font-size: 14px;\">50g</span></p><p><label for=\"\"><span style=\"font-family: 宋体, SimSun; font-size: 14px;\"><br/></span></label></p><p><label for=\"\"><span style=\"font-family: 宋体, SimSun; font-size: 14px;\">产品功效</span></label></p><p><label for=\"\"><span style=\"font-family: 宋体, SimSun; font-size: 14px;\"><br/></span></label></p><p><span style=\"font-family: 宋体, SimSun; font-size: 14px;\">有效补充同时促进胶原蛋白的合成，增加肌肤弹性，赋予肌肤整日的水润呵护，持久展现弹润的年轻肌态。</span></p><p><label for=\"\"><span style=\"font-family: 宋体, SimSun; font-size: 14px;\"><br/></span></label></p><p><label for=\"\"><span style=\"font-family: 宋体, SimSun; font-size: 14px;\">使用方法</span></label><span style=\"font-family: 宋体, SimSun; font-size: 14px;\">&nbsp;</span></p><p><span style=\"font-family: 宋体, SimSun; font-size: 14px;\">日间，涂抹乳液后，取两至三粒黄豆大小的量，用指腹由内而外均匀涂抹面部至吸收。颈脖部位以从下往上的方式涂抹均匀。</span></p><p><br/></p>', 1505874322, '', NULL, NULL, 10, NULL, NULL, NULL, NULL);
INSERT INTO `jk_shop_goods` VALUES (898, '11040001', '丸美周全防晒小铁伞', '178.00', 73, 1, '<div class=\"group\" style=\"margin-bottom: 15px; color: rgb(34, 34, 34); font-family: &#39;Helvetica Neue&#39;, &#39;Hiragino Sans GB&#39;, &#39;Microsoft YaHei&#39;, 黑体, Arial, sans-serif; font-size: 14px; line-height: 22.4px; white-space: normal; background-color: rgb(255, 255, 255);\"><p><span style=\"font-family: 宋体, SimSun; font-size: 14px;\">丸美周全防晒小铁伞</span></p><p><label for=\"\" style=\"font-family: sans-serif; font-size: 16px;\"><span style=\"font-family: 宋体, SimSun; font-size: 14px;\"><br/></span></label></p><p><label for=\"\" style=\"font-family: sans-serif; font-size: 16px;\"><span style=\"font-family: 宋体, SimSun; font-size: 14px;\">产品价格</span></label><span style=\"font-family: 宋体, SimSun;\">&nbsp;</span><span style=\"font-family: 宋体, SimSun;\">178元 &nbsp;&nbsp;</span><label for=\"\" style=\"font-family: sans-serif; font-size: 16px;\"><span style=\"font-family: 宋体, SimSun; font-size: 14px;\">产品规格</span></label><span style=\"font-family: 宋体, SimSun;\">&nbsp;</span><span style=\"font-family: 宋体, SimSun;\">40g+15g</span></p><p><label for=\"\" style=\"font-family: sans-serif; font-size: 16px;\"><span style=\"font-family: 宋体, SimSun; font-size: 14px;\"><br/></span></label></p><p><label for=\"\" style=\"font-family: sans-serif; font-size: 16px;\"><span style=\"font-family: 宋体, SimSun; font-size: 14px;\">产品功效</span></label><span style=\"font-family: 宋体, SimSun;\">&nbsp;</span></p><p><span style=\"font-family: 宋体, SimSun;\">丸美防晒精华隔离乳 丸美眼部防晒乳</span></p></div><p><br/></p>', 1505874506, '', NULL, NULL, 10, NULL, NULL, NULL, NULL);
INSERT INTO `jk_shop_goods` VALUES (899, '11040004', '丸美城市防晒小铁伞', '188.00', 73, 1, '<p><span style=\"font-family: 宋体, SimSun; font-size: 14px;\">&nbsp;</span></p><p><span style=\"font-family: 宋体, SimSun; font-size: 14px;\">丸美城市防晒小铁伞</span></p><p><label for=\"\"><span style=\"font-family: 宋体, SimSun; font-size: 14px;\"><br/></span></label></p><p><label for=\"\"><span style=\"font-family: 宋体, SimSun; font-size: 14px;\">产品价格</span></label><span style=\"font-family: 宋体, SimSun; font-size: 14px;\">&nbsp;</span><span style=\"font-family: 宋体, SimSun; font-size: 14px;\">188元 &nbsp;&nbsp;</span><label for=\"\"><span style=\"font-family: 宋体, SimSun; font-size: 14px;\">产品规格</span></label><span style=\"font-family: 宋体, SimSun; font-size: 14px;\">&nbsp;</span><span style=\"font-family: 宋体, SimSun; font-size: 14px;\">40g+80ml</span></p><p><label for=\"\"><span style=\"font-family: 宋体, SimSun; font-size: 14px;\"><br/></span></label></p><p><label for=\"\"><span style=\"font-family: 宋体, SimSun; font-size: 14px;\">产品功效</span></label><span style=\"font-family: 宋体, SimSun; font-size: 14px;\">&nbsp;</span></p><p><span style=\"font-family: 宋体, SimSun; font-size: 14px;\">城市伤害3维终结热夏肌肤灭火泡芙，随行修护&nbsp;便携式随行喷瓶设计</span></p><p><br/></p>', 1505875106, '', NULL, NULL, 10, NULL, NULL, NULL, NULL);
INSERT INTO `jk_shop_goods` VALUES (900, '11019008', '蓝珊瑚矿物水养黑白双膜组合', '168.00', 73, 1, '<div class=\"group\" style=\"margin-bottom: 15px; color: rgb(34, 34, 34); font-family: &#39;Helvetica Neue&#39;, &#39;Hiragino Sans GB&#39;, &#39;Microsoft YaHei&#39;, 黑体, Arial, sans-serif; font-size: 14px; line-height: 22.4px; white-space: normal; background-color: rgb(255, 255, 255);\"><p><span style=\"font-family: 宋体, SimSun; font-size: 14px;\">蓝珊瑚矿物水养黑白双膜组合</span></p><p><label for=\"\" style=\"font-family: sans-serif; font-size: 16px;\"><span style=\"font-family: 宋体, SimSun; font-size: 14px;\"><br/></span></label></p><p><label for=\"\" style=\"font-family: sans-serif; font-size: 16px;\"><span style=\"font-family: 宋体, SimSun; font-size: 14px;\">产品价格</span></label><span style=\"font-family: 宋体, SimSun;\">&nbsp;</span><span style=\"font-family: 宋体, SimSun;\">168元 &nbsp;&nbsp;</span><label for=\"\" style=\"font-family: sans-serif; font-size: 16px;\"><span style=\"font-family: 宋体, SimSun; font-size: 14px;\">产品规格</span></label><span style=\"font-family: 宋体, SimSun;\">&nbsp;</span><span style=\"font-family: 宋体, SimSun;\">2+6</span></p><p><label for=\"\" style=\"font-family: sans-serif; font-size: 16px;\"><span style=\"font-family: 宋体, SimSun; font-size: 14px;\"><br/></span></label></p><p><label for=\"\" style=\"font-family: sans-serif; font-size: 16px;\"><span style=\"font-family: 宋体, SimSun; font-size: 14px;\">产品功效</span></label><span style=\"font-family: 宋体, SimSun;\">&nbsp;</span></p><p><span style=\"font-family: 宋体, SimSun;\">黑膜净颜2片+白膜水漾6片 极地蓝珊瑚矿物水养，为肌肤补饱水份，还原肌肤水润充盈。</span></p><p><label for=\"\" style=\"font-family: sans-serif; font-size: 16px;\"><span style=\"font-family: 宋体, SimSun; font-size: 14px;\"><br/></span></label></p><p><label for=\"\" style=\"font-family: sans-serif; font-size: 16px;\"><span style=\"font-family: 宋体, SimSun; font-size: 14px;\">使用方法</span></label><span style=\"font-family: 宋体, SimSun;\">&nbsp;</span></p><p><span style=\"font-family: 宋体, SimSun;\">建议每周使用1片黑膜加3片白膜：第一次使用黑膜5分钟，后使用白膜10分钟；第二、三次使用面膜时，单独使用白膜10分钟即可。</span></p></div><p><br/></p>', 1505875220, '', NULL, NULL, 10, NULL, NULL, NULL, NULL);
INSERT INTO `jk_shop_goods` VALUES (901, '11023005', '双蜂奢颜紧致提升黑白双膜组合', '198.00', 73, 1, '<div class=\"group\" style=\"margin-bottom: 15px; color: rgb(34, 34, 34); font-family: &#39;Helvetica Neue&#39;, &#39;Hiragino Sans GB&#39;, &#39;Microsoft YaHei&#39;, 黑体, Arial, sans-serif; font-size: 14px; line-height: 22.4px; white-space: normal; background-color: rgb(255, 255, 255);\"><p><span style=\"font-family: 宋体, SimSun; font-size: 14px;\">双蜂奢颜紧致提升黑白双膜组合</span></p><p><label for=\"\" style=\"font-family: sans-serif; font-size: 16px;\"><span style=\"font-family: 宋体, SimSun; font-size: 14px;\"><br/></span></label></p><p><label for=\"\" style=\"font-family: sans-serif; font-size: 16px;\"><span style=\"font-family: 宋体, SimSun; font-size: 14px;\">产品价格</span></label><span style=\"font-family: 宋体, SimSun;\">&nbsp;</span><span style=\"font-family: 宋体, SimSun;\">198元 &nbsp;&nbsp;</span><label for=\"\" style=\"font-family: sans-serif; font-size: 16px;\"><span style=\"font-family: 宋体, SimSun; font-size: 14px;\">产品规格</span></label><span style=\"font-family: 宋体, SimSun;\">&nbsp;</span><span style=\"font-family: 宋体, SimSun;\">2+6</span></p><p><label for=\"\" style=\"font-family: sans-serif; font-size: 16px;\"><span style=\"font-family: 宋体, SimSun; font-size: 14px;\"><br/></span></label></p><p><label for=\"\" style=\"line-height: 22.4px; font-family: sans-serif; font-size: 16px;\"><span style=\"font-family: 宋体, SimSun; font-size: 14px;\">产品功效</span></label><span style=\"line-height: 22.4px; font-family: 宋体, SimSun;\">&nbsp;</span></p><p><span style=\"font-family: 宋体, SimSun;\">清以紧致，养以弹润 任何肌肤，尤其适合晦暗、不够透亮的肌肤。</span></p><p><label for=\"\" style=\"font-family: sans-serif; font-size: 16px;\"><span style=\"font-family: 宋体, SimSun; font-size: 14px;\"><br/></span></label></p><p><label for=\"\" style=\"font-family: sans-serif; font-size: 16px;\"><span style=\"font-family: 宋体, SimSun; font-size: 14px;\">使用方法</span></label><span style=\"font-family: 宋体, SimSun;\">&nbsp;</span></p><p><span style=\"font-family: 宋体, SimSun;\">建议每周使用1片黑膜加3片白膜：第一次使用黑膜5分钟，后使用白膜10分钟；第二、三次使用面膜时，单独使用白膜10分钟即可。</span></p></div><p><br/></p>', 1505875341, '', NULL, NULL, 10, NULL, NULL, NULL, NULL);
INSERT INTO `jk_shop_goods` VALUES (902, '11021011', '蜂丹玉露紧致淡纹黑白眼膜组合', '198.00', 73, 1, '<div class=\"group\" style=\"margin-bottom: 15px; color: rgb(34, 34, 34); font-family: &#39;Helvetica Neue&#39;, &#39;Hiragino Sans GB&#39;, &#39;Microsoft YaHei&#39;, 黑体, Arial, sans-serif; font-size: 14px; line-height: 22.4px; white-space: normal; background-color: rgb(255, 255, 255);\"><p><span style=\"font-family: 宋体, SimSun; font-size: 14px;\">蜂丹玉露紧致淡纹黑白眼膜组合</span></p><p><label for=\"\" style=\"font-family: sans-serif; font-size: 16px;\"><span style=\"font-family: 宋体, SimSun; font-size: 14px;\"><br/></span></label></p><p><label for=\"\" style=\"font-family: sans-serif; font-size: 16px;\"><span style=\"font-family: 宋体, SimSun; font-size: 14px;\">产品价格</span></label><span style=\"font-family: 宋体, SimSun;\">&nbsp;</span><span style=\"font-family: 宋体, SimSun;\">198元 &nbsp;&nbsp;</span><label for=\"\" style=\"line-height: 22.4px; font-family: sans-serif; font-size: 16px;\"><span style=\"font-family: 宋体, SimSun; font-size: 14px;\">产品规格</span></label><span style=\"line-height: 22.4px; font-family: 宋体, SimSun;\">&nbsp;</span><span style=\"font-family: 宋体, SimSun;\">6+6</span></p><p><label for=\"\" style=\"font-family: sans-serif; font-size: 16px;\"><span style=\"font-family: 宋体, SimSun; font-size: 14px;\"><br/></span></label></p><p><label for=\"\" style=\"font-family: sans-serif; font-size: 16px;\"><span style=\"font-family: 宋体, SimSun; font-size: 14px;\">产品功效</span></label><span style=\"font-family: 宋体, SimSun;\">&nbsp;</span></p><p><span style=\"font-family: 宋体, SimSun;\">“黑金”备长炭，层层净化，收细毛孔。 每周敷着眼周1~2次，有助于眼部细纹、干纹，还原眼周肌肤的饱满，绽放年轻双眸。</span></p><p><label for=\"\" style=\"font-family: sans-serif; font-size: 16px;\"><span style=\"font-family: 宋体, SimSun; font-size: 14px;\"><br/></span></label></p><p><label for=\"\" style=\"font-family: sans-serif; font-size: 16px;\"><span style=\"font-family: 宋体, SimSun; font-size: 14px;\">使用方法</span></label><span style=\"font-family: 宋体, SimSun;\">&nbsp;</span></p><p><span style=\"font-family: 宋体, SimSun;\">建议每次先使用黑膜5分钟，后使用白膜10分钟，以达到更好的效果。</span></p></div><p><br/></p>', 1505875410, '', NULL, NULL, 10, NULL, NULL, NULL, NULL);
INSERT INTO `jk_shop_goods` VALUES (903, '11039002', '丸美巧克力青春丝滑水', '￥218.00', 73, 1, '', 1563245474, 'http://p.marubi.cn/backend/Uploads/Video/20190625/5d11d56726fc9.mp4', '/backend/Uploads/Shop/goods/20190625/5d11d59784932.JPG', '', 1, '190ml', '<p>1. 调理年轻肌肤第一道屏障</p><p>2. 丝质化妆水，包裹着COCOA活性原精华和ALISTIN活性肽以及乳酸钠、葡糖酸钠等保湿成分，改善潜在老化，减少粗糙，打造水润丝滑肌。</p><p><br/></p>', '', '<p>1. 专利技术：法国COCOA（欧盟细胞培养专利技术），专利号EP 1485&nbsp; 064 B1；法国ALISTIN活性肽，专利号WO 94/19325；法国AQUA-OSMOLINE，专利号FR 2954697。</p><p>2. 功效认证：广州质量监督检测研究院检测，56天，纹理减淡，弹性增加，水分饱满，年轻丝滑可触可见。</p><p><br/></p>');
INSERT INTO `jk_shop_goods` VALUES (904, '11039006', '丸美巧克力青春丝滑深润霜', '268.00', 73, 1, '', 1571621617, '', '', '', 1, '50g', '<p>1. 润泽秋冬，丝滑水嫩不干燥</p><p>2. 添加可可籽提取物及双重美容专利技术，对抗老化。其抗氧化保湿力，深深润养肌肤，改善潜在纹、微皱纹、细纹、干燥、粗糙、暗沉、暗沉、毛孔粗大等潜在老化，达致丝缎般致密、光滑、细嫩。</p><p><br/></p>', '', '<p>1. 专利技术：法国ALISTIN活性肽，专利号WO 94/19325；法国Naolys植物细胞培养技术，专利号：EP&nbsp; 1485&nbsp; 064 B1</p>');
INSERT INTO `jk_shop_goods` VALUES (905, '11039001', '丸美巧克力青春丝滑洁面啫喱', '168.00', 73, 1, '<div class=\"group\" style=\"margin-bottom: 15px; color: rgb(34, 34, 34); font-family: &#39;Helvetica Neue&#39;, &#39;Hiragino Sans GB&#39;, &#39;Microsoft YaHei&#39;, 黑体, Arial, sans-serif; font-size: 14px; line-height: 22.4px; white-space: normal; background-color: rgb(255, 255, 255);\"><p><span style=\"font-family: 宋体, SimSun; font-size: 14px;\">丸美巧克力青春丝滑洁面啫喱</span></p><p><label for=\"\" style=\"font-family: sans-serif; font-size: 16px;\"><span style=\"font-family: 宋体, SimSun; font-size: 14px;\"><br/></span></label></p><p><label for=\"\" style=\"font-family: sans-serif; font-size: 16px;\"><span style=\"font-family: 宋体, SimSun; font-size: 14px;\">产品价格</span></label><span style=\"font-family: 宋体, SimSun;\">&nbsp;</span><span style=\"font-family: 宋体, SimSun;\">168元 &nbsp;&nbsp;</span><label for=\"\" style=\"font-family: sans-serif; font-size: 16px;\"><span style=\"font-family: 宋体, SimSun; font-size: 14px;\">产品规格</span></label><span style=\"font-family: 宋体, SimSun;\">&nbsp;</span><span style=\"font-family: 宋体, SimSun;\">120g</span></p><p><label for=\"\" style=\"font-family: sans-serif; font-size: 16px;\"><span style=\"font-family: 宋体, SimSun; font-size: 14px;\"><br/></span></label></p><p><label for=\"\" style=\"font-family: sans-serif; font-size: 16px;\"><span style=\"font-family: 宋体, SimSun; font-size: 14px;\">产品功效</span></label><span style=\"font-family: 宋体, SimSun;\">&nbsp;</span></p><p><span style=\"font-family: 宋体, SimSun;\">净、透、嫩，让肌肤卸下一天的疲惫</span></p><p><label for=\"\" style=\"font-family: sans-serif; font-size: 16px;\"><span style=\"font-family: 宋体, SimSun; font-size: 14px;\"><br/></span></label></p><p><label for=\"\" style=\"font-family: sans-serif; font-size: 16px;\"><span style=\"font-family: 宋体, SimSun; font-size: 14px;\">使用方法</span></label><span style=\"font-family: 宋体, SimSun;\">&nbsp;</span></p><p><span style=\"font-family: 宋体, SimSun;\">取花生米大小于手掌心，加水在手里打出丰盈的泡沫，以打圈的方式在脸上按摩，以清水充分洗净即可。</span></p></div><p><br/></p>', 1505875660, '', NULL, NULL, 10, NULL, NULL, NULL, NULL);
INSERT INTO `jk_shop_goods` VALUES (906, '11039007', '丸美巧克力青春丝滑慕丝霜', '238.00', 73, 1, '<div class=\"group\" style=\"margin-bottom: 15px; color: rgb(34, 34, 34); font-family: &#39;Helvetica Neue&#39;, &#39;Hiragino Sans GB&#39;, &#39;Microsoft YaHei&#39;, 黑体, Arial, sans-serif; font-size: 14px; line-height: 22.4px; white-space: normal; background-color: rgb(255, 255, 255);\"><p><span style=\"font-family: 宋体, SimSun; font-size: 14px;\">丸美巧克力青春丝滑慕丝霜</span></p><p><label for=\"\" style=\"font-family: sans-serif; font-size: 16px;\"><span style=\"font-family: 宋体, SimSun; font-size: 14px;\"><br/></span></label></p><p><label for=\"\" style=\"font-family: sans-serif; font-size: 16px;\"><span style=\"font-family: 宋体, SimSun; font-size: 14px;\">产品价格</span></label><span style=\"font-family: 宋体, SimSun;\">&nbsp;</span><span style=\"font-family: 宋体, SimSun;\">238元 &nbsp;&nbsp;</span><label for=\"\" style=\"font-family: sans-serif; font-size: 16px;\"><span style=\"font-family: 宋体, SimSun; font-size: 14px;\">产品规格</span></label><span style=\"font-family: 宋体, SimSun;\">&nbsp;</span><span style=\"font-family: 宋体, SimSun;\">50g</span></p><p><label for=\"\" style=\"font-family: sans-serif; font-size: 16px;\"><span style=\"font-family: 宋体, SimSun; font-size: 14px;\"><br/></span></label></p><p><label for=\"\" style=\"font-family: sans-serif; font-size: 16px;\"><span style=\"font-family: 宋体, SimSun; font-size: 14px;\">产品功效</span></label><span style=\"font-family: 宋体, SimSun;\">&nbsp;</span></p><p><span style=\"font-family: 宋体, SimSun;\">改善潜在老化，悦享滋润和轻盈兼得的美妙丝滑&nbsp;</span></p><p><label for=\"\" style=\"font-family: sans-serif; font-size: 16px;\"><span style=\"font-family: 宋体, SimSun; font-size: 14px;\"><br/></span></label></p><p><label for=\"\" style=\"font-family: sans-serif; font-size: 16px;\"><span style=\"font-family: 宋体, SimSun; font-size: 14px;\">使用方法</span></label><span style=\"font-family: 宋体, SimSun;\">&nbsp;</span></p><p><span style=\"font-family: 宋体, SimSun;\">1、取适量于手心。 2、用双手覆盖全脸，由脸部中央由内向外，自下向上涂抹。 3、双手于下颌部位，由内而外，自下向上提拉涂抹。</span></p></div><p><br/></p>', 1505875921, '', NULL, NULL, 10, NULL, NULL, NULL, NULL);
INSERT INTO `jk_shop_goods` VALUES (907, '11038006', '丸美弹力蛋白凝时紧致霜', '338.00', 73, 1, '', 1571640263, 'http://p.marubi.cn/backend/Uploads/Video/20191021/5dad53c287d08.mp4', '/backend/Uploads/Shop/goods/20191021/5dad52ecd5b88.JPG', '', 1, '50g', '<p>提拉紧致 深度滋养</p><p>添加多种亲肤保湿成分，配方温和细腻，水弹不紧绷，还能赋予肌肤明净、透亮、水润质感。弹力蛋白精华有效抚平皱纹，修复肌肤，增强肌肤弹力，重唤肌肤年轻光采</p>', '', '<p>1. 专利技术：肌肤紧实技术INSTENSYL（木薯淀粉），发明专利FR 2969489-A1</p>');
INSERT INTO `jk_shop_goods` VALUES (908, '11038005', '丸美弹力蛋白凝时紧致乳', '￥368.00', 73, 1, '', 1563245346, 'http://p.marubi.cn/backend/Uploads/Video/20190625/5d11c8004a5c8.mp4', '/backend/Uploads/Shop/goods/20190625/5d11c82682fa1.JPG', '80g', 1, '80g', '<p>1. 皱纹隐形，重塑肌肤内弹力</p><p>2. 弹力蛋白精华，皱纹隐形，赋予肌肤强韧弹力；融合肌肤紧实技术INSTENSYL，细腻紧致，赋予肌肤外弹力。</p><p><br/></p>', '', '<p>专利技术：肌肤紧实技术INSTENSYL（木薯淀粉），发明专利FR 2969489-A1；可溶性蛋白多糖，发明专利JP3731150B2；水解大豆细粉，发明专利FR2958546A1；β-葡聚糖，发明专利Korea 10-0295623</p>');
INSERT INTO `jk_shop_goods` VALUES (909, '11047008', '丸美白色之恋纯白淡黑眼霜', '￥338.00', 73, 1, '', 1563245492, 'http://pr.marubi.cn/backend/Uploads/Video/20190625/5d11d68b3e2b3.mp4', '/backend/Uploads/Shop/goods/20190625/5d11d6983ebac.JPG', '', 1, '20g', '<p>1. 手心般的温度，更快去黑眼圈</p><p>2. 首创温感科技，手心般的温度，更快淡化黑眼圈；独家淡黑专利，破解眼周吸收难题，更有效地淡化黑眼圈；日本双项专利VC-IP，淡化眼周斑，眼周更无暇。</p><p><br/></p>', '', '<p>1. 专利技术：独家淡黑专利FR3048360B1；日本双项专利VC-IP。</p><p>2. 不添加类固醇，人工色素，矿物油</p><p>3. 功效认证：广州质量监督检测研究院检测，持续使用8周，黑眼圈的淡化有效率高达70%。</p><p>4. 奖项：Onlylady-2017年度最受欢迎眼霜</p><p><br/></p>');
INSERT INTO `jk_shop_goods` VALUES (910, '11047001', '丸美纯色之恋柔肤卸妆水', '218.00', 73, 1, '<div class=\"group\" style=\"margin-bottom: 15px; color: rgb(34, 34, 34); font-family: &#39;Helvetica Neue&#39;, &#39;Hiragino Sans GB&#39;, &#39;Microsoft YaHei&#39;, 黑体, Arial, sans-serif; font-size: 14px; line-height: 22.4px; white-space: normal; background-color: rgb(255, 255, 255);\"><p><span style=\"font-family: 宋体, SimSun; font-size: 14px;\">丸美纯色之恋柔肤卸妆水</span></p><p><label for=\"\" style=\"font-family: sans-serif; font-size: 16px;\"><span style=\"font-family: 宋体, SimSun; font-size: 14px;\"><br/></span></label></p><p><label for=\"\" style=\"font-family: sans-serif; font-size: 16px;\"><span style=\"font-family: 宋体, SimSun; font-size: 14px;\">产品价格</span></label><span style=\"font-family: 宋体, SimSun;\">&nbsp;</span><span style=\"font-family: 宋体, SimSun;\">218元 &nbsp;&nbsp;</span><label for=\"\" style=\"font-family: sans-serif; font-size: 16px;\"><span style=\"font-family: 宋体, SimSun; font-size: 14px;\">产品规格</span></label><span style=\"font-family: 宋体, SimSun;\">&nbsp;</span><span style=\"font-family: 宋体, SimSun;\">200ml</span></p><p><label for=\"\" style=\"font-family: sans-serif; font-size: 16px;\"><span style=\"font-family: 宋体, SimSun; font-size: 14px;\"><br/></span></label></p><p><label for=\"\" style=\"font-family: sans-serif; font-size: 16px;\"><span style=\"font-family: 宋体, SimSun; font-size: 14px;\">产品功效</span></label><span style=\"font-family: 宋体, SimSun;\">&nbsp;</span></p><p><span style=\"font-family: 宋体, SimSun;\">兼具油的洁净、乳的温和、水的清爽，十次卸妆都不干。</span></p><p><label for=\"\" style=\"font-family: sans-serif; font-size: 16px;\"><span style=\"font-family: 宋体, SimSun; font-size: 14px;\"><br/></span></label></p><p><label for=\"\" style=\"font-family: sans-serif; font-size: 16px;\"><span style=\"font-family: 宋体, SimSun; font-size: 14px;\">使用方法</span></label><span style=\"font-family: 宋体, SimSun;\">&nbsp;</span></p><p><span style=\"font-family: 宋体, SimSun;\">用化妆棉取卸妆水，轻轻擦拭眼部与脸部彩妆至完全洁净即可。</span></p></div><p><br/></p>', 1505876817, '', NULL, NULL, 10, NULL, NULL, NULL, NULL);
INSERT INTO `jk_shop_goods` VALUES (911, '11047005', '丸美白色之恋纯白乳', '308.00', 73, 1, '', 1571640009, 'http://p.marubi.cn/backend/Uploads/Video/20191021/5dad52c697347.mp4', '/backend/Uploads/Shop/goods/20191021/5dad52bda6716.JPG', '', 1, '100g', '<p>1. 破译黯沉黄气，绽现年轻纯白</p><p>2. 来自日本的核心美白成分，改善暗沉、斑点、干纹细纹、令肌肤散发透亮光泽。</p><p><br/></p>', '', '<p>1. 专利技术：日本双项专利VC-IP，专利号：特许第3253735号，特许第4574384号；β-葡聚糖，专利号：Korea&nbsp; 10-0295632,USA&nbsp; US6,251,877,France FR2776668.</p>');
INSERT INTO `jk_shop_goods` VALUES (912, '11045003', '丸美鲜颜焕亮气垫BB霜（粉嫩）', '338.00', 73, 1, '<div class=\"group\" style=\"margin-bottom: 15px; color: rgb(34, 34, 34); font-family: &#39;Helvetica Neue&#39;, &#39;Hiragino Sans GB&#39;, &#39;Microsoft YaHei&#39;, 黑体, Arial, sans-serif; font-size: 14px; line-height: 22.4px; white-space: normal; background-color: rgb(255, 255, 255);\"><p><span style=\"font-family: 宋体, SimSun; font-size: 14px;\">丸美鲜颜焕亮气垫BB霜（粉嫩）</span></p><p><label for=\"\" style=\"font-family: sans-serif; font-size: 16px;\"><span style=\"font-family: 宋体, SimSun; font-size: 14px;\"><br/></span></label></p><p><label for=\"\" style=\"font-family: sans-serif; font-size: 16px;\"><span style=\"font-family: 宋体, SimSun; font-size: 14px;\">产品价格</span></label><span style=\"font-family: 宋体, SimSun;\">&nbsp;</span><span style=\"font-family: 宋体, SimSun;\">338元 &nbsp;&nbsp;</span><label for=\"\" style=\"font-family: sans-serif; font-size: 16px;\"><span style=\"font-family: 宋体, SimSun; font-size: 14px;\">产品规格</span></label><span style=\"font-family: 宋体, SimSun;\">&nbsp;</span><span style=\"font-family: 宋体, SimSun;\">15g*2</span></p><p><label for=\"\" style=\"font-family: sans-serif; font-size: 16px;\"><span style=\"font-family: 宋体, SimSun; font-size: 14px;\"><br/></span></label></p><p><label for=\"\" style=\"font-family: sans-serif; font-size: 16px;\"><span style=\"font-family: 宋体, SimSun; font-size: 14px;\">产品功效</span></label><span style=\"font-family: 宋体, SimSun;\">&nbsp;</span></p><p><span style=\"font-family: 宋体, SimSun;\">片片“花瓣”贴服肌肤，持久不脱妆 鲜花粉粒柔光漫反射&nbsp;完美遮瑕</span></p><p><label for=\"\" style=\"font-family: sans-serif; font-size: 16px;\"><span style=\"font-family: 宋体, SimSun; font-size: 14px;\"><br/></span></label></p><p><label for=\"\" style=\"font-family: sans-serif; font-size: 16px;\"><span style=\"font-family: 宋体, SimSun; font-size: 14px;\">使用方式</span></label><span style=\"font-family: 宋体, SimSun;\">&nbsp;</span></p></div><p><span style=\"font-family: 宋体, SimSun; font-size: 14px;\">基础护理后，轻压粉芯使BB霜花般溢出，用粉扑取适量，由内至外，按压式涂抹均匀即可，如想要增加遮瑕力，可重复涂抹一次。</span></p><p><br/></p>', 1505877769, '', NULL, NULL, 10, NULL, NULL, NULL, NULL);
INSERT INTO `jk_shop_goods` VALUES (913, '11045001', '丸美鲜颜焕亮气垫BB霜（雪颜）', '338.00', 73, 1, '<div class=\"group\" style=\"margin-bottom: 15px; color: rgb(34, 34, 34); font-family: &#39;Helvetica Neue&#39;, &#39;Hiragino Sans GB&#39;, &#39;Microsoft YaHei&#39;, 黑体, Arial, sans-serif; font-size: 14px; line-height: 22.4px; white-space: normal; background-color: rgb(255, 255, 255);\"><p><span style=\"font-family: 宋体, SimSun; font-size: 14px;\">丸美鲜颜焕亮气垫BB霜（雪颜）</span></p><p><label for=\"\" style=\"font-family: sans-serif; font-size: 16px;\"><span style=\"font-family: 宋体, SimSun; font-size: 14px;\"><br/></span></label></p><p><label for=\"\" style=\"font-family: sans-serif; font-size: 16px;\"><span style=\"font-family: 宋体, SimSun; font-size: 14px;\">产品价格</span></label><span style=\"font-family: 宋体, SimSun;\">&nbsp;</span><span style=\"font-family: 宋体, SimSun;\">338元 &nbsp;&nbsp;</span><label for=\"\" style=\"font-family: sans-serif; font-size: 16px;\"><span style=\"font-family: 宋体, SimSun; font-size: 14px;\">产品规格</span></label><span style=\"font-family: 宋体, SimSun;\">&nbsp;</span><span style=\"font-family: 宋体, SimSun;\">15g*2</span></p><p><label for=\"\" style=\"font-family: sans-serif; font-size: 16px;\"><span style=\"font-family: 宋体, SimSun; font-size: 14px;\"><br/></span></label></p><p><label for=\"\" style=\"font-family: sans-serif; font-size: 16px;\"><span style=\"font-family: 宋体, SimSun; font-size: 14px;\">产品功效</span></label><span style=\"font-family: 宋体, SimSun;\">&nbsp;</span></p><p><span style=\"font-family: 宋体, SimSun;\">片片“花瓣”贴服肌肤，持久不脱妆 鲜花粉粒柔光漫反射 完美遮瑕</span></p><p><label for=\"\" style=\"font-family: sans-serif; font-size: 16px;\"><span style=\"font-family: 宋体, SimSun; font-size: 14px;\"><br/></span></label></p><p><label for=\"\" style=\"font-family: sans-serif; font-size: 16px;\"><span style=\"font-family: 宋体, SimSun; font-size: 14px;\">使用方法</span></label><span style=\"font-family: 宋体, SimSun;\">&nbsp;</span></p><p><span style=\"font-family: 宋体, SimSun;\">基础护理后，轻压粉芯使BB霜花般溢出，用粉扑取适量，由内至外，按压式涂抹均匀即可，如想要增加遮瑕力，可重复涂抹一次。</span></p></div><p><br/></p>', 1505877956, '', NULL, NULL, 10, NULL, NULL, NULL, NULL);
INSERT INTO `jk_shop_goods` VALUES (914, '11045002', '丸美鲜颜焕亮气垫BB霜（自然色）', '338.00', 73, 1, '<div class=\"group\" style=\"margin-bottom: 15px; color: rgb(34, 34, 34); font-family: &#39;Helvetica Neue&#39;, &#39;Hiragino Sans GB&#39;, &#39;Microsoft YaHei&#39;, 黑体, Arial, sans-serif; font-size: 14px; line-height: 22.4px; white-space: normal; background-color: rgb(255, 255, 255);\"><p><span style=\"font-family: 宋体, SimSun; font-size: 14px;\">丸美鲜颜焕亮气垫BB霜（自然）</span></p><p><label for=\"\" style=\"font-family: sans-serif; font-size: 16px;\"><span style=\"font-family: 宋体, SimSun; font-size: 14px;\"><br/></span></label></p><p><label for=\"\" style=\"font-family: sans-serif; font-size: 16px;\"><span style=\"font-family: 宋体, SimSun; font-size: 14px;\">产品价格</span></label><span style=\"font-family: 宋体, SimSun;\">&nbsp;</span><span style=\"font-family: 宋体, SimSun;\">338元 &nbsp;&nbsp;</span><label for=\"\" style=\"font-family: sans-serif; font-size: 16px;\"><span style=\"font-family: 宋体, SimSun; font-size: 14px;\">产品规格</span></label><span style=\"font-family: 宋体, SimSun;\">&nbsp;</span><span style=\"font-family: 宋体, SimSun;\">15g*2</span></p><p><label for=\"\" style=\"font-family: sans-serif; font-size: 16px;\"><span style=\"font-family: 宋体, SimSun; font-size: 14px;\"><br/></span></label></p><p><label for=\"\" style=\"font-family: sans-serif; font-size: 16px;\"><span style=\"font-family: 宋体, SimSun; font-size: 14px;\">产品功效</span></label><span style=\"font-family: 宋体, SimSun;\">&nbsp;</span></p><p><span style=\"font-family: 宋体, SimSun;\">片片“花瓣”贴服肌肤，持久不脱妆 鲜花粉粒柔光漫反射&nbsp;完美遮瑕</span></p><p><label for=\"\" style=\"font-family: sans-serif; font-size: 16px;\"><span style=\"font-family: 宋体, SimSun; font-size: 14px;\"><br/></span></label></p><p><label for=\"\" style=\"font-family: sans-serif; font-size: 16px;\"><span style=\"font-family: 宋体, SimSun; font-size: 14px;\">使用方式</span></label><span style=\"font-family: 宋体, SimSun;\">&nbsp;</span></p><p><span style=\"font-family: 宋体, SimSun;\">基础护理后，轻压粉芯使BB霜花般溢出，用粉扑取适量，由内至外，按压式涂抹均匀即可，如想要增加遮瑕力，可重复涂抹一次。</span></p></div><p><br/></p>', 1547436416, '', NULL, '', 1, NULL, NULL, NULL, NULL);
INSERT INTO `jk_shop_goods` VALUES (915, '11047002', '丸美纯色之恋净澈洁面膏', '218.00', 73, 1, '<div class=\"group\" style=\"margin-bottom: 15px; color: rgb(34, 34, 34); font-family: &#39;Helvetica Neue&#39;, &#39;Hiragino Sans GB&#39;, &#39;Microsoft YaHei&#39;, 黑体, Arial, sans-serif; font-size: 14px; line-height: 22.4px; white-space: normal; background-color: rgb(255, 255, 255);\"><p><span style=\"font-family: 宋体, SimSun; font-size: 14px;\">丸美纯色之恋净澈洁面膏</span></p><p><label for=\"\" style=\"font-family: sans-serif; font-size: 16px;\"><span style=\"font-family: 宋体, SimSun; font-size: 14px;\"><br/></span></label></p><p><label for=\"\" style=\"font-family: sans-serif; font-size: 16px;\"><span style=\"font-family: 宋体, SimSun; font-size: 14px;\">产品价格</span></label><span style=\"font-family: 宋体, SimSun;\">&nbsp;</span><span style=\"font-family: 宋体, SimSun;\">218元 &nbsp;&nbsp;</span><label for=\"\" style=\"font-family: sans-serif; font-size: 16px;\"><span style=\"font-family: 宋体, SimSun; font-size: 14px;\">产品规格</span></label><span style=\"font-family: 宋体, SimSun;\">&nbsp;</span><span style=\"font-family: 宋体, SimSun;\">120g</span></p><p><label for=\"\" style=\"font-family: sans-serif; font-size: 16px;\"><span style=\"font-family: 宋体, SimSun; font-size: 14px;\"><br/></span></label></p><p><label for=\"\" style=\"font-family: sans-serif; font-size: 16px;\"><span style=\"font-family: 宋体, SimSun; font-size: 14px;\">产品功效</span></label><span style=\"font-family: 宋体, SimSun;\">&nbsp;</span></p><p><span style=\"font-family: 宋体, SimSun;\">赋活循环，黯沉去得快 清洁水润</span></p><p><label for=\"\" style=\"font-family: sans-serif; font-size: 16px;\"><span style=\"font-family: 宋体, SimSun; font-size: 14px;\"><br/></span></label></p><p><label for=\"\" style=\"font-family: sans-serif; font-size: 16px;\"><span style=\"font-family: 宋体, SimSun; font-size: 14px;\">使用方法</span></label><span style=\"font-family: 宋体, SimSun;\">&nbsp;</span></p><p><span style=\"font-family: 宋体, SimSun;\">先用双手湿润面部，再取适量于掌心，稍稍揉搓即产生细腻丰富的泡沫，于脸部打圈按摩，再用清水洗净即可。</span></p></div><p><br/></p>', 1505878042, '', NULL, NULL, 10, NULL, NULL, NULL, NULL);
INSERT INTO `jk_shop_goods` VALUES (916, '11042015', '丸美雪绒花纯净保湿喷雾', '158.00', 73, 1, '<p><span style=\"font-family: 宋体, SimSun; font-size: 14px;\">&nbsp;</span></p><p><span style=\"font-family: 宋体, SimSun; font-size: 14px;\">丸美雪绒花纯净保湿喷雾</span></p><p><label for=\"\"><span style=\"font-family: 宋体, SimSun; font-size: 14px;\"><br/></span></label></p><p><label for=\"\"><span style=\"font-family: 宋体, SimSun; font-size: 14px;\">产品价格</span></label><span style=\"font-family: 宋体, SimSun; font-size: 14px;\">&nbsp;</span><span style=\"font-family: 宋体, SimSun; font-size: 14px;\">158元 &nbsp;&nbsp;</span><label for=\"\"><span style=\"font-family: 宋体, SimSun; font-size: 14px;\">产品规格</span></label><span style=\"font-family: 宋体, SimSun; font-size: 14px;\">&nbsp;</span><span style=\"font-family: 宋体, SimSun; font-size: 14px;\">150ml</span></p><p><label for=\"\"><span style=\"font-family: 宋体, SimSun; font-size: 14px;\"><br/></span></label></p><p><label for=\"\"><span style=\"font-family: 宋体, SimSun; font-size: 14px;\">产品功效</span></label><span style=\"font-family: 宋体, SimSun; font-size: 14px;\">&nbsp;</span></p><p><span style=\"font-family: 宋体, SimSun; font-size: 14px;\">水漾有活力 云雾之轻 水润喷涌</span></p><p><label for=\"\"><span style=\"font-family: 宋体, SimSun; font-size: 14px;\"><br/></span></label></p><p><label for=\"\"><span style=\"font-family: 宋体, SimSun; font-size: 14px;\">使用方法</span></label><span style=\"font-family: 宋体, SimSun; font-size: 14px;\">&nbsp;</span></p><p><span style=\"font-family: 宋体, SimSun; font-size: 14px;\">将喷雾距离脸部15-20公分闭眼轻按喷头喷洒于脸部肌肤 无妆或妆前使用：用指腹按摩吸收即可。 妆后使用：停留15秒用纸巾印干即可</span></p><p><br/></p>', 1505878105, '', NULL, NULL, 10, NULL, NULL, NULL, NULL);
INSERT INTO `jk_shop_goods` VALUES (917, '11042007', '丸美雪绒花纯净保湿深润霜', '268.00', 73, 1, '<p><span style=\"font-family: 宋体, SimSun; font-size: 14px;\">&nbsp;</span></p><p><span style=\"font-family: 宋体, SimSun; font-size: 14px;\">丸美雪绒花纯净保湿深润霜</span></p><p><label for=\"\"><span style=\"font-family: 宋体, SimSun; font-size: 14px;\"><br/></span></label></p><p><label for=\"\"><span style=\"font-family: 宋体, SimSun; font-size: 14px;\">产品价格</span></label><span style=\"font-family: 宋体, SimSun; font-size: 14px;\">&nbsp;</span><span style=\"font-family: 宋体, SimSun; font-size: 14px;\">268元 &nbsp;&nbsp;</span><label for=\"\"><span style=\"font-family: 宋体, SimSun; font-size: 14px;\">产品规格</span></label><span style=\"font-family: 宋体, SimSun; font-size: 14px;\">&nbsp;</span><span style=\"font-family: 宋体, SimSun; font-size: 14px;\">50g</span></p><p><label for=\"\"><span style=\"font-family: 宋体, SimSun; font-size: 14px;\"><br/></span></label></p><p><label for=\"\"><span style=\"font-family: 宋体, SimSun; font-size: 14px;\">产品功效</span></label><span style=\"font-family: 宋体, SimSun; font-size: 14px;\">&nbsp;</span></p><p><span style=\"font-family: 宋体, SimSun; font-size: 14px;\">液晶结构,好吸收,更亲肤,深润透</span></p><p><label for=\"\"><span style=\"font-family: 宋体, SimSun; font-size: 14px;\"><br/></span></label></p><p><label for=\"\"><span style=\"font-family: 宋体, SimSun; font-size: 14px;\">使用方法</span></label><span style=\"font-family: 宋体, SimSun; font-size: 14px;\">&nbsp;</span></p><p><span style=\"font-family: 宋体, SimSun; font-size: 14px;\">取适量点涂于，额部，鼻部，双颊和下巴，由内至外，由下至上涂抹均匀即可。也可先取适量于掌心，稍加揉搓均匀涂沫全脸。</span></p><p><br/></p>', 1505878172, '', NULL, NULL, 10, NULL, NULL, NULL, NULL);
INSERT INTO `jk_shop_goods` VALUES (918, '11042005', '丸美雪绒花纯净保湿精华素', '328.00', 73, 1, '<div class=\"group\" style=\"margin-bottom: 15px; color: rgb(34, 34, 34); font-family: &#39;Helvetica Neue&#39;, &#39;Hiragino Sans GB&#39;, &#39;Microsoft YaHei&#39;, 黑体, Arial, sans-serif; font-size: 14px; line-height: 22.4px; white-space: normal; background-color: rgb(255, 255, 255);\"><p><span style=\"font-family: 宋体, SimSun; font-size: 14px;\">丸美雪绒花纯净保湿精华素</span></p><p><label for=\"\" style=\"font-family: sans-serif; font-size: 16px;\"><span style=\"font-family: 宋体, SimSun; font-size: 14px;\"><br/></span></label></p><p><label for=\"\" style=\"font-family: sans-serif; font-size: 16px;\"><span style=\"font-family: 宋体, SimSun; font-size: 14px;\">产品价格</span></label><span style=\"font-family: 宋体, SimSun;\">&nbsp;</span><span style=\"font-family: 宋体, SimSun;\">328元 &nbsp;&nbsp;</span><label for=\"\" style=\"font-family: sans-serif; font-size: 16px;\"><span style=\"font-family: 宋体, SimSun; font-size: 14px;\">产品规格</span></label><span style=\"font-family: 宋体, SimSun;\">&nbsp;</span><span style=\"font-family: 宋体, SimSun;\">35g</span></p><p><label for=\"\" style=\"font-family: sans-serif; font-size: 16px;\"><span style=\"font-family: 宋体, SimSun; font-size: 14px;\"><br/></span></label></p><p><label for=\"\" style=\"font-family: sans-serif; font-size: 16px;\"><span style=\"font-family: 宋体, SimSun; font-size: 14px;\">产品功效</span></label><span style=\"font-family: 宋体, SimSun;\">&nbsp;</span></p><p><span style=\"font-family: 宋体, SimSun;\">浓醇精华，加效修护极干肌肤</span></p><p><label for=\"\" style=\"font-family: sans-serif; font-size: 16px;\"><span style=\"font-family: 宋体, SimSun; font-size: 14px;\"><br/></span></label></p><p><label for=\"\" style=\"font-family: sans-serif; font-size: 16px;\"><span style=\"font-family: 宋体, SimSun; font-size: 14px;\">使用方法</span></label><span style=\"font-family: 宋体, SimSun;\">&nbsp;</span></p><p><span style=\"font-family: 宋体, SimSun;\">取适量点涂于，额部，鼻部，双颊和下巴，由内至外，由下至上涂抹均匀即可。也可先取适量于掌心，稍加揉搓均匀涂沫全脸。</span></p></div><p><br/></p>', 1505878228, '', NULL, NULL, 10, NULL, NULL, NULL, NULL);
INSERT INTO `jk_shop_goods` VALUES (919, '11042001', '丸美雪绒花纯净保湿修颜霜', '228.00', 73, 1, '<div class=\"group\" style=\"margin-bottom: 15px; color: rgb(34, 34, 34); font-family: &#39;Helvetica Neue&#39;, &#39;Hiragino Sans GB&#39;, &#39;Microsoft YaHei&#39;, 黑体, Arial, sans-serif; font-size: 14px; line-height: 22.4px; white-space: normal; background-color: rgb(255, 255, 255);\"><p><span style=\"font-family: 宋体, SimSun; font-size: 14px;\">丸美雪绒花纯净保湿修颜霜</span></p><p><label for=\"\" style=\"font-family: sans-serif; font-size: 16px;\"><span style=\"font-family: 宋体, SimSun; font-size: 14px;\"><br/></span></label></p><p><label for=\"\" style=\"font-family: sans-serif; font-size: 16px;\"><span style=\"font-family: 宋体, SimSun; font-size: 14px;\">产品价格</span></label><span style=\"font-family: 宋体, SimSun;\">&nbsp;</span><span style=\"font-family: 宋体, SimSun;\">228元 &nbsp;&nbsp;</span><label for=\"\" style=\"font-family: sans-serif; font-size: 16px;\"><span style=\"font-family: 宋体, SimSun; font-size: 14px;\">产品规格</span></label><span style=\"font-family: 宋体, SimSun;\">&nbsp;</span><span style=\"font-family: 宋体, SimSun;\">40g</span></p><p><label for=\"\" style=\"font-family: sans-serif; font-size: 16px;\"><span style=\"font-family: 宋体, SimSun; font-size: 14px;\"><br/></span></label></p><p><label for=\"\" style=\"font-family: sans-serif; font-size: 16px;\"><span style=\"font-family: 宋体, SimSun; font-size: 14px;\">产品功效</span></label><span style=\"font-family: 宋体, SimSun;\">&nbsp;</span></p><p><span style=\"font-family: 宋体, SimSun;\">高保养CC：外在修颜，内在纯净 抗水抗汗更抗油，持久不脱妆 分秒校正暗黄&nbsp; 慕斯轻妆</span></p><p><label for=\"\" style=\"font-family: sans-serif; font-size: 16px;\"><span style=\"font-family: 宋体, SimSun; font-size: 14px;\"><br/></span></label></p><p><label for=\"\" style=\"font-family: sans-serif; font-size: 16px;\"><span style=\"font-family: 宋体, SimSun; font-size: 14px;\">使用方法</span></label><span style=\"font-family: 宋体, SimSun;\">&nbsp;</span></p><p><span style=\"font-family: 宋体, SimSun;\">取适量，点涂于鼻部，额部，双颊，下巴，由内至外涂抹均匀即可</span></p></div><p><br/></p>', 1505878287, '', NULL, NULL, 10, NULL, NULL, NULL, NULL);
INSERT INTO `jk_shop_goods` VALUES (920, '11042006', '丸美雪绒花纯净保湿水凝乳', '288.00', 73, 1, '<div class=\"group\" style=\"margin-bottom: 15px; color: rgb(34, 34, 34); font-family: &#39;Helvetica Neue&#39;, &#39;Hiragino Sans GB&#39;, &#39;Microsoft YaHei&#39;, 黑体, Arial, sans-serif; font-size: 14px; line-height: 22.4px; white-space: normal; background-color: rgb(255, 255, 255);\"><p><span style=\"font-family: 宋体, SimSun; font-size: 14px;\">丸美雪绒花纯净保湿水凝乳</span></p><p><label for=\"\" style=\"font-family: sans-serif; font-size: 16px;\"><span style=\"font-family: 宋体, SimSun; font-size: 14px;\"><br/></span></label></p><p><label for=\"\" style=\"font-family: sans-serif; font-size: 16px;\"><span style=\"font-family: 宋体, SimSun; font-size: 14px;\">产品价格</span></label><span style=\"font-family: 宋体, SimSun;\">&nbsp;</span><span style=\"font-family: 宋体, SimSun;\">288元 &nbsp;&nbsp;</span><label for=\"\" style=\"font-family: sans-serif; font-size: 16px;\"><span style=\"font-family: 宋体, SimSun; font-size: 14px;\">产品规格</span></label><span style=\"font-family: 宋体, SimSun;\">&nbsp;</span><span style=\"font-family: 宋体, SimSun;\">145g</span></p><p><label for=\"\" style=\"font-family: sans-serif; font-size: 16px;\"><span style=\"font-family: 宋体, SimSun; font-size: 14px;\"><br/></span></label></p><p><label for=\"\" style=\"font-family: sans-serif; font-size: 16px;\"><span style=\"font-family: 宋体, SimSun; font-size: 14px;\">产品功效</span></label><span style=\"font-family: 宋体, SimSun;\">&nbsp;</span></p><p><span style=\"font-family: 宋体, SimSun;\">凝露+乳液，双效合一</span></p><p><label for=\"\" style=\"font-family: sans-serif; font-size: 16px;\"><span style=\"font-family: 宋体, SimSun; font-size: 14px;\"><br/></span></label></p><p><label for=\"\" style=\"font-family: sans-serif; font-size: 16px;\"><span style=\"font-family: 宋体, SimSun; font-size: 14px;\">使用方法</span></label><span style=\"font-family: 宋体, SimSun;\">&nbsp;</span></p><p><span style=\"font-family: 宋体, SimSun;\">取适量点涂于，额部，鼻部，双颊和下巴，由内至外，由下至上涂抹均匀即可。也可先取适量于掌心，稍加揉搓均匀涂沫全脸</span></p></div><p><br/></p>', 1505878342, '', NULL, NULL, 10, NULL, NULL, NULL, NULL);
INSERT INTO `jk_shop_goods` VALUES (921, '11031002', '丸美深肌保湿精华露（盈润型）', '198.00', 73, 1, '<p><span style=\"font-family: 宋体, SimSun; font-size: 14px;\">&nbsp;</span></p><p><span style=\"font-family: 宋体, SimSun; font-size: 14px;\">丸美深肌保湿精华露（盈润型）</span></p><p><label for=\"\"><span style=\"font-family: 宋体, SimSun; font-size: 14px;\"><br/></span></label></p><p><label for=\"\"><span style=\"font-family: 宋体, SimSun; font-size: 14px;\">产品价格</span></label><span style=\"font-family: 宋体, SimSun; font-size: 14px;\">&nbsp;</span><span style=\"font-family: 宋体, SimSun; font-size: 14px;\">198元 &nbsp;&nbsp;</span><label for=\"\"><span style=\"font-family: 宋体, SimSun; font-size: 14px;\">产品规格</span></label><span style=\"font-family: 宋体, SimSun; font-size: 14px;\">&nbsp;</span><span style=\"font-family: 宋体, SimSun; font-size: 14px;\">100ml</span></p><p><label for=\"\"><span style=\"font-family: 宋体, SimSun; font-size: 14px;\"><br/></span></label></p><p><label for=\"\"><span style=\"font-family: 宋体, SimSun; font-size: 14px;\">产品功效</span></label><span style=\"font-family: 宋体, SimSun; font-size: 14px;\">&nbsp;</span></p><p><span style=\"font-family: 宋体, SimSun; font-size: 14px;\">卓越渗透力 盈润美肌</span></p><p><br/></p>', 1505888855, '', NULL, NULL, 10, NULL, NULL, NULL, NULL);
INSERT INTO `jk_shop_goods` VALUES (922, '11031004', '丸美深肌保湿精华乳(盈润型）', '288.00', 73, 1, '<div class=\"group\" style=\"margin-bottom: 15px; color: rgb(34, 34, 34); font-family: &#39;Helvetica Neue&#39;, &#39;Hiragino Sans GB&#39;, &#39;Microsoft YaHei&#39;, 黑体, Arial, sans-serif; font-size: 14px; line-height: 22.4px; white-space: normal; background-color: rgb(255, 255, 255);\"><p><span style=\"font-family: 宋体, SimSun; font-size: 14px;\">丸美深肌保湿精华乳(盈润型）</span></p><p><label for=\"\" style=\"font-family: sans-serif; font-size: 16px;\"><span style=\"font-family: 宋体, SimSun; font-size: 14px;\"><br/></span></label></p><p><label for=\"\" style=\"font-family: sans-serif; font-size: 16px;\"><span style=\"font-family: 宋体, SimSun; font-size: 14px;\">产品价格</span></label><span style=\"font-family: 宋体, SimSun;\">&nbsp;</span><span style=\"font-family: 宋体, SimSun;\">288元 &nbsp;&nbsp;</span><label for=\"\" style=\"font-family: sans-serif; font-size: 16px;\"><span style=\"font-family: 宋体, SimSun; font-size: 14px;\">产品规格</span></label><span style=\"font-family: 宋体, SimSun;\">&nbsp;</span><span style=\"font-family: 宋体, SimSun;\">80g</span></p><p><label for=\"\" style=\"font-family: sans-serif; font-size: 16px;\"><span style=\"font-family: 宋体, SimSun; font-size: 14px;\"><br/></span></label></p><p><label for=\"\" style=\"font-family: sans-serif; font-size: 16px;\"><span style=\"font-family: 宋体, SimSun; font-size: 14px;\">产品功效</span></label><span style=\"font-family: 宋体, SimSun;\">&nbsp;</span></p><p><span style=\"font-family: 宋体, SimSun;\">水养spa 持续水润</span></p></div><p><br/></p>', 1505889080, '', NULL, NULL, 10, NULL, NULL, NULL, NULL);
INSERT INTO `jk_shop_goods` VALUES (923, '11031001', '丸美深肌保湿精华洁面乳', '168.00', 73, 1, '<div class=\"group\" style=\"margin-bottom: 15px; color: rgb(34, 34, 34); font-family: &#39;Helvetica Neue&#39;, &#39;Hiragino Sans GB&#39;, &#39;Microsoft YaHei&#39;, 黑体, Arial, sans-serif; font-size: 14px; line-height: 22.4px; white-space: normal; background-color: rgb(255, 255, 255);\"><p><span style=\"font-family: 宋体, SimSun; font-size: 14px;\">丸美深肌保湿精华洁面乳</span></p><p><label for=\"\" style=\"font-family: sans-serif; font-size: 16px;\"><span style=\"font-family: 宋体, SimSun; font-size: 14px;\"><br/></span></label></p><p><label for=\"\" style=\"font-family: sans-serif; font-size: 16px;\"><span style=\"font-family: 宋体, SimSun; font-size: 14px;\">产品价格</span></label><span style=\"font-family: 宋体, SimSun;\">&nbsp;</span><span style=\"font-family: 宋体, SimSun;\">168元 &nbsp;&nbsp;</span><label for=\"\" style=\"font-family: sans-serif; font-size: 16px;\"><span style=\"font-family: 宋体, SimSun; font-size: 14px;\">产品规格</span></label><span style=\"font-family: 宋体, SimSun;\">&nbsp;</span><span style=\"font-family: 宋体, SimSun;\">120g</span></p><p><label for=\"\" style=\"font-family: sans-serif; font-size: 16px;\"><span style=\"font-family: 宋体, SimSun; font-size: 14px;\"><br/></span></label></p><p><label for=\"\" style=\"font-family: sans-serif; font-size: 16px;\"><span style=\"font-family: 宋体, SimSun; font-size: 14px;\">产品功效</span></label><span style=\"font-family: 宋体, SimSun;\">&nbsp;</span></p><p><span style=\"font-family: 宋体, SimSun;\">换季肌肤 舒缓保湿</span></p></div><p><br/></p>', 1505889456, '', NULL, NULL, 10, NULL, NULL, NULL, NULL);
INSERT INTO `jk_shop_goods` VALUES (924, '11031007', '丸美深肌保湿精华BB霜', '228.00', 73, 1, '<p><span style=\"font-family: 宋体, SimSun; font-size: 14px;\">&nbsp;</span></p><p><span style=\"font-family: 宋体, SimSun; font-size: 14px;\">丸美深肌保湿精华BB霜</span></p><p><label for=\"\"><span style=\"font-family: 宋体, SimSun; font-size: 14px;\"><br/></span></label></p><p><label for=\"\"><span style=\"font-family: 宋体, SimSun; font-size: 14px;\">产品价格</span></label><span style=\"font-family: 宋体, SimSun; font-size: 14px;\">&nbsp;</span><span style=\"font-family: 宋体, SimSun; font-size: 14px;\">228元 &nbsp;&nbsp;</span><label for=\"\"><span style=\"font-family: 宋体, SimSun; font-size: 14px;\">产品规格</span></label><span style=\"font-family: 宋体, SimSun; font-size: 14px;\">&nbsp;</span><span style=\"font-family: 宋体, SimSun; font-size: 14px;\">40g</span></p><p><label for=\"\"><span style=\"font-family: 宋体, SimSun; font-size: 14px;\"><br/></span></label></p><p><label for=\"\"><span style=\"font-family: 宋体, SimSun; font-size: 14px;\">产品功效</span></label><span style=\"font-family: 宋体, SimSun; font-size: 14px;\">&nbsp;</span></p><p><span style=\"font-family: 宋体, SimSun; font-size: 14px;\">轻薄清透 素颜神器</span></p><p><br/></p>', 1505889568, '', NULL, NULL, 10, NULL, NULL, NULL, NULL);
INSERT INTO `jk_shop_goods` VALUES (925, '11027013', '丸美弹力蛋白水润精华日霜', '268.00', 73, 1, '<div class=\"group\" style=\"margin-bottom: 15px; color: rgb(34, 34, 34); font-family: &#39;Helvetica Neue&#39;, &#39;Hiragino Sans GB&#39;, &#39;Microsoft YaHei&#39;, 黑体, Arial, sans-serif; font-size: 14px; line-height: 22.4px; white-space: normal; background-color: rgb(255, 255, 255);\"><p><span style=\"font-family: 宋体, SimSun; font-size: 14px;\">丸美弹力蛋白水润精华日霜</span></p><p><label for=\"\" style=\"font-family: sans-serif; font-size: 16px;\"><span style=\"font-family: 宋体, SimSun; font-size: 14px;\"><br/></span></label></p><p><label for=\"\" style=\"font-family: sans-serif; font-size: 16px;\"><span style=\"font-family: 宋体, SimSun; font-size: 14px;\">产品价格</span></label><span style=\"font-family: 宋体, SimSun;\">&nbsp;</span><span style=\"font-family: 宋体, SimSun;\">268元 &nbsp;&nbsp;</span><label for=\"\" style=\"font-family: sans-serif; font-size: 16px;\"><span style=\"font-family: 宋体, SimSun; font-size: 14px;\">产品规格</span></label><span style=\"font-family: 宋体, SimSun;\">&nbsp;</span><span style=\"font-family: 宋体, SimSun;\">50g</span></p><p><label for=\"\" style=\"font-family: sans-serif; font-size: 16px;\"><span style=\"font-family: 宋体, SimSun; font-size: 14px;\"><br/></span></label></p><p><label for=\"\" style=\"font-family: sans-serif; font-size: 16px;\"><span style=\"font-family: 宋体, SimSun; font-size: 14px;\">产品功效</span></label><span style=\"font-family: 宋体, SimSun;\">&nbsp;</span></p><p><span style=\"font-family: 宋体, SimSun;\">紧致饱满 水润修护</span></p></div><p><br/></p>', 1505889631, '', NULL, NULL, 10, NULL, NULL, NULL, NULL);
INSERT INTO `jk_shop_goods` VALUES (926, '16000189', '丸美弹力蛋白凝时紧致眼贴膜', '308.00', 73, 1, '<div class=\"group\" style=\"margin-bottom: 15px; color: rgb(34, 34, 34); font-family: &#39;Helvetica Neue&#39;, &#39;Hiragino Sans GB&#39;, &#39;Microsoft YaHei&#39;, 黑体, Arial, sans-serif; font-size: 14px; line-height: 22.4px; white-space: normal; background-color: rgb(255, 255, 255);\"><p><span style=\"font-family: 宋体, SimSun; font-size: 14px;\">丸美弹力蛋白凝时紧致眼贴膜</span></p><p><label for=\"\" style=\"font-family: sans-serif; font-size: 16px;\"><span style=\"font-family: 宋体, SimSun; font-size: 14px;\"><br/></span></label></p><p><label for=\"\" style=\"font-family: sans-serif; font-size: 16px;\"><span style=\"font-family: 宋体, SimSun; font-size: 14px;\">产品价格</span></label><span style=\"font-family: 宋体, SimSun;\">&nbsp;</span><span style=\"font-family: 宋体, SimSun;\">308元 &nbsp;&nbsp;</span><label for=\"\" style=\"font-family: sans-serif; font-size: 16px;\"><span style=\"font-family: 宋体, SimSun; font-size: 14px;\">产品规格</span></label><span style=\"font-family: 宋体, SimSun;\">&nbsp;</span><span style=\"font-family: 宋体, SimSun;\">6片/盒</span></p><p><label for=\"\" style=\"font-family: sans-serif; font-size: 16px;\"><span style=\"font-family: 宋体, SimSun; font-size: 14px;\"><br/></span></label></p><p><label for=\"\" style=\"font-family: sans-serif; font-size: 16px;\"><span style=\"font-family: 宋体, SimSun; font-size: 14px;\">使用方法</span></label><span style=\"font-family: 宋体, SimSun;\">&nbsp;</span></p><p><span style=\"font-family: 宋体, SimSun;\">洁面爽肤后，去除眼贴膜敷于眼部，调整至服帖，10-15分钟后取下，并按摩将精华至吸收即可。</span></p></div><p><br/></p>', 1505889865, '', NULL, NULL, 10, NULL, NULL, NULL, NULL);
INSERT INTO `jk_shop_goods` VALUES (927, '11012009', '丸美三肽胶原紧致眼部精华素', '518.00', 73, 1, '<div class=\"group\" style=\"margin-bottom: 15px; color: rgb(34, 34, 34); font-family: &#39;Helvetica Neue&#39;, &#39;Hiragino Sans GB&#39;, &#39;Microsoft YaHei&#39;, 黑体, Arial, sans-serif; font-size: 14px; line-height: 22.4px; white-space: normal; background-color: rgb(255, 255, 255);\"><p><span style=\"font-family: 宋体, SimSun; font-size: 14px;\">丸美三肽胶原紧致眼部精华素</span></p><p><label for=\"\" style=\"font-family: sans-serif; font-size: 16px;\"><span style=\"font-family: 宋体, SimSun; font-size: 14px;\"><br/></span></label></p><p><label for=\"\" style=\"font-family: sans-serif; font-size: 16px;\"><span style=\"font-family: 宋体, SimSun; font-size: 14px;\">产品价格</span></label><span style=\"font-family: 宋体, SimSun;\">&nbsp;</span><span style=\"font-family: 宋体, SimSun;\">518元 &nbsp;&nbsp;</span><label for=\"\" style=\"font-family: sans-serif; font-size: 16px;\"><span style=\"font-family: 宋体, SimSun; font-size: 14px;\">产品规格</span></label><span style=\"font-family: 宋体, SimSun;\">&nbsp;</span><span style=\"font-family: 宋体, SimSun;\">18ml</span></p><p><label for=\"\" style=\"font-family: sans-serif; font-size: 16px;\"><span style=\"font-family: 宋体, SimSun; font-size: 14px;\"><br/></span></label></p><p><label for=\"\" style=\"font-family: sans-serif; font-size: 16px;\"><span style=\"font-family: 宋体, SimSun; font-size: 14px;\">产品功效</span></label><span style=\"font-family: 宋体, SimSun;\">&nbsp;</span></p><p><span style=\"font-family: 宋体, SimSun;\">充实眼部肌肤，提升眼周弹性和承托力、减淡黑眼圈，让双眼时刻呈现年轻紧致、明亮迷人。</span></p><p><label for=\"\" style=\"font-family: sans-serif; font-size: 16px;\"><span style=\"font-family: 宋体, SimSun; font-size: 14px;\"><br/></span></label></p><p><label for=\"\" style=\"font-family: sans-serif; font-size: 16px;\"><span style=\"font-family: 宋体, SimSun; font-size: 14px;\">使用方法</span></label><span style=\"font-family: 宋体, SimSun;\">&nbsp;</span></p><p><span style=\"font-family: 宋体, SimSun;\">取绿豆大小的量于无名指上，将两手无名指合起来搓一搓为眼精华加温。然后用无名指将精华均匀涂抹于眼部周围至吸收。用指腹轻拍眼周3圈，让眼部肌肤彻底放松</span></p></div><p><br/></p>', 1505889948, '', NULL, NULL, 10, NULL, NULL, NULL, NULL);
INSERT INTO `jk_shop_goods` VALUES (928, '11012003', '丸美三肽胶原紧致洁面乳', '288.00', 73, 1, '<div class=\"group\" style=\"margin-bottom: 15px; color: rgb(34, 34, 34); font-family: &#39;Helvetica Neue&#39;, &#39;Hiragino Sans GB&#39;, &#39;Microsoft YaHei&#39;, 黑体, Arial, sans-serif; font-size: 14px; line-height: 22.4px; white-space: normal; background-color: rgb(255, 255, 255);\"><p><span style=\"font-family: 宋体, SimSun; font-size: 14px;\">丸美三肽胶原紧致洁面乳</span></p><p><label for=\"\" style=\"font-family: sans-serif; font-size: 16px;\"><span style=\"font-family: 宋体, SimSun; font-size: 14px;\"><br/></span></label></p><p><label for=\"\" style=\"font-family: sans-serif; font-size: 16px;\"><span style=\"font-family: 宋体, SimSun; font-size: 14px;\">产品价格</span></label><span style=\"font-family: 宋体, SimSun;\">&nbsp;</span><span style=\"font-family: 宋体, SimSun;\">288元 &nbsp;&nbsp;</span><label for=\"\" style=\"font-family: sans-serif; font-size: 16px;\"><span style=\"font-family: 宋体, SimSun; font-size: 14px;\">产品规格</span></label><span style=\"font-family: 宋体, SimSun;\">&nbsp;</span><span style=\"font-family: 宋体, SimSun;\">120g</span></p><p><label for=\"\" style=\"font-family: sans-serif; font-size: 16px;\"><span style=\"font-family: 宋体, SimSun; font-size: 14px;\"><br/></span></label></p><p><label for=\"\" style=\"font-family: sans-serif; font-size: 16px;\"><span style=\"font-family: 宋体, SimSun; font-size: 14px;\">产品功效</span></label></p><p><span style=\"font-family: 宋体, SimSun;\">泡沫丰富、温和，净化肌肤</span></p><p><label for=\"\" style=\"font-family: sans-serif; font-size: 16px;\"><span style=\"font-family: 宋体, SimSun; font-size: 14px;\"><br/></span></label></p><p><label for=\"\" style=\"font-family: sans-serif; font-size: 16px;\"><span style=\"font-family: 宋体, SimSun; font-size: 14px;\">使用方法</span></label><span style=\"font-family: 宋体, SimSun;\">&nbsp;</span></p><p><span style=\"font-family: 宋体, SimSun;\">早、晚先湿润面部，取2-3cm左右洁面精华于掌心，加少量清水稍加揉搓起泡，以打圈方式对面部进行清洁，后用清水洗净即可</span></p></div><p><br/></p>', 1505890039, '', NULL, NULL, 10, NULL, NULL, NULL, NULL);
INSERT INTO `jk_shop_goods` VALUES (929, '11038004', '丸美弹力蛋白凝时紧致精华素', '￥398.00', 73, 1, '', 1563245455, 'http://p.marubi.cn/backend/Uploads/Video/20190625/5d11d2d4080c2.mp4', '/backend/Uploads/Shop/goods/20190625/5d11d44524da9.JPG', '', 1, '30g', '<p>1. 高效抚平表情纹，弹润饱满</p><p>2. 小分子弹力蛋白精华，融合肌肤紧实技术INSTENSYL，紧实技术，聚焦表情纹，润透弹滑，；蕴含马齿苋提取物、酵母提取物等多重护肤精粹，修护老化肌肤。</p><p><br/></p>', '', '<p>专利技术：肌肤紧实技术INSTENSYL（木薯淀粉），发明专利FR 2969489-A1；可溶性蛋白多糖，发明专利JP3731150B2；水解大豆细粉，发明专利FR2958546A1；β-葡聚糖，发明专利Korea 10-0295623</p>');
INSERT INTO `jk_shop_goods` VALUES (930, '11042002', '丸美雪绒花纯净保湿洁面乳', '168.00', 73, 1, '<div class=\"group\" style=\"margin-bottom: 15px; color: rgb(34, 34, 34); font-family: &#39;Helvetica Neue&#39;, &#39;Hiragino Sans GB&#39;, &#39;Microsoft YaHei&#39;, 黑体, Arial, sans-serif; font-size: 14px; line-height: 22.4px; white-space: normal; background-color: rgb(255, 255, 255);\"><p><span style=\"font-family: 宋体, SimSun; font-size: 14px;\">丸美雪绒花纯净保湿洁面乳</span></p><p><label for=\"\" style=\"font-family: sans-serif; font-size: 16px;\"><span style=\"font-family: 宋体, SimSun; font-size: 14px;\"><br/></span></label></p><p><label for=\"\" style=\"font-family: sans-serif; font-size: 16px;\"><span style=\"font-family: 宋体, SimSun; font-size: 14px;\">产品价格</span></label><span style=\"font-family: 宋体, SimSun;\">&nbsp;</span><span style=\"font-family: 宋体, SimSun;\">168元 &nbsp;&nbsp;</span><label for=\"\" style=\"font-family: sans-serif; font-size: 16px;\"><span style=\"font-family: 宋体, SimSun; font-size: 14px;\">产品规格</span></label><span style=\"font-family: 宋体, SimSun;\">&nbsp;</span><span style=\"font-family: 宋体, SimSun;\">120g</span></p><p><label for=\"\" style=\"font-family: sans-serif; font-size: 16px;\"><span style=\"font-family: 宋体, SimSun; font-size: 14px;\"><br/></span></label></p><p><label for=\"\" style=\"font-family: sans-serif; font-size: 16px;\"><span style=\"font-family: 宋体, SimSun; font-size: 14px;\">产品功效</span></label></p><p><span style=\"font-family: 宋体, SimSun;\">洁净肌肤，纯净肌肤生态 至柔泡沫 至温柔至水滑</span></p><p><label for=\"\" style=\"font-family: sans-serif; font-size: 16px;\"><span style=\"font-family: 宋体, SimSun; font-size: 14px;\"><br/></span></label></p><p><label for=\"\" style=\"font-family: sans-serif; font-size: 16px;\"><span style=\"font-family: 宋体, SimSun; font-size: 14px;\">使用方法</span></label><span style=\"font-family: 宋体, SimSun;\">&nbsp;</span></p><p><span style=\"font-family: 宋体, SimSun;\">双手湿润面部，再取适量于掌心，轻轻揉搓至产生细腻泡沫，于脸部打圈按摩，再用清水清洗干净即可。</span></p></div><p><br/></p>', 1505891115, '', NULL, NULL, 10, NULL, NULL, NULL, NULL);
INSERT INTO `jk_shop_goods` VALUES (931, '11042008', '丸美雪绒花纯净保湿面膜', '258.00', 73, 1, '<div class=\"group\" style=\"margin-bottom: 15px; color: rgb(34, 34, 34); font-family: &#39;Helvetica Neue&#39;, &#39;Hiragino Sans GB&#39;, &#39;Microsoft YaHei&#39;, 黑体, Arial, sans-serif; font-size: 14px; line-height: 22.4px; white-space: normal; background-color: rgb(255, 255, 255);\"><p><span style=\"font-family: 宋体, SimSun; font-size: 14px;\">丸美雪绒花纯净保湿面膜</span></p><p><label for=\"\" style=\"font-family: sans-serif; font-size: 16px;\"><span style=\"font-family: 宋体, SimSun; font-size: 14px;\"><br/></span></label></p><p><label for=\"\" style=\"font-family: sans-serif; font-size: 16px;\"><span style=\"font-family: 宋体, SimSun; font-size: 14px;\">产品价格</span></label><span style=\"font-family: 宋体, SimSun;\">&nbsp;</span><span style=\"font-family: 宋体, SimSun;\">258元 &nbsp;&nbsp;</span><label for=\"\" style=\"font-family: sans-serif; font-size: 16px;\"><span style=\"font-family: 宋体, SimSun; font-size: 14px;\">产品规格</span></label><span style=\"font-family: 宋体, SimSun;\">&nbsp;</span><span style=\"font-family: 宋体, SimSun;\">120g</span></p><p><label for=\"\" style=\"font-family: sans-serif; font-size: 16px;\"><span style=\"font-family: 宋体, SimSun; font-size: 14px;\"><br/></span></label></p><p><label for=\"\" style=\"font-family: sans-serif; font-size: 16px;\"><span style=\"font-family: 宋体, SimSun; font-size: 14px;\">产品功效</span></label><span style=\"font-family: 宋体, SimSun;\">&nbsp;</span></p><p><span style=\"font-family: 宋体, SimSun;\">净化保湿，夜间补给，日日水漾 精油添加，自然香氛，夜夜美容觉</span></p><p><label for=\"\" style=\"font-family: sans-serif; font-size: 16px;\"><span style=\"font-family: 宋体, SimSun; font-size: 14px;\"><br/></span></label></p><p><label for=\"\" style=\"font-family: sans-serif; font-size: 16px;\"><span style=\"font-family: 宋体, SimSun; font-size: 14px;\">使用方法</span></label><span style=\"font-family: 宋体, SimSun;\">&nbsp;</span></p><p><span style=\"font-family: 宋体, SimSun;\">取适量薄涂于全脸，静候5分钟即可入睡，于第二天清晨洗净即可，每次2克，一瓶约用60次，一周建议使用两至三次。</span></p></div><p><br/></p>', 1505891177, '', NULL, NULL, 10, NULL, NULL, NULL, NULL);
INSERT INTO `jk_shop_goods` VALUES (932, '11003001', '丸美水漾莹润保湿洁面晶', '200.00', 73, 1, '<div class=\"group\" style=\"margin-bottom: 15px; color: rgb(34, 34, 34); font-family: &#39;Helvetica Neue&#39;, &#39;Hiragino Sans GB&#39;, &#39;Microsoft YaHei&#39;, 黑体, Arial, sans-serif; font-size: 14px; line-height: 22.4px; white-space: normal; background-color: rgb(255, 255, 255);\"><p><span style=\"font-family: 宋体, SimSun; font-size: 14px;\">丸美水漾莹润保湿洁面晶</span></p><p><label for=\"\" style=\"font-family: sans-serif; font-size: 16px;\"><span style=\"font-family: 宋体, SimSun; font-size: 14px;\"><br/></span></label></p><p><label for=\"\"><label for=\"\"><span style=\"font-family: 宋体, SimSun; font-size: 14px;\">建议零售价</span></label><span style=\"font-family: 宋体, SimSun; font-size: 14px;\">&nbsp;</span></label><span style=\"font-family: 宋体, SimSun; line-height: 22.4px;\">200.00元 &nbsp;&nbsp;</span><label for=\"\" style=\"line-height: 22.4px; font-family: sans-serif; font-size: 16px;\"><span style=\"font-family: 宋体, SimSun; font-size: 14px;\">产品规格</span></label><span style=\"line-height: 22.4px; font-family: 宋体, SimSun;\">&nbsp;120g &nbsp;&nbsp;</span></p><p><label for=\"\" style=\"font-family: sans-serif; font-size: 16px;\"><span style=\"font-family: 宋体, SimSun; font-size: 14px;\"><br/></span></label></p><p><label for=\"\" style=\"font-family: sans-serif; font-size: 16px;\"><span style=\"font-family: 宋体, SimSun; font-size: 14px;\">产品功效</span></label><span style=\"font-family: 宋体, SimSun;\">&nbsp;洁面·保湿2合1，用后剔透如水晶</span></p><p><label for=\"\" style=\"font-family: sans-serif; font-size: 16px;\"><span style=\"font-family: 宋体, SimSun; font-size: 14px;\"><br/></span></label></p><p><label for=\"\" style=\"font-family: sans-serif; font-size: 16px;\"><span style=\"font-family: 宋体, SimSun; font-size: 14px;\">使用方法</span></label></p><p><span style=\"font-family: 宋体, SimSun;\">取适量洁面晶于掌心，加适量水揉起泡沫，涂于面部，轻柔打圈2分钟左右，清水洗净</span></p></div><p><br/></p>', 1505891272, '', NULL, NULL, 10, NULL, NULL, NULL, NULL);
INSERT INTO `jk_shop_goods` VALUES (933, '11003004', '丸美水漾莹润保湿乳', '300.00', 73, 1, '<div class=\"group\" style=\"margin-bottom: 15px; color: rgb(34, 34, 34); font-family: &#39;Helvetica Neue&#39;, &#39;Hiragino Sans GB&#39;, &#39;Microsoft YaHei&#39;, 黑体, Arial, sans-serif; font-size: 14px; line-height: 22.4px; white-space: normal; background-color: rgb(255, 255, 255);\"><p><span style=\"font-family: 宋体, SimSun; font-size: 14px;\">丸美水漾莹润保湿乳</span></p><p><label for=\"\" style=\"font-family: sans-serif; font-size: 16px;\"><span style=\"font-family: 宋体, SimSun; font-size: 14px;\"><br/></span></label></p><p><label for=\"\"><label for=\"\"><span style=\"font-family: 宋体, SimSun; font-size: 14px;\">建议零售价</span></label><span style=\"font-family: 宋体, SimSun; font-size: 14px;\">&nbsp;</span></label><span style=\"font-family: 宋体, SimSun; line-height: 22.4px;\">300.00元 &nbsp;&nbsp;</span><label for=\"\" style=\"line-height: 22.4px; font-family: sans-serif; font-size: 16px;\"><span style=\"font-family: 宋体, SimSun; font-size: 14px;\">产品规格</span></label><span style=\"line-height: 22.4px; font-family: 宋体, SimSun;\">&nbsp;80g</span></p><p><label for=\"\" style=\"font-family: sans-serif; font-size: 16px;\"><span style=\"font-family: 宋体, SimSun; font-size: 14px;\"><br/></span></label></p><p><label for=\"\" style=\"font-family: sans-serif; font-size: 16px;\"><span style=\"font-family: 宋体, SimSun; font-size: 14px;\">产品功效</span></label><span style=\"font-family: 宋体, SimSun;\">&nbsp;</span></p><p><span style=\"font-family: 宋体, SimSun;\">凝乳质地，如为肌肤覆上隐形水凝外衣，触肤间水漾盈润</span></p><p><label for=\"\" style=\"font-family: sans-serif; font-size: 16px;\"><span style=\"font-family: 宋体, SimSun; font-size: 14px;\"><br/></span></label></p><p><label for=\"\" style=\"font-family: sans-serif; font-size: 16px;\"><span style=\"font-family: 宋体, SimSun; font-size: 14px;\">使用方法</span></label><span style=\"font-family: 宋体, SimSun;\">&nbsp;</span></p><p><span style=\"font-family: 宋体, SimSun;\">洁肤爽肤后，取适量保湿乳均匀涂于皮肤，轻轻按摩至肌肤完全吸收。</span></p></div><p><br/></p>', 1505891345, '', NULL, NULL, 10, NULL, NULL, NULL, NULL);
INSERT INTO `jk_shop_goods` VALUES (934, '11003002', '丸美水漾莹润保湿柔肤水', '220.00', 73, 1, '<p><span style=\"font-family: 宋体, SimSun; font-size: 14px;\">&nbsp;</span></p><p><span style=\"font-family: 宋体, SimSun; font-size: 14px;\">丸美水漾莹润保湿柔肤水</span></p><p><label for=\"\"><span style=\"font-family: 宋体, SimSun; font-size: 14px;\"><br/></span></label></p><p><label for=\"\"><label for=\"\"><span style=\"font-family: 宋体, SimSun; font-size: 14px;\">建议零售价</span></label><span style=\"font-family: 宋体, SimSun; font-size: 14px;\">&nbsp;</span></label><span style=\"font-family: 宋体, SimSun; font-size: 14px;\">220.00元 &nbsp;&nbsp;</span><label for=\"\"><span style=\"font-family: 宋体, SimSun; font-size: 14px;\">产品规格</span></label><span style=\"font-family: 宋体, SimSun; font-size: 14px;\">&nbsp;120ml</span></p><p><label for=\"\"><span style=\"font-family: 宋体, SimSun; font-size: 14px;\"><br/></span></label></p><p><label for=\"\"><span style=\"font-family: 宋体, SimSun; font-size: 14px;\">产品功效</span></label><span style=\"font-family: 宋体, SimSun; font-size: 14px;\">&nbsp;</span></p><p><span style=\"font-family: 宋体, SimSun; font-size: 14px;\">晶莹剔透水漾质地，轻拍，水漾源源，如饱饮水分，水嫩持久透现！</span></p><p><label for=\"\"><span style=\"font-family: 宋体, SimSun; font-size: 14px;\"><br/></span></label></p><p><label for=\"\"><span style=\"font-family: 宋体, SimSun; font-size: 14px;\">使用方法</span></label><span style=\"font-family: 宋体, SimSun; font-size: 14px;\">&nbsp;</span></p><p><span style=\"font-family: 宋体, SimSun; font-size: 14px;\">洁肤后，取适量柔肤水于化妆棉，沿面部皮肤纹理均匀涂抹，轻拍至渗透吸收</span></p><p><br/></p>', 1505891419, '', NULL, NULL, 10, NULL, NULL, NULL, NULL);
INSERT INTO `jk_shop_goods` VALUES (935, '11003006', '丸美水漾莹润保湿晚霜', '350.00', 73, 1, '<div class=\"group\" style=\"margin-bottom: 15px; color: rgb(34, 34, 34); font-family: &#39;Helvetica Neue&#39;, &#39;Hiragino Sans GB&#39;, &#39;Microsoft YaHei&#39;, 黑体, Arial, sans-serif; font-size: 14px; line-height: 22.4px; white-space: normal; background-color: rgb(255, 255, 255);\"><p><span style=\"font-family: 宋体, SimSun; font-size: 14px;\">丸美水漾莹润保湿晚霜</span></p><p><label for=\"\" style=\"font-family: sans-serif; font-size: 16px;\"><span style=\"font-family: 宋体, SimSun; font-size: 14px;\"><br/></span></label></p><p><label for=\"\"><label for=\"\"><span style=\"font-family: 宋体, SimSun; font-size: 14px;\">建议零售价</span></label><span style=\"font-family: 宋体, SimSun; font-size: 14px;\">&nbsp;</span></label><span style=\"font-family: 宋体, SimSun; line-height: 22.4px;\">350.00元 &nbsp;&nbsp;</span><label for=\"\" style=\"line-height: 22.4px; font-family: sans-serif; font-size: 16px;\"><span style=\"font-family: 宋体, SimSun; font-size: 14px;\">产品规格</span></label><span style=\"line-height: 22.4px; font-family: 宋体, SimSun;\">&nbsp;50g</span></p><p><label for=\"\" style=\"font-family: sans-serif; font-size: 16px;\"><span style=\"font-family: 宋体, SimSun; font-size: 14px;\"><br/></span></label></p><p><label for=\"\" style=\"font-family: sans-serif; font-size: 16px;\"><span style=\"font-family: 宋体, SimSun; font-size: 14px;\">产品功效</span></label><span style=\"font-family: 宋体, SimSun;\">&nbsp;</span></p><p><span style=\"font-family: 宋体, SimSun;\">补给夜间肌肤所需水分，一觉醒来，肌肤水嫩、光滑、柔软、有弹性</span></p><p><label for=\"\" style=\"font-family: sans-serif; font-size: 16px;\"><span style=\"font-family: 宋体, SimSun; font-size: 14px;\"><br/></span></label></p><p><label for=\"\" style=\"font-family: sans-serif; font-size: 16px;\"><span style=\"font-family: 宋体, SimSun; font-size: 14px;\">使用方法</span></label><span style=\"font-family: 宋体, SimSun;\">&nbsp;</span></p><p><span style=\"font-family: 宋体, SimSun;\">洁肤爽肤后，取适量晚霜均匀涂于皮肤，轻轻按摩至肌肤完全吸收。（温馨提示：配合丸美水漾莹润保湿精华素使用，效果更佳</span></p></div><p><br/></p>', 1505891490, '', NULL, NULL, 10, NULL, NULL, NULL, NULL);
INSERT INTO `jk_shop_goods` VALUES (936, '11003003', '丸美水漾莹润保湿精华素', '380.00', 73, 1, '<div class=\"group\" style=\"margin-bottom: 15px; color: rgb(34, 34, 34); font-family: &#39;Helvetica Neue&#39;, &#39;Hiragino Sans GB&#39;, &#39;Microsoft YaHei&#39;, 黑体, Arial, sans-serif; font-size: 14px; line-height: 22.4px; white-space: normal; background-color: rgb(255, 255, 255);\"><p><span style=\"font-family: 宋体, SimSun; font-size: 14px;\">丸美水漾莹润保湿精华素</span></p><p><label for=\"\" style=\"font-family: sans-serif; font-size: 16px;\"><span style=\"font-family: 宋体, SimSun; font-size: 14px;\"><br/></span></label></p><p><label for=\"\"><label for=\"\"><span style=\"font-family: 宋体, SimSun; font-size: 14px;\">建议零售价</span></label><span style=\"font-family: 宋体, SimSun; font-size: 14px;\">&nbsp;</span></label><span style=\"font-family: 宋体, SimSun; line-height: 22.4px;\">380.00元 &nbsp;&nbsp;</span><label for=\"\" style=\"line-height: 22.4px; font-family: sans-serif; font-size: 16px;\"><span style=\"font-family: 宋体, SimSun; font-size: 14px;\">产品规格</span></label><span style=\"line-height: 22.4px; font-family: 宋体, SimSun;\">&nbsp;40g</span></p><p><label for=\"\" style=\"font-family: sans-serif; font-size: 16px;\"><span style=\"font-family: 宋体, SimSun; font-size: 14px;\"><br/></span></label></p><p><label for=\"\" style=\"font-family: sans-serif; font-size: 16px;\"><span style=\"font-family: 宋体, SimSun; font-size: 14px;\">产品功效</span></label><span style=\"font-family: 宋体, SimSun;\">&nbsp;</span></p><p><span style=\"font-family: 宋体, SimSun;\">剔透精华质地，密集三层补水，唤醒肌肤水润活力</span></p><p><label for=\"\" style=\"font-family: sans-serif; font-size: 16px;\"><span style=\"font-family: 宋体, SimSun; font-size: 14px;\"><br/></span></label></p><p><label for=\"\" style=\"font-family: sans-serif; font-size: 16px;\"><span style=\"font-family: 宋体, SimSun; font-size: 14px;\">使用方法</span></label><span style=\"font-family: 宋体, SimSun;\">&nbsp;</span></p><p><span style=\"font-family: 宋体, SimSun;\">洁肤爽肤后，取适量精华素均匀涂于皮肤，轻轻按摩至肌肤完全吸收。</span></p></div><p><br/></p>', 1505891566, '', NULL, NULL, 10, NULL, NULL, NULL, NULL);
INSERT INTO `jk_shop_goods` VALUES (937, '11003005', '丸美水漾莹润保湿日霜', '280.00', 73, 1, '<div class=\"group\" style=\"margin-bottom: 15px; color: rgb(34, 34, 34); font-family: &#39;Helvetica Neue&#39;, &#39;Hiragino Sans GB&#39;, &#39;Microsoft YaHei&#39;, 黑体, Arial, sans-serif; font-size: 14px; line-height: 22.4px; white-space: normal; background-color: rgb(255, 255, 255);\"><p><span style=\"font-family: 宋体, SimSun; font-size: 14px;\">丸美水漾莹润保湿日霜</span></p><p><label for=\"\" style=\"font-family: sans-serif; font-size: 16px;\"><span style=\"font-family: 宋体, SimSun; font-size: 14px;\"><br/></span></label></p><p><label for=\"\"><label for=\"\"><span style=\"font-family: 宋体, SimSun; font-size: 14px;\">建议零售价</span></label><span style=\"font-family: 宋体, SimSun; font-size: 14px;\">&nbsp;</span></label><span style=\"font-family: 宋体, SimSun; line-height: 22.4px;\">280.00元 &nbsp;&nbsp;</span><label for=\"\" style=\"line-height: 22.4px; font-family: sans-serif; font-size: 16px;\"><span style=\"font-family: 宋体, SimSun; font-size: 14px;\">产品规格</span></label><span style=\"line-height: 22.4px; font-family: 宋体, SimSun;\">&nbsp;50g</span></p><p><label for=\"\" style=\"font-family: sans-serif; font-size: 16px;\"><span style=\"font-family: 宋体, SimSun; font-size: 14px;\"><br/></span></label></p><p><label for=\"\" style=\"font-family: sans-serif; font-size: 16px;\"><span style=\"font-family: 宋体, SimSun; font-size: 14px;\">产品功效</span></label><span style=\"font-family: 宋体, SimSun;\">&nbsp;</span></p><p><span style=\"font-family: 宋体, SimSun;\">日间最爱的锁水膜，持续补水，肌肤水润莹润持久绽放</span></p><p><span style=\"font-family: 宋体, SimSun;\"><br/></span></p></div><p><label for=\"\"><span style=\"font-family: 宋体, SimSun; font-size: 14px;\">使用方法</span></label><span style=\"font-family: 宋体, SimSun; font-size: 14px;\">&nbsp;</span></p><p><span style=\"font-family: 宋体, SimSun; font-size: 14px;\">洁肤爽肤后，取适量日霜均匀涂于皮肤，轻轻按摩至肌肤完全吸收</span></p><p><br/></p>', 1505891645, '', NULL, NULL, 10, NULL, NULL, NULL, NULL);
INSERT INTO `jk_shop_goods` VALUES (938, '21032007', '春纪乳酸君细肤保湿凝霜', '129.00', 71, 1, '', 1530239584, '', NULL, '50', 10, NULL, NULL, NULL, NULL);
INSERT INTO `jk_shop_goods` VALUES (941, '21032006', '春纪乳酸君控油嫩滑乳', '139', 71, 1, '', 1532415722, '', NULL, '100g', 1, NULL, NULL, NULL, NULL);
INSERT INTO `jk_shop_goods` VALUES (942, '21033002', '春纪咖啡焕肤菁华露', '149', 71, 1, '', 1533800100, '', NULL, '120ml', 1, NULL, NULL, NULL, NULL);
INSERT INTO `jk_shop_goods` VALUES (943, '21025013', '春纪大葡萄补水保湿爽肤水', '79', 71, 1, '', 1533800151, '', NULL, '120ml', 1, NULL, NULL, NULL, NULL);
INSERT INTO `jk_shop_goods` VALUES (944, '21026015', '春纪黑白摩登澄黑露', '129', 71, 1, '', 1533800184, '', NULL, '120ml', 1, NULL, NULL, NULL, NULL);
INSERT INTO `jk_shop_goods` VALUES (945, '21026019', '春纪黑白摩登美白淡斑精华液', '189', 71, 1, '', 1533800218, '', NULL, '30ml', 1, NULL, NULL, NULL, NULL);
INSERT INTO `jk_shop_goods` VALUES (946, '21026022', '春纪摩登亮透素颜乳', '149', 71, 1, '', 1533800256, '', NULL, '100g', 1, NULL, NULL, NULL, NULL);
INSERT INTO `jk_shop_goods` VALUES (947, '21016001', '春纪新弹力娇嫩细肤去角质素', '99', 71, 1, '', 1533800278, '', NULL, '80g', 1, NULL, NULL, NULL, NULL);
INSERT INTO `jk_shop_goods` VALUES (948, '21011003', '春纪杨梅保湿洁面泡沫', '79', 71, 1, '', 1533800347, '', NULL, '150ml', 1, NULL, NULL, NULL, NULL);
INSERT INTO `jk_shop_goods` VALUES (949, '21011006', '春纪杨梅水漾精华露', '129', 71, 1, '', 1533800421, '', NULL, '120ml', 1, NULL, NULL, NULL, NULL);
INSERT INTO `jk_shop_goods` VALUES (950, '21011005', '春纪杨梅保湿活肤液', '109', 71, 1, '', 1533800474, '', NULL, '120ml', 1, NULL, NULL, NULL, NULL);
INSERT INTO `jk_shop_goods` VALUES (951, '21011008', '春纪杨梅保湿润肤乳', '139', 71, 1, '', 1543373585, '', NULL, '100g', 1, NULL, NULL, NULL, NULL);
INSERT INTO `jk_shop_goods` VALUES (952, '21011009', '春纪杨梅保湿水凝乳', '149', 71, 1, '', 1533800598, '', NULL, '100g', 1, NULL, NULL, NULL, NULL);
INSERT INTO `jk_shop_goods` VALUES (953, '21029007', '春纪保湿防晒SPF 30 PA+++（好奇兽）', '99', 71, 1, '', 1533800706, '', NULL, '60g', 1, NULL, NULL, NULL, NULL);
INSERT INTO `jk_shop_goods` VALUES (954, '21029008', '春纪保湿防晒SPF 30 PA+++（冰冻君）', '99', 71, 1, '', 1533800762, '', NULL, '60g', 1, NULL, NULL, NULL, NULL);
INSERT INTO `jk_shop_goods` VALUES (955, '21029009', '春纪保湿防晒SPF 30 PA+++（绿巨侠）', '99', 71, 1, '', 1533800807, '', NULL, '60g', 1, NULL, NULL, NULL, NULL);
INSERT INTO `jk_shop_goods` VALUES (956, '21029010', '春纪保湿防晒SPF 30 PA+++（粉罗宾）', '99', 71, 1, '', 1533800840, '', NULL, '60g', 1, NULL, NULL, NULL, NULL);
INSERT INTO `jk_shop_goods` VALUES (957, '21029011', '春纪保湿防晒SPF 30 PA+++（撸撸客）', '99', 71, 1, '', 1533800870, '', NULL, '60g', 1, NULL, NULL, NULL, NULL);
INSERT INTO `jk_shop_goods` VALUES (958, '21999007', '春纪蓝光防护美白礼盒', '520', 71, 1, '', 1533800915, '', NULL, '', 1, NULL, NULL, NULL, NULL);
INSERT INTO `jk_shop_goods` VALUES (959, '21033010', '春纪啡你莫属紧致淡纹礼盒', '498', 71, 1, '', 1533800945, '', NULL, '', 1, NULL, NULL, NULL, NULL);
INSERT INTO `jk_shop_goods` VALUES (960, '21025017', '春纪大葡萄补水保湿礼盒', '148', 71, 1, '', 1541733044, '', NULL, '', 1, NULL, NULL, NULL, NULL);
INSERT INTO `jk_shop_goods` VALUES (961, '21026020', '春纪黑白摩登美白礼盒（白）', '332', 71, 1, '', 1533801032, '', NULL, '', 1, NULL, NULL, NULL, NULL);
INSERT INTO `jk_shop_goods` VALUES (964, '11600006', '丸美日本酒御龄冰肌眼部组合', '￥888.00', 73, 1, '', 1586310582, 'http://p.marubi.cn/backend/Uploads/Video/20190625/5d11e1eb23640.mp4', '/backend/Uploads/Shop/goods/20190625/5d11e1fa7477b.JPG', '10ml+13g', 1, '10ml+13g', '<p>1. 日间去皱除袋，夜间漂黑消肿</p><p>2. 酒粕抗衰精华融合Pepha®-tight 和富勒烯，收紧眼部松驰下垂，抗氧美白。达到白天去皱除袋，晚上漂黑消肿，28天全效减龄。</p><p><br/></p>', '', '<p>1. 专利技术：初榨提取技术，完美保留酒粕精华驻颜精萃，专利号：HK1227612；有效抗衰配方专利，专利号：HK1227613。</p><p>2. 功效认证：日本权威功效评估，28天五维减龄，皮肤弹性增加10%，皱纹减少10%，水分蒸发减少23%。</p><p>3. 奖项：中国化妆品黑天鹅奖之年度超级产品奖，2018美容风云榜-人气口碑奖</p><p><br/></p>');
INSERT INTO `jk_shop_goods` VALUES (965, '123123', 'test123123', '123123', 71, 1, NULL, 1557120020, '', NULL, '', 1, '123123', '', '', NULL);
INSERT INTO `jk_shop_goods` VALUES (966, '11059001', '丸美弹力蛋白眼精华素', '￥548', 73, 1, '', 1571640329, 'http://p.marubi.cn/backend/Uploads/Video/20191021/5dad53f427887.mp4', '/backend/Uploads/Shop/goods/20191021/5dad540174c64.JPG', '10g+10g', 1, '10g+10g', '<p>1. 3分钟瞬间紧致，24小时持续淡纹&nbsp;&nbsp;</p><p>2. 丸美弹力蛋白，来自挪威北极纯净深海金枪鱼，韧性更高、更丰富、更纯净；特别添加密蒙花提取物，360度防御光衰老。</p><p><br/></p>', '', '<p>1. 专利技术：国家权威专利认证，丸美抗衰配方Marubi Elastin Plus ™ ，专利号201610835181.9</p><p>2. 四无添加：无酒精、无色素、无香精、无矿物油</p><p>3. 功效认证：法国里昂医科大学实验室权威测试，45天，弹力蛋白增加119%</p><p>4. 奖项：2018年度化妆品品类卓越奖，2018嘉人百大赏一呼百应奖最佳眼部保养，2018美容风云榜-至臻经典大奖，瑞丽美容大赏特别大奖，2018海报美妆大赏-年度Q弹逆龄眼部精华奖</p><p><br/></p>');
INSERT INTO `jk_shop_goods` VALUES (967, '11600005', '丸美日本酒御龄冰肌精华液', '￥698.00', 73, 1, '', 1586310718, 'http://p.marubi.cn/backend/Uploads/Video/20190626/5d12d5d7581df.mp4', '/backend/Uploads/Shop/goods/20190626/5d12d63a0603f.JPG', '30ml', 1, '30ml', '<p>1. 现调鲜养，五维减龄</p><p>2. 30%的酒粕抗衰精华，配以专利保鲜芯黑科技，鲜启5维减龄能量，28天立显紧实提升。</p><p><br/></p>', '', '<p>1. 专利技术：初榨提取技术，完美保留酒粕精华驻颜精萃，专利号：HK1227612；有效抗衰配方专利，专利号：HK1227613。</p><p>2. 功效认证：日本权威功效评估，28天五维减龄，皮肤弹性增加10%，皱纹减少10%，水分蒸发减少23%。</p><p>3. 奖项：中国化妆品黑天鹅奖之年度超级产品奖</p><p><br/></p>');
INSERT INTO `jk_shop_goods` VALUES (968, '11600002', '丸美日本酒御龄冰肌露', '￥498.00', 73, 1, '', 1586310555, 'http://p.marubi.cn/backend/Uploads/Video/20190625/5d11cd009fdc2.mp4', '/backend/Uploads/Shop/goods/20190625/5d11cd2caa95c.JPG', '120ml', 1, '120ml', '<p>1. 24%寒造酒粕，减龄水</p><p>2. 24%的酒粕精华35种微量元素，融合抗氧美白的富勒烯，1次润养，12小时晶莹剔透。</p><p><br/></p>', '', '<p>1. 专利技术：初榨提取技术，完美保留酒粕精华驻颜精萃，专利号：HK1227612；有效抗衰配方专利，专利号：HK1227613。</p><p>2. 功效认证：日本权威功效评估，28天五维减龄，皮肤弹性增加10%，皱纹减少10%，水分蒸发减少23%。</p><p>3. 奖项：中国化妆品黑天鹅奖之年度超级产品奖</p><p><br/></p>');
INSERT INTO `jk_shop_goods` VALUES (969, '11601005', '丸美日本花弹润娇嫩精华液', '￥658.00', 73, 1, '', 1586310844, 'http://p.marubi.cn/backend/Uploads/Video/20190625/5d11d11f93f06.mp4', '/backend/Uploads/Shop/goods/20190625/5d11d143b1b23.JPG', '', 1, '35ml', '<p>1. 深入肌底深彻润养，一天天更弹润娇嫩</p><p>2. 集椿花籽油2、椿花籽提取物3等椿花1精粹于一身，柔滑触感，保湿滋润，淡化细纹，水嫩透润，令肌肤更柔润娇嫩，细腻柔滑。</p><p><br/></p>', '', '<p>专利技术：有效抗衰配方专利，专利号：201910045397.9，该专利申请中。</p>');
INSERT INTO `jk_shop_goods` VALUES (970, '11600004', '丸美日本酒御龄冰肌霜', '￥598.00', 73, 1, '', 1586310420, 'http://p.marubi.cn/backend/Uploads/Video/20190626/5d12d9c80e9ed.mp4', '/backend/Uploads/Shop/goods/20190626/5d12da1208b5c.JPG', '', 1, '50g', '<p>1. 24%寒造酒粕，减龄霜</p><p>2. 24%的酒粕精华35种微量元素，融合抗氧美白的富勒烯，极致润养，令肌肤紧实柔嫩。</p><p><br/></p>', '', '<p>1. 专利技术：初榨提取技术，完美保留酒粕精华驻颜精萃，专利号：HK1227612；有效抗衰配方专利，专利号：HK1227613。</p><p>2. 功效认证：日本权威功效评估，28天五维减龄，皮肤弹性增加10%，皱纹减少10%，水分蒸发减少23%。</p><p>3. 奖项：中国化妆品黑天鹅奖之年度超级产品奖</p><p><br/></p>');
INSERT INTO `jk_shop_goods` VALUES (971, '11601006', '丸美日本花弹润娇嫩眼部组合', '￥848.00', 73, 1, '', 1586310865, 'http://p.marubi.cn/backend/Uploads/Video/20190626/5d12dc3a23d0a.mp4', '/backend/Uploads/Shop/goods/20190626/5d12dc83f22c1.JPG', '', 1, '10ml+13g', '<p>1. 日间抗氧平纹，夜间赋弹娇嫩</p><p>2. 蕴含椿花籽油2、椿花籽提取物3和透明质酸钠。日间：丝质触感，补水锁水，滋润眼周肌肤，淡化细纹，令眼周肌肤柔软、平滑。夜间：醇厚质感，夜间修护眼周肌肤，给予眼周肌肤柔润细腻，令眼周肌肤娇嫩弹滑。</p><p><br/></p>', '', '<p>专利技术：有效抗衰配方专利，专利号：201910045397.9，该专利申请中。</p>');
INSERT INTO `jk_shop_goods` VALUES (972, '11050001', '丸美明星经典隔离霜（紫晶色）', '288', 73, 1, NULL, 1571622143, '', '', '', 1, '30g', '<p>1. 保养隔离 双效防护</p><p>2. 添加射干根提取物、水解欧洲李、姜根提取物等植物成分提亮肤色，打造似有若无的空气底妆，有效隔离污染、彩妆、灰霾带来的伤害。</p><p><br/></p>', '', '');
INSERT INTO `jk_shop_goods` VALUES (973, '11059003', '丸美弹力蛋白眼精华素3g+3g（迷你装）', '￥99', 73, 1, '', 1578470371, 'http://p.marubi.cn/backend/Uploads/Video/20200107/5e13e757703f6.mp4', '/backend/Uploads/Shop/goods/20200107/5e13e7443a5eb.JPG', '3g+3g', 1, '3g+3g', '<p>3分钟瞬间紧致，24小时持续淡纹</p><p>丸美弹力蛋白，来自挪威北极纯净深海金枪鱼，韧性更高、更丰富、更纯净；特别添加密蒙花提取物，360度防御光衰老。</p>', '', '<p>1. 专利技术：国家权威专利认证，丸美抗衰配方Marubi Elastin Plus ™ ，专利号201610835181.9</p><p>2. 四无添加：无酒精、无色素、无香精、无矿物油</p><p>3. 功效认证：法国里昂医科大学实验室权威测试，45天，弹力蛋白增加119%</p><p>4. 奖项：2018年度化妆品品类卓越奖，2018嘉人百大赏一呼百应奖最佳眼部保养，2018美容风云榜-至臻经典大奖，瑞丽美容大赏特别大奖，2018海报美妆大赏-年度Q弹逆龄眼部精华奖</p><p><br/></p>');
INSERT INTO `jk_shop_goods` VALUES (974, '11054019', '丸美多肽提拉紧致安瓶精华液', '￥298', 73, 1, '', 1578470395, 'http://p.marubi.cn/backend/Uploads/Video/20200108/5e15863d0ece5.mp4', '/backend/Uploads/Shop/goods/20200108/5e1586436f94e.JPG', '1.5ml*7', 1, '1.5ml*7', '<p>14%高浓度闪充，7天去皱纹提轮廓</p><p>融合多肽，抚平纹路，紧致肌肤，提升轮廓。</p>', '', '<p>1. 专利技术：美国专利成分Cosmoperine®（美国专利号：US 6,849,645 B2），独创闪充黑科技。</p><p>2. 四无添加：无酒精、无防腐剂、无香精、无色素。</p><p><br/></p>');
INSERT INTO `jk_shop_goods` VALUES (975, '11601001', '丸美日本花弹润娇嫩洁颜霜', '￥358', 73, 1, '', 1586310771, 'http://p.marubi.cn/backend/Uploads/Video/20200108/5e158b63ef6b9.mp4', '/backend/Uploads/Shop/goods/20200108/5e158b442e5d9.JPG', '120g', 1, '120g', '', '', '<p>专利技术：有效抗衰配方专利，专利号：201910045397.9，该专利申请中。</p>');
INSERT INTO `jk_shop_goods` VALUES (976, '11601003', '丸美日本花弹润娇嫩精华乳', '￥558', 73, 1, '', 1586310802, 'http://p.marubi.cn/backend/Uploads/Video/20200108/5e15964e1c79f.mp4', '/backend/Uploads/Shop/goods/20200108/5e15962cb93ef.JPG', '100ml', 1, '100ml', '<p>自体乳化储水锁水，一天天更娇嫩弹滑</p>', '', '');
INSERT INTO `jk_shop_goods` VALUES (977, '11601004', '丸美日本花弹润娇嫩精华霜', '￥558', 73, 1, '', 1586310824, 'http://p.marubi.cn/backend/Uploads/Video/20200108/5e15990a87e68.mp4', '/backend/Uploads/Shop/goods/20200108/5e1598fe14b18.JPG', '50g', 1, '50g', '<p>自体乳化水油均衡，一天天更鲜嫩紧致</p>', '', '<p>专利技术：有效抗衰配方专利，专利号：201910045397.9，该专利申请中。</p>');
INSERT INTO `jk_shop_goods` VALUES (978, '11600001', '丸美日本酒御龄冰肌洁颜霜', '￥398', 73, 1, '', 1586310531, 'http://p.marubi.cn/backend/Uploads/Video/20200109/5e16c0b03cf2c.mp4', '/backend/Uploads/Shop/goods/20200109/5e16c0a375e03.JPG', '120g', 1, '120g', '<p>御龄洁面 温和清爽</p><p>10%的酒粕精华35种微量元素，清除深层残积物；配合透明质酸钠等补水保湿成分，温和洁净肌肤，用后不干燥，不紧绷。</p>', '', '<p>1. 专利技术：初榨提取技术，完美保留酒粕精华驻颜精萃，专利号：HK1227612；有效抗衰配方专利，专利号：HK1227613。</p><p>2. 功效认证：日本权威功效评估，28天五维减龄，皮肤弹性增加10%，皱纹减少10%，水分蒸发减少23%。</p><p>3. 奖项：中国化妆品黑天鹅奖之年度超级产品奖</p><p><br/></p>');
INSERT INTO `jk_shop_goods` VALUES (979, '11600003', '丸美日本酒御龄冰肌乳', '￥598', 73, 1, '', 1586310741, 'http://p.marubi.cn/backend/Uploads/Video/20200109/5e16c2ad95c93.mp4', '/backend/Uploads/Shop/goods/20200109/5e16c298894ba.JPG', '100ml', 1, '100ml', '<p>24%寒造酒粕，减龄乳</p><p>24%的酒粕精华35种微量元素，融合抗氧美白的富勒烯、透明质酸钠、野大豆胚芽提取物、山茶籽提取物有效缓解肌肤干燥，延缓肌肤衰老，缓解肌肤问题。</p>', '', '<p>1. 专利技术：初榨提取技术，完美保留酒粕精华驻颜精萃，专利号：HK1227612；有效抗衰配方专利，专利号：HK1227613。</p><p>2. 功效认证：日本权威功效评估，28天五维减龄，皮肤弹性增加10%，皱纹减少10%，水分蒸发减少23%。</p><p>3. 奖项：中国化妆品黑天鹅奖之年度超级产品奖</p><p><br/></p>');

-- ----------------------------
-- Table structure for jk_shop_goods_action
-- ----------------------------
DROP TABLE IF EXISTS `jk_shop_goods_action`;
CREATE TABLE `jk_shop_goods_action`  (
  `id` int(11) NOT NULL AUTO_INCREMENT,
  `goods_id` int(11) NOT NULL,
  `action_user` varchar(45) CHARACTER SET utf8 COLLATE utf8_unicode_ci NOT NULL COMMENT '操作人',
  `goods_status` tinyint(4) NOT NULL,
  `action_note` varchar(255) CHARACTER SET utf8 COLLATE utf8_unicode_ci NULL DEFAULT NULL COMMENT '操作备注',
  `created_at` int(11) NOT NULL,
  PRIMARY KEY (`id`) USING BTREE
) ENGINE = InnoDB AUTO_INCREMENT = 1 CHARACTER SET = utf8 COLLATE = utf8_unicode_ci COMMENT = '商品操作日志' ROW_FORMAT = Dynamic;

-- ----------------------------
-- Table structure for jk_shop_goods_attr
-- ----------------------------
DROP TABLE IF EXISTS `jk_shop_goods_attr`;
CREATE TABLE `jk_shop_goods_attr`  (
  `id` int(11) NOT NULL AUTO_INCREMENT,
  `goods_id` int(10) UNSIGNED NOT NULL COMMENT '惠购商品ID',
  `attr_id` int(11) NOT NULL COMMENT '属性ID',
  `attr_value` varchar(45) CHARACTER SET utf8 COLLATE utf8_unicode_ci NOT NULL COMMENT '属性值',
  `attr_price` decimal(10, 2) NOT NULL DEFAULT 0.00 COMMENT '属性加价',
  PRIMARY KEY (`id`) USING BTREE,
  INDEX `fk_shop_goods_attr_shop_goods1_idx`(`goods_id`) USING BTREE,
  INDEX `fk_shop_goods_attr_shop_attribute1_idx`(`attr_id`) USING BTREE,
  CONSTRAINT `fk_shop_goods_attr_shop_goods1` FOREIGN KEY (`goods_id`) REFERENCES `jk_shop_goods` (`id`) ON DELETE NO ACTION ON UPDATE NO ACTION,
  CONSTRAINT `jk_shop_goods_attr_ibfk_1` FOREIGN KEY (`attr_id`) REFERENCES `jk_shop_attribute` (`id`) ON DELETE NO ACTION ON UPDATE NO ACTION
) ENGINE = InnoDB AUTO_INCREMENT = 1 CHARACTER SET = utf8 COLLATE = utf8_unicode_ci COMMENT = '商品属性设置' ROW_FORMAT = Dynamic;

-- ----------------------------
-- Table structure for jk_shop_goods_comment
-- ----------------------------
DROP TABLE IF EXISTS `jk_shop_goods_comment`;
CREATE TABLE `jk_shop_goods_comment`  (
  `id` int(11) NOT NULL AUTO_INCREMENT,
  `title` char(100) CHARACTER SET utf8 COLLATE utf8_unicode_ci NOT NULL COMMENT '..',
  `content` text CHARACTER SET utf8 COLLATE utf8_unicode_ci NOT NULL COMMENT '..',
  `gallery` text CHARACTER SET utf8 COLLATE utf8_unicode_ci NULL COMMENT '.....',
  `goods_id` int(11) NOT NULL,
  PRIMARY KEY (`id`) USING BTREE
) ENGINE = InnoDB AUTO_INCREMENT = 114 CHARACTER SET = utf8 COLLATE = utf8_unicode_ci COMMENT = '....' ROW_FORMAT = Dynamic;

-- ----------------------------
-- Records of jk_shop_goods_comment
-- ----------------------------
INSERT INTO `jk_shop_goods_comment` VALUES (6, '粉红猪小妹：', '日用精华偏清爽，补水好吸收，夜用精华质地Q弹，比较滋润，修护效果好，早晚坚持一段时间之后，明显感觉眼部水嫩了，没有之前那么干，细纹也淡了些，会再回购哦！', 'a:3:{i:0;s:54:\"/backend/Uploads/Shop/goods/20190625/5d11bc4a7aa5b.jpg\";i:1;s:55:\"/backend/Uploads/Shop/goods/20190625/5d11bc4b4227a.jpeg\";i:2;s:54:\"/backend/Uploads/Shop/goods/20190625/5d11bc4c6af87.gif\";}', 966);
INSERT INTO `jk_shop_goods_comment` VALUES (7, '凡凡不是翻翻：', '日常保养离不开眼霜，对抗细纹鱼尾纹当然还得丸美家的王牌-弹弹弹眼霜了。日用可\r\n以预防新的眼纹长出来，夜用是弹力润养，平滑修护，淡化原来的细纹干纹，用起来很\r\n舒服，之前的假性鱼尾纹都慢慢淡化啦！\r\n', 'a:5:{i:0;s:55:\"/backend/Uploads/Shop/goods/20190625/5d11bc80e3025.jpeg\";i:1;s:55:\"/backend/Uploads/Shop/goods/20190625/5d11bc8279eab.jpeg\";i:2;s:54:\"/backend/Uploads/Shop/goods/20190625/5d11bc839826f.gif\";i:3;s:55:\"/backend/Uploads/Shop/goods/20190625/5d11bc8436eb5.jpeg\";i:4;s:54:\"/backend/Uploads/Shop/goods/20190625/5d11bc8498efa.jpg\";}', 966);
INSERT INTO `jk_shop_goods_comment` VALUES (8, 'Mori森：', '为颜值而入，为功效打call！很全能的一款抗老眼霜，主要成分是弹力蛋白，对于改善眼纹效果一级棒！无论是干纹、细纹、鱼尾纹，从有抗老需求开始用到40岁都不是问题！', 'a:4:{i:0;s:54:\"/backend/Uploads/Shop/goods/20190625/5d11bcb133c57.jpg\";i:1;s:54:\"/backend/Uploads/Shop/goods/20190625/5d11bcb19064e.jpg\";i:2;s:54:\"/backend/Uploads/Shop/goods/20190625/5d11bcb1d5dcb.png\";i:3;s:54:\"/backend/Uploads/Shop/goods/20190625/5d11bcb22681a.png\";}', 966);
INSERT INTO `jk_shop_goods_comment` VALUES (9, 'Hellokatty：', '相当温和，没有任何刺激感，皮肤又能得到舒缓，实在是一举多得！无色，无味，无酒精等，透明浓醇的拉丝质地，令颗颗弹力水可立在肌肤上，给肌肤深层保养，焕发活力。用着好放心啊！', 'a:3:{i:0;s:54:\"/backend/Uploads/Shop/goods/20190625/5d11c2fd1eb3e.jpg\";i:1;s:54:\"/backend/Uploads/Shop/goods/20190625/5d11c2fe493b6.jpg\";i:2;s:54:\"/backend/Uploads/Shop/goods/20190625/5d11c2ff70087.jpg\";}', 809);
INSERT INTO `jk_shop_goods_comment` VALUES (10, '小小爱大大：', '刚用的时候觉得效果很明显，那时候刚旅游回来，皮肤晒得很黑。喷完之后觉得脸很舒服，一点都不刺激。', 'a:3:{i:0;s:54:\"/backend/Uploads/Shop/goods/20190625/5d11c338bcdad.jpg\";i:1;s:54:\"/backend/Uploads/Shop/goods/20190625/5d11c339d277d.jpg\";i:2;s:54:\"/backend/Uploads/Shop/goods/20190625/5d11c33b6293c.jpg\";}', 809);
INSERT INTO `jk_shop_goods_comment` VALUES (11, '一枚吃货小猪：', '喜欢尝试新产品，这款是最近败的产品中比较好用的。一瓶很耐用，经常用化妆棉敷着用，用完感觉毛孔比较细，推荐爱美的你们。', 'a:4:{i:0;s:54:\"/backend/Uploads/Shop/goods/20190625/5d11c35c5aef2.jpg\";i:1;s:54:\"/backend/Uploads/Shop/goods/20190625/5d11c35dbc489.jpg\";i:2;s:54:\"/backend/Uploads/Shop/goods/20190625/5d11c35f1cf84.jpg\";i:3;s:54:\"/backend/Uploads/Shop/goods/20190625/5d11c360370ae.jpg\";}', 809);
INSERT INTO `jk_shop_goods_comment` VALUES (12, '航子小姐：', '这款的cream质地虽然比较厚。但是却非常好推开。只要很少的量就可以用整个眼部，而且吸收的非常完全。晚上时候的效果更好。', 'a:4:{i:0;s:54:\"/backend/Uploads/Shop/goods/20190625/5d11c7087da5e.png\";i:1;s:54:\"/backend/Uploads/Shop/goods/20190625/5d11c708bcacb.png\";i:2;s:54:\"/backend/Uploads/Shop/goods/20190625/5d11c709194eb.png\";i:3;s:54:\"/backend/Uploads/Shop/goods/20190625/5d11c70955e8b.png\";}', 812);
INSERT INTO `jk_shop_goods_comment` VALUES (13, '我是巴帅：', '比眼霜质地更轻盈，接近乳液的质地，又比乳液再浓稠些。我用过很多大牌眼霜，质地都会偏滋润，很多都是以霜状质地，其实这种更适合干皮和更成熟的皮肤。使用一个多月后眼周肌肤更加细腻，小干纹减少了，眼底的黑色素沉淀也改善了很多，另外就是整个眼部的整个色泽有提升。', 'a:4:{i:0;s:54:\"/backend/Uploads/Shop/goods/20190625/5d11c736017f7.png\";i:1;s:54:\"/backend/Uploads/Shop/goods/20190625/5d11c7364a25f.png\";i:2;s:54:\"/backend/Uploads/Shop/goods/20190625/5d11c73677b0f.png\";i:3;s:54:\"/backend/Uploads/Shop/goods/20190625/5d11c736c3ca3.png\";}', 812);
INSERT INTO `jk_shop_goods_comment` VALUES (14, '长腿姐姐：', '质地真的很轻薄，这样的产品是最容易被角质层所充分吸收的。每次黄豆大小的分量就足够了，延展性非常好！还能淡淡的闻到巧克力的味道~吸收很快，几乎没有油腻，坚持一段时间后明显眼周肌肤紧致了许多，细纹也逐渐消失，连最难改善的黑眼圈也明显淡化了不少！', 'a:5:{i:0;s:54:\"/backend/Uploads/Shop/goods/20190625/5d11c76050bcc.png\";i:1;s:54:\"/backend/Uploads/Shop/goods/20190625/5d11c76083cc5.png\";i:2;s:54:\"/backend/Uploads/Shop/goods/20190625/5d11c760c7b61.png\";i:3;s:54:\"/backend/Uploads/Shop/goods/20190625/5d11c76116643.png\";i:4;s:54:\"/backend/Uploads/Shop/goods/20190625/5d11c7615dd92.png\";}', 812);
INSERT INTO `jk_shop_goods_comment` VALUES (15, '果冻糖女孩：', '没有粘稠感，很清爽，很补水，夏天用很好。清爽不油，基础护肤，没有特别功效，还要搭配保湿面霜或乳液，帮助吸收后续步骤', 'a:3:{i:0;s:54:\"/backend/Uploads/Shop/goods/20190625/5d11c8977d14a.jpg\";i:1;s:54:\"/backend/Uploads/Shop/goods/20190625/5d11c897a997e.jpg\";i:2;s:54:\"/backend/Uploads/Shop/goods/20190625/5d11c897bcdcc.jpg\";}', 908);
INSERT INTO `jk_shop_goods_comment` VALUES (16, '超级厉害的粉红妹：', '到了夏天就换上比较轻薄的紧致乳了，比较舒服，容易吸收，也很容易推开，然后又一层保护膜的感觉，凃完了感觉还蛮滋润的，肌肤的状态感觉是很健康的。', 'a:2:{i:0;s:54:\"/backend/Uploads/Shop/goods/20190625/5d11c8c380a27.jpg\";i:1;s:54:\"/backend/Uploads/Shop/goods/20190625/5d11c90c73468.jpg\";}', 908);
INSERT INTO `jk_shop_goods_comment` VALUES (17, '于小鱼：', '丸美弹力蛋白紧致乳液，弹弹的，跟最早袁咏仪打广告的眼霜一个系列，弹弹弹，弹走鱼尾纹。很喜欢这种质感，上脸很舒服，用后不黏腻。适合25岁以后干皮人群。总评还是不错的。', 'a:2:{i:0;s:54:\"/backend/Uploads/Shop/goods/20190625/5d11c8dd7a2b6.jpg\";i:1;s:54:\"/backend/Uploads/Shop/goods/20190625/5d11c8dd928cb.jpg\";}', 908);
INSERT INTO `jk_shop_goods_comment` VALUES (18, '海绵宝宝爱睡觉：', '透明的精华质地，使用小滴管能更好的控制用量。使用起来更加卫生更加方便。精华有着淡淡的清新的花香可以舒缓、安抚紧张神经，明凝露的质地，比较粘稠的水状精华，相对一般的霜它更好吸收。也更加的清爽，原本干燥的眼周肉眼可见的变得润泽，细纹得到了非常明显的改善。', 'a:4:{i:0;s:54:\"/backend/Uploads/Shop/goods/20190625/5d11ca0c3880f.JPG\";i:1;s:54:\"/backend/Uploads/Shop/goods/20190625/5d11ca0c56e5b.JPG\";i:2;s:54:\"/backend/Uploads/Shop/goods/20190625/5d11ca0c73fd4.jpg\";i:3;s:54:\"/backend/Uploads/Shop/goods/20190625/5d11ca0c9e874.jpg\";}', 842);
INSERT INTO `jk_shop_goods_comment` VALUES (19, '三岁大魔王：', '丸美多肽蛋白提拉眼袋精华液质地轻薄易被肌肤吸收，清爽不黏腻。良好的抗氧化性有效抗击肌肤老化，让眼周肌肤处于年轻状态。连续使用28天后，眼部肌肤紧致细腻，眼袋明显变小，眼角也有所上扬，看上去活力四射，即使偶尔熬夜后也不会呈现疲倦的面貌，整个人看上去神采奕奕。', 'a:4:{i:0;s:54:\"/backend/Uploads/Shop/goods/20190625/5d11ca376a3d5.jpg\";i:1;s:55:\"/backend/Uploads/Shop/goods/20190625/5d11ca39852bf.jpeg\";i:2;s:54:\"/backend/Uploads/Shop/goods/20190625/5d11ca3b9d319.jpg\";i:3;s:54:\"/backend/Uploads/Shop/goods/20190625/5d11ca3e0cf54.jpg\";}', 842);
INSERT INTO `jk_shop_goods_comment` VALUES (21, 'Demi仙仙：', '这款精华里面添加了多肽蛋白成分，能够被肌肤快速吸收，起到淡化细纹，提拉紧致的效果，用了一个星期之后加上最近也比较早睡觉，发现眼袋在慢慢淡化，眼周的细纹也变浅了不少，会回购哦。', 'a:5:{i:0;s:54:\"/backend/Uploads/Shop/goods/20190625/5d11ca7fcd7db.JPG\";i:1;s:54:\"/backend/Uploads/Shop/goods/20190625/5d11ca8000d91.jpg\";i:2;s:54:\"/backend/Uploads/Shop/goods/20190625/5d11ca8022cfc.jpg\";i:3;s:54:\"/backend/Uploads/Shop/goods/20190625/5d11ca8056c70.jpg\";i:4;s:54:\"/backend/Uploads/Shop/goods/20190625/5d11ca80bc688.jpg\";}', 842);
INSERT INTO `jk_shop_goods_comment` VALUES (22, 'LISAmore：', '使用了丸美日本酒御龄冰肌露一周左右吧，精华水的吸收很好，保湿效果还不错，闻起来是酒香的味道，但是没有酒精成分，不影响使用。', 'a:3:{i:0;s:54:\"/backend/Uploads/Shop/goods/20190625/5d11cd8868280.jpg\";i:1;s:54:\"/backend/Uploads/Shop/goods/20190625/5d11cd888aca2.jpg\";i:2;s:54:\"/backend/Uploads/Shop/goods/20190625/5d11cd88a29ac.jpg\";}', 968);
INSERT INTO `jk_shop_goods_comment` VALUES (23, '不爱吃鱼的姑娘：', '一直都在用丸美的产品。它家的日本酒御龄冰肌露质地不油腻很好推开，上脸后很快就可以吸收了。主要用来锁水和修复肌肤的，感觉还不错，用完之后肌肤瘙痒、起皮的现象少了~', 'a:3:{i:0;s:54:\"/backend/Uploads/Shop/goods/20190625/5d11cda25be29.jpg\";i:1;s:54:\"/backend/Uploads/Shop/goods/20190625/5d11cda2a7a9b.jpg\";i:2;s:54:\"/backend/Uploads/Shop/goods/20190625/5d11cda308b04.jpg\";}', 968);
INSERT INTO `jk_shop_goods_comment` VALUES (24, 'Radah突然间：', '特地用了一段时间丸美日本酒御龄冰肌露才来评价的，真！的！好！用！用完后是那种整个人皮肤很白很透亮的感觉，素颜都是白白亮亮的。提亮肤色效果超级赞。真的很开心，性价比也太高了吧~~', 'a:3:{i:0;s:54:\"/backend/Uploads/Shop/goods/20190625/5d11cdc1764b7.jpg\";i:1;s:54:\"/backend/Uploads/Shop/goods/20190625/5d11cdc18e7cb.jpg\";i:2;s:54:\"/backend/Uploads/Shop/goods/20190625/5d11cdc1a20b8.jpg\";}', 968);
INSERT INTO `jk_shop_goods_comment` VALUES (25, '最幸福的小胖妹：', '丸美多肽蛋白提拉蜜露，和平时用的爽肤水不同，它的质地更加的稠一些，但吸收也是非常快速的。主打功效收敛毛孔抚平细纹，提拉紧致。', 'a:3:{i:0;s:54:\"/backend/Uploads/Shop/goods/20190625/5d11cf26425bb.jpg\";i:1;s:54:\"/backend/Uploads/Shop/goods/20190625/5d11cf27cccfb.jpg\";i:2;s:54:\"/backend/Uploads/Shop/goods/20190625/5d11cf297dd89.jpg\";}', 824);
INSERT INTO `jk_shop_goods_comment` VALUES (26, '啦啦肥：', '它绝对是这个系列的颜值担当！拿在手里，瓶子里的气泡看起来好美哦~~当然除了颜值之外，和普通的化妆水不同，它还是一款可以抚平脸部纹路，让肌肤更加紧致的功能性水水，坚持使用它还可以帮助收敛面部毛孔~是我的新欢啦！', 'a:5:{i:0;s:54:\"/backend/Uploads/Shop/goods/20190625/5d11cf749b777.jpg\";i:1;s:54:\"/backend/Uploads/Shop/goods/20190625/5d11cf77229f8.jpg\";i:2;s:54:\"/backend/Uploads/Shop/goods/20190625/5d11cf79bb0b5.jpg\";i:3;s:54:\"/backend/Uploads/Shop/goods/20190625/5d11cf7c6ebfb.jpg\";i:4;s:54:\"/backend/Uploads/Shop/goods/20190625/5d11cf7f00c06.jpg\";}', 824);
INSERT INTO `jk_shop_goods_comment` VALUES (27, '卖女孩的小火柴：', '超级好用的丸美多肽蛋白提拉蜜露，个人认为不输任何大牌，用了丸美4年了，皮肤弹润、紧致、有光泽，这个蜜露在夏天用很舒服很补水，会一直回购哦！', 'a:3:{i:0;s:54:\"/backend/Uploads/Shop/goods/20190625/5d11cfc8ec30f.jpg\";i:1;s:54:\"/backend/Uploads/Shop/goods/20190625/5d11cfca44e01.jpg\";i:2;s:54:\"/backend/Uploads/Shop/goods/20190625/5d11cfcbc9cc4.jpg\";}', 824);
INSERT INTO `jk_shop_goods_comment` VALUES (28, '想胖的瘦姐姐：', '很粉嫩的一瓶精华，少女心爆棚！而且很适合20-25岁左右的年轻女孩，主要是抗糖化抗初老，质地清爽易吸收，平常放在冰箱里，在夏天用冰冰凉凉超舒服的~', 'a:4:{i:0;s:54:\"/backend/Uploads/Shop/goods/20190625/5d11d192a993e.jpg\";i:1;s:54:\"/backend/Uploads/Shop/goods/20190625/5d11d1941daf3.jpg\";i:2;s:54:\"/backend/Uploads/Shop/goods/20190625/5d11d1955a6d3.jpg\";i:3;s:54:\"/backend/Uploads/Shop/goods/20190625/5d11d19653e62.jpg\";}', 969);
INSERT INTO `jk_shop_goods_comment` VALUES (29, '大眼睛mm：', '一款具备了茶多酚，油酸，儿茶素等美容成分的丸美日本椿花精华液，实现了【保湿x提亮x抗衰】的护肤功效，小小的一瓶，满足我多种抗老需求，推荐给大家~', 'a:4:{i:0;s:54:\"/backend/Uploads/Shop/goods/20190625/5d11d1c39888f.jpg\";i:1;s:54:\"/backend/Uploads/Shop/goods/20190625/5d11d1c52d9bf.jpg\";i:2;s:54:\"/backend/Uploads/Shop/goods/20190625/5d11d1c59efea.jpg\";i:3;s:54:\"/backend/Uploads/Shop/goods/20190625/5d11d1c6d39ce.jpg\";}', 969);
INSERT INTO `jk_shop_goods_comment` VALUES (30, '战痘小魔仙：', '敏感肌宝宝来报道！这款精华的抗氧化感觉不错，用了一段时间肌肤明显的有提亮，而且特别水润，敏感肌用也没有丝毫的不适哦~会坚持使用，希望早日恢复少女肌！', 'a:4:{i:0;s:54:\"/backend/Uploads/Shop/goods/20190625/5d11d1f3e09c9.jpg\";i:1;s:54:\"/backend/Uploads/Shop/goods/20190625/5d11d1f4c04b4.jpg\";i:2;s:54:\"/backend/Uploads/Shop/goods/20190625/5d11d1f5d43e1.jpg\";i:3;s:54:\"/backend/Uploads/Shop/goods/20190625/5d11d1f6c11aa.jpg\";}', 969);
INSERT INTO `jk_shop_goods_comment` VALUES (31, '爱吃棒棒糖的女孩：', '非常棒的一款精华素,非常全面地修护各种肌肤问题,我在晚间连续使用了两个星期后,暗哑油腻的状况有了明显的改善。', 'a:4:{i:0;s:54:\"/backend/Uploads/Shop/goods/20190625/5d11d4b28b7ac.jpg\";i:1;s:54:\"/backend/Uploads/Shop/goods/20190625/5d11d4b405b0d.jpg\";i:2;s:54:\"/backend/Uploads/Shop/goods/20190625/5d11d4b55a644.jpg\";i:3;s:54:\"/backend/Uploads/Shop/goods/20190625/5d11d4b6c034d.jpg\";}', 929);
INSERT INTO `jk_shop_goods_comment` VALUES (32, '**小魔仙', '一点不会有黏黏的感觉，也不会油，虽是滋润产品，但是质地是清爽的 丝毫不油腻相当的温和，安全无刺激产品哦！', 'a:3:{i:0;s:54:\"/backend/Uploads/Shop/goods/20190625/5d11d4ed54af4.jpg\";i:1;s:54:\"/backend/Uploads/Shop/goods/20190625/5d11d4ee81e54.jpg\";i:2;s:54:\"/backend/Uploads/Shop/goods/20190625/5d11d4efb41dd.jpg\";}', 929);
INSERT INTO `jk_shop_goods_comment` VALUES (33, '大大大姐姐', '这款精华素用量很省，米粒大小可以用全脸，感觉对于去表情纹很有效果，用了一段时间看到法令纹都比之前淡了些，价格也可以接受，坚持使用真的会有惊喜！', 'a:3:{i:0;s:54:\"/backend/Uploads/Shop/goods/20190625/5d11d5130e508.jpg\";i:1;s:54:\"/backend/Uploads/Shop/goods/20190625/5d11d51453f44.jpg\";i:2;s:54:\"/backend/Uploads/Shop/goods/20190625/5d11d5156b2dc.jpg\";}', 929);
INSERT INTO `jk_shop_goods_comment` VALUES (34, 'RandomSort：', '丸美巧克力青春丝滑水，用在护肤的第一步，能够达到二次清洁和软化角质的效果，同时，还能给肌肤补充水分。换季期间肌肤容易干燥粗糙，而使用这支青春丝滑水，能够让肌肤整个变得柔滑起来~摆脱了粗糙干燥的肌肤，整个人也会看起来活力满满，年轻许多哦~', 'a:3:{i:0;s:54:\"/backend/Uploads/Shop/goods/20190625/5d11d5dc74114.png\";i:1;s:54:\"/backend/Uploads/Shop/goods/20190625/5d11d5dca4217.png\";i:2;s:54:\"/backend/Uploads/Shop/goods/20190625/5d11d5dcd4be9.png\";}', 903);
INSERT INTO `jk_shop_goods_comment` VALUES (35, '祖传彭于晏老婆：', '确实如巧克力一般丝滑，水水也像是可可水的颜色，味道也如淡淡的可可一般。总体很丝滑，用后皮肤都生出了一般丝滑的柔嫩感受，感觉自己的肌肤娇嫩欲滴，非常好', 'a:2:{i:0;s:54:\"/backend/Uploads/Shop/goods/20190625/5d11d5f56beda.jpg\";i:1;s:54:\"/backend/Uploads/Shop/goods/20190625/5d11d5f6df790.png\";}', 903);
INSERT INTO `jk_shop_goods_comment` VALUES (36, '上官可乐er：', '丸美巧克力青春丝滑水包装挺可爱的呢。而且味道也很不错。清香又很温和。不刺激肌肤。柔和又细腻肌肤。平衡肌肤酸碱度，调理强韧角质层，锁住水分。', 'a:2:{i:0;s:54:\"/backend/Uploads/Shop/goods/20190625/5d11d61369b9b.png\";i:1;s:54:\"/backend/Uploads/Shop/goods/20190625/5d11d61468997.png\";}', 903);
INSERT INTO `jk_shop_goods_comment` VALUES (37, '喜羊羊的马子：', '经常的熬夜导致眼部肌肤有严重的黑眼圈问题，用了众多不同品牌的眼霜，而最近体验了丸美白色之恋纯白淡黑眼霜，涂抹在眼部有种微微发热的感觉，像热毛巾敷在眼部的感觉，很奇妙，用了一段时间黑眼圈也淡化了许多。', 'a:4:{i:0;s:54:\"/backend/Uploads/Shop/goods/20190625/5d11d6fe7091c.JPG\";i:1;s:54:\"/backend/Uploads/Shop/goods/20190625/5d11d6feb167a.JPG\";i:2;s:54:\"/backend/Uploads/Shop/goods/20190625/5d11d6ff0475f.JPG\";i:3;s:54:\"/backend/Uploads/Shop/goods/20190625/5d11d6ff82052.JPG\";}', 909);
INSERT INTO `jk_shop_goods_comment` VALUES (38, '白衬衣女孩：', '丸美白色之恋纯白淡黑眼霜，白色霜状的质地非常好推开，散发着淡淡的白茶清香~置身自然的心旷神怡之感~清爽轻薄不油腻，只要配合正确手法轻轻按摩就瞬间吸收，完全不用担心营养过剩产生脂肪粒的问题。', 'a:4:{i:0;s:54:\"/backend/Uploads/Shop/goods/20190625/5d11d71d37098.jpg\";i:1;s:54:\"/backend/Uploads/Shop/goods/20190625/5d11d71d701cb.jpg\";i:2;s:54:\"/backend/Uploads/Shop/goods/20190625/5d11d71da371c.JPG\";i:3;s:54:\"/backend/Uploads/Shop/goods/20190625/5d11d71de4cd3.JPG\";}', 909);
INSERT INTO `jk_shop_goods_comment` VALUES (39, '球球球：', '丸美白色之恋纯白淡黑眼霜的按压泵的设计真是满满的人性化，既可以掌握好用量，又避免了用手直接接触眼霜带来污染~哈为眼周带来掌心一样的温度~掌心温度呢可以很好的促动眼部肌肤微循环，这样就能更快淡退黑眼圈。', 'a:4:{i:0;s:54:\"/backend/Uploads/Shop/goods/20190625/5d11d73b5e2ee.jpg\";i:1;s:54:\"/backend/Uploads/Shop/goods/20190625/5d11d73f3acb6.JPG\";i:2;s:54:\"/backend/Uploads/Shop/goods/20190625/5d11d7423ea4f.JPG\";i:3;s:54:\"/backend/Uploads/Shop/goods/20190625/5d11d742d3b00.jpg\";}', 909);
INSERT INTO `jk_shop_goods_comment` VALUES (40, 'Srzhiyu：', '我自己用了一段时间丸美小酒瓶眼霜组合。日用眼精华质地是啫喱状的比较清爽无油腻感。每天用提拉的手法去按摩吸收以后会觉得眼睛比较有神不会显疲态，这支里面有15%的酒粕精华貌似可以收紧我们的肌肤强化眼周肌肤。夜用的眼霜质地稍微厚重一点～比较滋润。但是不油腻，不会有脂肪粒（前提是要充分按摩让眼霜吸收哦!）', 'a:4:{i:0;s:54:\"/backend/Uploads/Shop/goods/20190626/5d12d3558ffb8.jpg\";i:1;s:54:\"/backend/Uploads/Shop/goods/20190626/5d12d355afee1.jpg\";i:2;s:54:\"/backend/Uploads/Shop/goods/20190626/5d12d35678db9.JPG\";i:3;s:54:\"/backend/Uploads/Shop/goods/20190626/5d12d357ef851.jpg\";}', 964);
INSERT INTO `jk_shop_goods_comment` VALUES (41, '胡安呐：', '姐姐推荐的丸美日本酒御龄冰肌眼部组合，就买来试试，确实不错啊，反正我用过后明显改善了眼周围小细纹，起码没长更多出来，挺好的不错哈。', 'a:4:{i:0;s:54:\"/backend/Uploads/Shop/goods/20190626/5d12d379eb7e6.JPG\";i:1;s:54:\"/backend/Uploads/Shop/goods/20190626/5d12d37c85f90.jpg\";i:2;s:54:\"/backend/Uploads/Shop/goods/20190626/5d12d37f075fc.jpg\";i:3;s:54:\"/backend/Uploads/Shop/goods/20190626/5d12d37fa9f33.JPG\";}', 964);
INSERT INTO `jk_shop_goods_comment` VALUES (42, '沈欢STATIC：', '早就听说丸美日本酒御龄冰肌眼部组合很不错。最近黑眼圈有点重，所以买了日本酒御龄冰肌眼部组合。果然跟听说的一样好用。涂完润润的，黑眼圈也变淡了。用完再回购。', 'a:4:{i:0;s:54:\"/backend/Uploads/Shop/goods/20190626/5d12d3b4e8cf5.jpg\";i:1;s:54:\"/backend/Uploads/Shop/goods/20190626/5d12d3b52f2cb.jpg\";i:2;s:54:\"/backend/Uploads/Shop/goods/20190626/5d12d3b555821.jpg\";i:3;s:54:\"/backend/Uploads/Shop/goods/20190626/5d12d3b58fee7.jpg\";}', 964);
INSERT INTO `jk_shop_goods_comment` VALUES (43, '韩妈妈：', '晚上用了丸美日本酒御龄冰肌精华液，不仅可以深层保湿，更能使肌肤滑溜滑溜的，使我的皮肤不再有紧绷感，特别滋润…超级喜欢，以后就用日本酒御龄冰肌精华液它了~', 'a:4:{i:0;s:54:\"/backend/Uploads/Shop/goods/20190626/5d12d7c0a16bc.jpg\";i:1;s:54:\"/backend/Uploads/Shop/goods/20190626/5d12d7c2ca6f3.jpg\";i:2;s:54:\"/backend/Uploads/Shop/goods/20190626/5d12d7c49d138.jpg\";i:3;s:54:\"/backend/Uploads/Shop/goods/20190626/5d12d7c5d353c.jpg\";}', 967);
INSERT INTO `jk_shop_goods_comment` VALUES (44, '花生米咕嘟：', '目前爱给身边的朋友安利这款丸美日本酒御龄冰肌精华液。这款精华液我用了一段时间后发现效果相当明显。皮肤比之前更加白、更透亮、也水嫩了不少。', 'a:4:{i:0;s:54:\"/backend/Uploads/Shop/goods/20190626/5d12d7ff56f85.jpg\";i:1;s:54:\"/backend/Uploads/Shop/goods/20190626/5d12d8007ef31.jpg\";i:2;s:54:\"/backend/Uploads/Shop/goods/20190626/5d12d801bfcd5.jpg\";i:3;s:54:\"/backend/Uploads/Shop/goods/20190626/5d12d8032400a.jpg\";}', 967);
INSERT INTO `jk_shop_goods_comment` VALUES (45, '丢丢464148：', '很幸运地买到了丸美日本酒御龄冰肌精华液，质地轻薄，皮肤也很容易吸收，还有淡淡的清香，延展性也不错~用了没有过敏，涂完皮肤会很柔，同时保湿好！！简直不能再好用了！~', 'a:4:{i:0;s:54:\"/backend/Uploads/Shop/goods/20190626/5d12d8245e91b.jpg\";i:1;s:54:\"/backend/Uploads/Shop/goods/20190626/5d12d825a40b8.jpg\";i:2;s:54:\"/backend/Uploads/Shop/goods/20190626/5d12d826d6148.jpg\";i:3;s:54:\"/backend/Uploads/Shop/goods/20190626/5d12d8281a920.jpg\";}', 967);
INSERT INTO `jk_shop_goods_comment` VALUES (46, '猫南北：', '这是第三瓶丸美日本酒御龄冰肌霜，感觉不错，适合我的肌肤，用完后脸上很光滑，很细腻，白嫩。要继续不断回购啊！！', 'a:2:{i:0;s:54:\"/backend/Uploads/Shop/goods/20190626/5d12daa4e0188.jpg\";i:1;s:54:\"/backend/Uploads/Shop/goods/20190626/5d12daa502ae4.jpg\";}', 970);
INSERT INTO `jk_shop_goods_comment` VALUES (47, 'Lalalallaninnin：', '日本酒御龄冰肌霜味道清淡好闻，涂起来很是滋润。试过用来涂手上干燥的肌肤，凉凉的好舒服，能较好地舒缓肌肤，没有以前那么干~厚涂过夜也不担心长痘，第二天早上起来脸又软又嫩又滑，绝对是一个丸美的好面霜。', 'a:3:{i:0;s:54:\"/backend/Uploads/Shop/goods/20190626/5d12dabdcbffd.jpg\";i:1;s:54:\"/backend/Uploads/Shop/goods/20190626/5d12dabed4b1e.jpg\";i:2;s:54:\"/backend/Uploads/Shop/goods/20190626/5d12dabfdabe1.jpg\";}', 970);
INSERT INTO `jk_shop_goods_comment` VALUES (48, 'Super_skye：', '同学的介绍下了解到了这个丸美的面霜。果然口碑好，功效佳。日本酒御龄冰肌霜质感不轻不厚，超级好吸收，不会有负担，我用量不多，所以没有油腻感。会一直用它。', 'a:3:{i:0;s:54:\"/backend/Uploads/Shop/goods/20190626/5d12dadb923cd.jpg\";i:1;s:54:\"/backend/Uploads/Shop/goods/20190626/5d12dadba58fe.jpg\";i:2;s:54:\"/backend/Uploads/Shop/goods/20190626/5d12dadbb6a7e.jpg\";}', 970);
INSERT INTO `jk_shop_goods_comment` VALUES (49, '少女水冰月：', '粉嫩嫩的包装，直击少女心！日间精华很清爽，快吸收迅速补水，丝毫不耽误出门时间，夜间精华说是霜，但感觉质地更偏向乳液，也是很快吸收哦~非常适合夏天和年轻肌肤！', 'a:3:{i:0;s:54:\"/backend/Uploads/Shop/goods/20190626/5d12dd0fb9b8f.jpg\";i:1;s:54:\"/backend/Uploads/Shop/goods/20190626/5d12dd1119e9b.jpg\";i:2;s:54:\"/backend/Uploads/Shop/goods/20190626/5d12dd121c858.jpg\";}', 971);
INSERT INTO `jk_shop_goods_comment` VALUES (50, '我叫毕兔子：', '第一次尝试用日夜分开的眼霜组合，总体感觉还不错，包装、质地和香味等各个方面很上档次，配得上这个价格了，日夜精华的质地都不会很油腻，年轻肌不用怕踩雷放心入。效果的话目前保湿度滋润度还OK，其他的还得长时间坚持啦！', 'a:3:{i:0;s:54:\"/backend/Uploads/Shop/goods/20190626/5d12dd3b31925.jpg\";i:1;s:54:\"/backend/Uploads/Shop/goods/20190626/5d12dd3c9a2aa.jpg\";i:2;s:54:\"/backend/Uploads/Shop/goods/20190626/5d12dd3d9514b.jpg\";}', 971);
INSERT INTO `jk_shop_goods_comment` VALUES (51, '柠檬小姐爱美白：', '还是蛮值的一套眼霜组合，买了之后才发现日夜分时护理原来那么重要，果然没有懒女人只有丑女人！这套日本花定位适合年轻肌肤，快吸收不粘腻，油皮星人大胆入！', 'a:3:{i:0;s:54:\"/backend/Uploads/Shop/goods/20190626/5d12dd5dd9fff.jpg\";i:1;s:54:\"/backend/Uploads/Shop/goods/20190626/5d12dd5edeaed.jpg\";i:2;s:54:\"/backend/Uploads/Shop/goods/20190626/5d12dd5fe74f1.jpg\";}', 971);
INSERT INTO `jk_shop_goods_comment` VALUES (52, 'bettyloily：', '丸美多肽蛋白提拉精华乳，一款紧致肌肤，提拉轮廓的精华，让我们肌肤变得饱满莹润。而且质地更轻薄更无负担，很喜欢这种轻薄的质感！', 'a:3:{i:0;s:54:\"/backend/Uploads/Shop/goods/20190626/5d12e07f3a7c1.jpg\";i:1;s:54:\"/backend/Uploads/Shop/goods/20190626/5d12e0804c6d5.jpg\";i:2;s:54:\"/backend/Uploads/Shop/goods/20190626/5d12e08103bee.jpg\";}', 827);
INSERT INTO `jk_shop_goods_comment` VALUES (53, 'king*girl：', '丸美多肽这款蛋白提拉精华乳，我觉得精致，提拉效果不错，当然不是一下子用就有效果的，我是用了四分之三吧，就感觉到额头的细小皱纹改善了，鼻子两侧之前有点松垮的肌肤开始紧致的！', 'a:2:{i:0;s:54:\"/backend/Uploads/Shop/goods/20190626/5d12e09e1ee39.jpg\";i:1;s:54:\"/backend/Uploads/Shop/goods/20190626/5d12e0a0bb6f3.jpg\";}', 827);
INSERT INTO `jk_shop_goods_comment` VALUES (54, '不是真的爱我：', '丸美多肽这款蛋白提拉精华乳我大概用了1个月，可以看出脸上肌肤有明显紧致提升的感觉，这正是由于产品中含有的5大多肽成分发挥作用，给皮肤补充胶原蛋白和纤维蛋白，全方位提升眼周肌肤的立体感~哇哈哈~', 'a:4:{i:0;s:54:\"/backend/Uploads/Shop/goods/20190626/5d12e0bdc6487.jpg\";i:1;s:54:\"/backend/Uploads/Shop/goods/20190626/5d12e0bf4f4f1.jpg\";i:2;s:54:\"/backend/Uploads/Shop/goods/20190626/5d12e0c0b803c.jpg\";i:3;s:54:\"/backend/Uploads/Shop/goods/20190626/5d12e0c21a309.jpg\";}', 827);
INSERT INTO `jk_shop_goods_comment` VALUES (55, '吃糖糖会蛀牙：', '丸美多肽蛋白提拉晚霜是主打抗衰老和淡化皱纹提拉肌肤的，所以也是添加了大量的多肽、水解胶原、藻提取物等多种成分。它的质地比较滋润，如果脸上有皱纹或者想开始抗衰老的小仙女可以入这款面霜。', 'a:4:{i:0;s:54:\"/backend/Uploads/Shop/goods/20190626/5d12e1682d599.jpg\";i:1;s:54:\"/backend/Uploads/Shop/goods/20190626/5d12e169602d2.jpg\";i:2;s:54:\"/backend/Uploads/Shop/goods/20190626/5d12e16a48187.jpg\";i:3;s:54:\"/backend/Uploads/Shop/goods/20190626/5d12e16b98013.jpg\";}', 826);
INSERT INTO `jk_shop_goods_comment` VALUES (56, '给你的温柔：', '丸美多肽蛋白提拉晚霜，面霜看着很细腻柔滑，闻起来气味淡淡的香，是我喜欢的香气！白天用乳液，晚上就用晚霜。夜间修护融合多肽，提拉肌肤轮廓。', 'a:3:{i:0;s:54:\"/backend/Uploads/Shop/goods/20190626/5d12e18b7b3d4.jpg\";i:1;s:54:\"/backend/Uploads/Shop/goods/20190626/5d12e18c97568.jpg\";i:2;s:54:\"/backend/Uploads/Shop/goods/20190626/5d12e18d863af.jpg\";}', 826);
INSERT INTO `jk_shop_goods_comment` VALUES (57, '心情车站：', '想要皮肤好除了要尽量调整作息之外，睡前更建议使用丸美多肽蛋白提拉晚霜，在夜晚进行深层修复与滋养，抚平脸部细纹，让肌肤感受提拉感。让肌肤睡饱觉，天天自然醒。', 'a:4:{i:0;s:54:\"/backend/Uploads/Shop/goods/20190626/5d12e1a91cc17.jpg\";i:1;s:54:\"/backend/Uploads/Shop/goods/20190626/5d12e1a9ef583.jpg\";i:2;s:54:\"/backend/Uploads/Shop/goods/20190626/5d12e1aac8cfc.jpg\";i:3;s:54:\"/backend/Uploads/Shop/goods/20190626/5d12e1abbc443.jpg\";}', 826);
INSERT INTO `jk_shop_goods_comment` VALUES (58, '给小熊一块儿糖：', '这款丸美雪绒花咕嘟咕嘟菁华露是透明精纯的独特水冻质地，在轻轻触碰的瞬间，精华便化成了水状的质地，然后如泉眼般咕嘟咕嘟喷涌出来，涂抹的过程中这些营养精华直接渗入肌肤底层，深层保湿，令肌肤达到内在净化润泽。', 'a:3:{i:0;s:54:\"/backend/Uploads/Shop/goods/20190626/5d12e28be829d.JPG\";i:1;s:54:\"/backend/Uploads/Shop/goods/20190626/5d12e28c299d4.JPG\";i:2;s:54:\"/backend/Uploads/Shop/goods/20190626/5d12e28c4e94c.JPG\";}', 832);
INSERT INTO `jk_shop_goods_comment` VALUES (59, '请叫我吴爱瓶：', '丸美雪绒花咕嘟咕嘟菁华露初始的状态是柔滑细腻的精华，半流动质地，但是轻触之后就变成清爽水润的水，流动性适中，推开的过程中能感受到丸美菁华露的延展性极佳，而且特别好吸收的。', 'a:4:{i:0;s:54:\"/backend/Uploads/Shop/goods/20190626/5d12e2a82a381.JPG\";i:1;s:54:\"/backend/Uploads/Shop/goods/20190626/5d12e2a855475.JPG\";i:2;s:54:\"/backend/Uploads/Shop/goods/20190626/5d12e2a877a46.JPG\";i:3;s:54:\"/backend/Uploads/Shop/goods/20190626/5d12e2a897f47.jpg\";}', 832);
INSERT INTO `jk_shop_goods_comment` VALUES (60, '冬天生的妮子王：', '雪绒花咕嘟咕嘟菁华露不仅仅能深层保湿，而且可以有效净化排浊，使得我的肌肤从干瘪黯淡的糟糕状态转变成嘭嘭嘭的充盈状态。虽然使用几天，即可明显地发现肌肤变得净透许多，整体是一个健康的状态，脸蛋儿看起来明亮水润，美到发光！', 'a:4:{i:0;s:54:\"/backend/Uploads/Shop/goods/20190626/5d12e2ca12495.JPG\";i:1;s:54:\"/backend/Uploads/Shop/goods/20190626/5d12e2cb48f0f.jpg\";i:2;s:54:\"/backend/Uploads/Shop/goods/20190626/5d12e2cc85204.jpg\";i:3;s:54:\"/backend/Uploads/Shop/goods/20190626/5d12e2cda8467.jpg\";}', 832);
INSERT INTO `jk_shop_goods_comment` VALUES (61, '孟文：', '丸美巧克力青春丝滑毛孔隐形精华露，可以改善痘痘肌，油脂分泌旺盛、易长痘长黑头、毛孔粗大等问题都可以用它，精华液质地，流动性强，清爽易吸收，上脸的时候可以感觉到丝滑的触感。', 'a:3:{i:0;s:54:\"/backend/Uploads/Shop/goods/20190626/5d130c53358c6.jpg\";i:1;s:54:\"/backend/Uploads/Shop/goods/20190626/5d130c5491023.jpg\";i:2;s:54:\"/backend/Uploads/Shop/goods/20190626/5d130c5599ffe.jpg\";}', 833);
INSERT INTO `jk_shop_goods_comment` VALUES (62, '戴欧娜：', '“可可油”种蕴含着多种物质，可促进毛细血管舒张，改善肌肤新陈代谢，这款含有可可提取物的丸美巧克力青春丝滑毛孔隐形精华，就能收毛孔，改善潜在老化，平衡肌肤水油，把肌肤调节到最佳状态！', 'a:5:{i:0;s:54:\"/backend/Uploads/Shop/goods/20190626/5d130c768fce5.jpg\";i:1;s:54:\"/backend/Uploads/Shop/goods/20190626/5d130c77cc6a6.jpg\";i:2;s:54:\"/backend/Uploads/Shop/goods/20190626/5d130c790f525.jpg\";i:3;s:54:\"/backend/Uploads/Shop/goods/20190626/5d130c7a71450.jpg\";i:4;s:54:\"/backend/Uploads/Shop/goods/20190626/5d130c7bb904f.jpg\";}', 833);
INSERT INTO `jk_shop_goods_comment` VALUES (63, '唐嫣小宝：', '丸美巧克力青春丝滑毛孔隐形精华露的丝滑因子融入肌肤，柔化角质，隐匿肌肤表面粗糙、细纹等瑕疵。溶解阻塞于毛孔口及内部的死皮细胞，收细毛孔，肌肤呈现细嫩致密。复合能量赋予肌肤活力，帮助肌肤长效抵御老化，同时赋予肌肤难于想像的美妙丝滑。', 'a:3:{i:0;s:54:\"/backend/Uploads/Shop/goods/20190626/5d130c9b88886.jpg\";i:1;s:54:\"/backend/Uploads/Shop/goods/20190626/5d130c9ca6ca6.jpg\";i:2;s:54:\"/backend/Uploads/Shop/goods/20190626/5d130c9db51fe.jpg\";}', 833);
INSERT INTO `jk_shop_goods_comment` VALUES (64, 'JJ啾啾0518：', '丸美淡斑夜霜乳霜质地比较轻柔，可以感受到极其细腻的触感，推开以后吸收速度很快，手背的肌肤呈现微微透亮滋润亮泽的状态，而且这个面霜里面具有淡化表层斑，阻断深层斑的作用，即使现在脸上没有色斑，也可以用来防止以后可能出现的斑点和肤色不均问题，害怕长斑的仙女们可入~', 'a:4:{i:0;s:54:\"/backend/Uploads/Shop/goods/20190626/5d130d79db6bf.jpg\";i:1;s:54:\"/backend/Uploads/Shop/goods/20190626/5d130d7a1aef5.jpg\";i:2;s:54:\"/backend/Uploads/Shop/goods/20190626/5d130d7b0f0b3.jpg\";i:3;s:54:\"/backend/Uploads/Shop/goods/20190626/5d130d7bd9dd2.jpg\";}', 829);
INSERT INTO `jk_shop_goods_comment` VALUES (65, 'BP死忠粉-Jenny：', '丸美白色之恋纯白淡斑夜霜的质感却非常轻薄，延展性极佳，轻轻一抹马上变得薄透起来，很快就被肌肤吸收啦。肌肤表面感觉柔软而细腻，摸上去嫩嫩滑滑哒。最爱的是没有油光浮现，完全渗透到肌底，不用担心会沾染到枕巾。经过两周连续夜间使用，肌肤有一定提亮，皮肤表面的小瑕疵相对有一点减淡。', 'a:3:{i:0;s:54:\"/backend/Uploads/Shop/goods/20190626/5d130d9ad095e.jpg\";i:1;s:54:\"/backend/Uploads/Shop/goods/20190626/5d130d9bc2110.jpg\";i:2;s:54:\"/backend/Uploads/Shop/goods/20190626/5d130d9cc7395.jpg\";}', 829);
INSERT INTO `jk_shop_goods_comment` VALUES (66, '张70也是你猪哥：', '这几周的使用丸美白色之恋纯白淡斑夜霜皮肤光泽感会提高很多，吸收很快，明显感觉到熬夜加班后的暗沉肌不再，脸颊的雀斑小瑕疵也淡化了很多，最重要的使用感非常舒适，如果你和我一样属于有色素沉积问题的肌肤，推荐这款丸美白色之恋纯白淡斑夜霜的使用。一夜一夜，你会感觉离透明美肌更近了一步。', 'a:4:{i:0;s:54:\"/backend/Uploads/Shop/goods/20190626/5d130db71901b.png\";i:1;s:54:\"/backend/Uploads/Shop/goods/20190626/5d130db7944c8.png\";i:2;s:54:\"/backend/Uploads/Shop/goods/20190626/5d130db7ec57c.png\";i:3;s:54:\"/backend/Uploads/Shop/goods/20190626/5d130db82e151.png\";}', 829);
INSERT INTO `jk_shop_goods_comment` VALUES (67, '美美的妹妹', '涂到脸上以后好推开，吸收又很快~补水效果很好！就像肌肤喝饱了水一样，到了第二天起床都是很水润的，最重要是夏天涂着一点都不油！我用了一段时间整个人特别透亮，抑制黑色素的生成！', 'a:4:{i:0;s:54:\"/backend/Uploads/Shop/goods/20191021/5dad592c31d07.jpg\";i:1;s:54:\"/backend/Uploads/Shop/goods/20191021/5dad5930cea4a.jpg\";i:2;s:54:\"/backend/Uploads/Shop/goods/20191021/5dad593a0167f.jpg\";i:3;s:54:\"/backend/Uploads/Shop/goods/20191021/5dad593f8706e.jpg\";}', 911);
INSERT INTO `jk_shop_goods_comment` VALUES (68, '阳光下的女孩', '夜晚是美白的黄金时间！这几周使用丸美白色之恋纯白乳，皮肤光泽感会提高很多，熬夜后也没以前黯沉了。脸颊的小瑕疵也不怎么明显了，最重要的使用感非常舒适。脸上黄气少了一点，都白了一个度~', 'a:4:{i:0;s:54:\"/backend/Uploads/Shop/goods/20191021/5dad596fe5860.jpg\";i:1;s:54:\"/backend/Uploads/Shop/goods/20191021/5dad59756c2b8.jpg\";i:2;s:54:\"/backend/Uploads/Shop/goods/20191021/5dad597b36725.jpg\";i:3;s:54:\"/backend/Uploads/Shop/goods/20191021/5dad5980c5f37.jpg\";}', 911);
INSERT INTO `jk_shop_goods_comment` VALUES (69, '户外运动-小雯', '最近爱用的美白乳液！成分的话有日本双项专利VC-IP，据说是来自日本的核心美白成分，改善暗沉、斑点、干纹细纹、令肌肤散发透亮光泽。如果你和我一样属于有肌肤暗沉问题推荐这款，你会感觉离透明美肌更近了一步。', 'a:4:{i:0;s:54:\"/backend/Uploads/Shop/goods/20191021/5dad59a5294b3.jpg\";i:1;s:54:\"/backend/Uploads/Shop/goods/20191021/5dad59ac5922d.jpg\";i:2;s:54:\"/backend/Uploads/Shop/goods/20191021/5dad59b44a42e.jpg\";i:3;s:54:\"/backend/Uploads/Shop/goods/20191021/5dad59b8666dc.jpg\";}', 911);
INSERT INTO `jk_shop_goods_comment` VALUES (70, '冬施大嫂', '丸美纯色之恋光透精华液的质地非常的清盈，流动性非常的强!淡淡的清香，涂抹后吸收快速，而且还清爽不油腻!更深入去除面部黄气和淡化瑕疵，令我的肌肤由内至外容光焕发。', 'a:4:{i:0;s:54:\"/backend/Uploads/Shop/goods/20191021/5dad59febea43.jpg\";i:1;s:54:\"/backend/Uploads/Shop/goods/20191021/5dad5a01eff54.jpg\";i:2;s:54:\"/backend/Uploads/Shop/goods/20191021/5dad5a04e00b7.jpg\";i:3;s:54:\"/backend/Uploads/Shop/goods/20191021/5dad5a077e405.jpg\";}', 839);
INSERT INTO `jk_shop_goods_comment` VALUES (71, '小内八', '淡粉色的玻璃瓶包装，颇有质感。质地清盈，是透明液态，味道是淡淡的清香，它的延展性很好，并且非常水润！涂抹均匀后可以很快被皮肤彻底吸收，不会给皮肤带来负担。使用了一段时间之后的皮肤变化对比，的确也是变白了不少呢！焕亮了不少，皮肤上的痘印小瑕疵也都减淡了不少！真的非常喜欢~', 'a:4:{i:0;s:54:\"/backend/Uploads/Shop/goods/20191021/5dad5a1e591fe.jpg\";i:1;s:54:\"/backend/Uploads/Shop/goods/20191021/5dad5a20e8af9.jpg\";i:2;s:54:\"/backend/Uploads/Shop/goods/20191021/5dad5a2492b95.jpg\";i:3;s:54:\"/backend/Uploads/Shop/goods/20191021/5dad5a2742621.jpg\";}', 839);
INSERT INTO `jk_shop_goods_comment` VALUES (72, '魏饱饱', '新入手的这款丸美纯色之恋光透精华液，它拥有着高纯度的VC-IP成分，温和不刺激，更深入去除面部黄气和淡化瑕疵，令肌肤由内至外容光焕发，也不用担心被刺激，很适合敏感肌的一款美白精华！', 'a:4:{i:0;s:54:\"/backend/Uploads/Shop/goods/20191021/5dad5a416e14c.jpg\";i:1;s:54:\"/backend/Uploads/Shop/goods/20191021/5dad5a4645826.jpg\";i:2;s:54:\"/backend/Uploads/Shop/goods/20191021/5dad5a4a14838.jpg\";i:3;s:54:\"/backend/Uploads/Shop/goods/20191021/5dad5a4e20bf6.jpg\";}', 839);
INSERT INTO `jk_shop_goods_comment` VALUES (73, '美白小能手', '丸美弹力蛋白紧致霜，质地更丰润，但不会油，好推开。面霜整体偏滋润一些，我一般是睡前涂，先在手心回温再按压到脸上。刚用完感觉整体肤质变好了，毛孔不明显了，皮肤紧绷绷的，很神奇。', 'a:4:{i:0;s:54:\"/backend/Uploads/Shop/goods/20191021/5dad5a9ccbf34.jpg\";i:1;s:54:\"/backend/Uploads/Shop/goods/20191021/5dad5aa07ee26.jpg\";i:2;s:54:\"/backend/Uploads/Shop/goods/20191021/5dad5aa404591.jpg\";i:3;s:54:\"/backend/Uploads/Shop/goods/20191021/5dad5aa8e3f94.jpg\";}', 907);
INSERT INTO `jk_shop_goods_comment` VALUES (74, '森林中的小猫咪', '丸美弹力蛋白紧致霜的弹力蛋白真的炒赞！用到第四周，用手捏脸，就感觉肉肉脸变成QQ脸，皮肤变得紧致细腻，法令纹都淡了。每天睡醒后都会迫不及待的跑到镜子前照一下，感觉有细微的变化。男朋友也说我看起来变嫩了吼吼～', 'a:4:{i:0;s:54:\"/backend/Uploads/Shop/goods/20191021/5dad5ac3e777c.jpg\";i:1;s:54:\"/backend/Uploads/Shop/goods/20191021/5dad5ac6b34ce.jpg\";i:2;s:54:\"/backend/Uploads/Shop/goods/20191021/5dad5aca03b65.jpg\";i:3;s:54:\"/backend/Uploads/Shop/goods/20191021/5dad5acdd8e88.jpg\";}', 907);
INSERT INTO `jk_shop_goods_comment` VALUES (75, '狮子后', '第二次购买了，总体来说，很适合像我这种面部皮肤松弛，特别容易出皱纹的宝宝们。一定要配合面部提拉手法使用，会有意想不到的效果。这瓶绝对是抗衰老神器，因为效果真心不错，肯定会无限回购的一款。', 'a:4:{i:0;s:54:\"/backend/Uploads/Shop/goods/20191021/5dad5ae7b597b.jpg\";i:1;s:54:\"/backend/Uploads/Shop/goods/20191021/5dad5aeb30e01.jpg\";i:2;s:54:\"/backend/Uploads/Shop/goods/20191021/5dad5aee817e0.jpg\";i:3;s:54:\"/backend/Uploads/Shop/goods/20191021/5dad5af37503c.jpg\";}', 907);
INSERT INTO `jk_shop_goods_comment` VALUES (76, 'Niko', '丸美多肽蛋白提拉乳是清透的乳液质地，特别好推开，触肤既融细腻柔软。在面部推开很滋润，不会觉得油腻。能很好的被面部皮肤吸收。真的是超级舒服～能感觉到面部皮肤变的丝滑紧致了，用手捏了捏下颌部位明显感觉之前松弛的肉捏不起来了。', 'a:4:{i:0;s:54:\"/backend/Uploads/Shop/goods/20191021/5dad5b270601d.jpg\";i:1;s:54:\"/backend/Uploads/Shop/goods/20191021/5dad5b2abae3f.jpg\";i:2;s:54:\"/backend/Uploads/Shop/goods/20191021/5dad5b2f0a3de.jpg\";i:3;s:54:\"/backend/Uploads/Shop/goods/20191021/5dad5b341b501.jpg\";}', 843);
INSERT INTO `jk_shop_goods_comment` VALUES (77, '大白白', '我很喜欢丸美多肽乳液的包装，玻璃瓶装，外观很好看，好高级的红色。尽显高端贵气～这款面霜的香味是那种淡淡清香，闻起来很舒服！用了一段时间皮肤状态变好了，而且紧致度和细纹都有所淡化~', 'a:4:{i:0;s:54:\"/backend/Uploads/Shop/goods/20191021/5dad5b5023338.jpg\";i:1;s:54:\"/backend/Uploads/Shop/goods/20191021/5dad5b58c8e94.jpg\";i:2;s:54:\"/backend/Uploads/Shop/goods/20191021/5dad5b5f309cb.jpg\";i:3;s:54:\"/backend/Uploads/Shop/goods/20191021/5dad5b63b7aba.jpg\";}', 843);
INSERT INTO `jk_shop_goods_comment` VALUES (78, 'cake妹', '丸美多肽乳液它的质地很丝滑，保湿的同时又轻薄，用了一段时间就能感觉皮肤变细腻~乳液特别特别软，可以说是我用过的最舒服的一款乳液~我用了之后最大的感受呢就是保湿很不错！小细纹也有淡化的迹象！', 'a:4:{i:0;s:54:\"/backend/Uploads/Shop/goods/20191021/5dad5b7eb003b.jpg\";i:1;s:54:\"/backend/Uploads/Shop/goods/20191021/5dad5b838c532.jpg\";i:2;s:54:\"/backend/Uploads/Shop/goods/20191021/5dad5b888df7f.jpg\";i:3;s:54:\"/backend/Uploads/Shop/goods/20191021/5dad5b8b97eff.jpg\";}', 843);
INSERT INTO `jk_shop_goods_comment` VALUES (79, 'jack妈', '吹爆这个丸美多肽抗老面霜！用了一个月左右明显感觉到皮肤在每天每天的变紧致，之前两颊有点耷拉下来，从正面看脸感觉垮垮的，现在肉眼可见的收紧了。', 'a:4:{i:0;s:54:\"/backend/Uploads/Shop/goods/20191021/5dad5bfe30d5e.jpg\";i:1;s:54:\"/backend/Uploads/Shop/goods/20191021/5dad5c038ee26.jpg\";i:2;s:54:\"/backend/Uploads/Shop/goods/20191021/5dad5c0928a02.jpg\";i:3;s:54:\"/backend/Uploads/Shop/goods/20191021/5dad5c0d856e3.jpg\";}', 825);
INSERT INTO `jk_shop_goods_comment` VALUES (80, '环游世界第88天', '这款多肽日霜含有多种小分子肽及其他精粹成分，可以让肌肤在白天焕发丰盈的光泽！用了大概半个月，脸部线条更紧实了，而且感人的是让人非常显老的法令纹也淡了蛮多！会回购！', 'a:4:{i:0;s:54:\"/backend/Uploads/Shop/goods/20191021/5dad5c28d951a.jpg\";i:1;s:54:\"/backend/Uploads/Shop/goods/20191021/5dad5c2c64385.jpg\";i:2;s:54:\"/backend/Uploads/Shop/goods/20191021/5dad5c30d473a.jpg\";i:3;s:54:\"/backend/Uploads/Shop/goods/20191021/5dad5c35b18ef.jpg\";}', 825);
INSERT INTO `jk_shop_goods_comment` VALUES (81, '幼儿园院长', '是质地比较轻盈的一款日用面霜。用了大半个月，原本有点松垮的下颌线，感觉有点上提了；最明显的是一个月后，对着镜子检查，法令纹明显变淡了！朋友说我的状态和去年那阵截然不同，内心暗喜~', 'a:4:{i:0;s:54:\"/backend/Uploads/Shop/goods/20191021/5dad5c90e4afb.jpg\";i:1;s:54:\"/backend/Uploads/Shop/goods/20191021/5dad5c94e1f95.jpg\";i:2;s:54:\"/backend/Uploads/Shop/goods/20191021/5dad5c98f2324.jpg\";i:3;s:54:\"/backend/Uploads/Shop/goods/20191021/5dad5c9e2dac4.jpg\";}', 825);
INSERT INTO `jk_shop_goods_comment` VALUES (82, '我是坨坨', '这款丸美明星经典隔离霜有两个色号，粉嫩色和紫晶色紫两色可选，紫晶色适合偏黄的肤色，能够调和肌肤，提亮整个皮肤的亮度，比较适合我！延展性特别好，轻轻一抹就推开，很顺滑，颜色很自然不会假白，适合上班族啊学生妹子能很快速度涂抹均匀，不用点，不用拍，一抹就有好肤色哈哈哈！', 'a:4:{i:0;s:54:\"/backend/Uploads/Shop/goods/20191021/5dad5cf7f2239.jpg\";i:1;s:54:\"/backend/Uploads/Shop/goods/20191021/5dad5cfb0a7f6.jpg\";i:2;s:54:\"/backend/Uploads/Shop/goods/20191021/5dad5cfe25ab9.jpg\";i:3;s:54:\"/backend/Uploads/Shop/goods/20191021/5dad5d02759bb.jpg\";}', 972);
INSERT INTO `jk_shop_goods_comment` VALUES (83, '小米萌萌', '外包装是我最爱的大红色，包装设计很别致，黄金色底座大气有档次，质地不会太浓稠，滴在手背上不会流动，相比质地较稀的隔离，持久度和遮瑕度会好很多。很自然很透亮不假白，用了之后明显肌肤细腻很多，而且防水性也不错哦！', 'a:4:{i:0;s:54:\"/backend/Uploads/Shop/goods/20191021/5dad5d22a9c49.jpg\";i:1;s:54:\"/backend/Uploads/Shop/goods/20191021/5dad5d26d33b7.jpg\";i:2;s:54:\"/backend/Uploads/Shop/goods/20191021/5dad5d2a467a4.jpg\";i:3;s:54:\"/backend/Uploads/Shop/goods/20191021/5dad5d2f57e80.jpg\";}', 972);
INSERT INTO `jk_shop_goods_comment` VALUES (84, '兔子怎么了', '最近新入的丸美明星经典隔离霜感觉是懒人专属，简直太！方！便！这款隔离霜只需要像面霜一样推开就可以了！非常快而且不会出现什么假白、死白现象。看！很自然很自然！肤色被提亮一个度~平时上班时候就只用这个就OK啦 可以帮助隔离空气中的有害物质~', 'a:4:{i:0;s:54:\"/backend/Uploads/Shop/goods/20191021/5dad5d4917e08.jpg\";i:1;s:54:\"/backend/Uploads/Shop/goods/20191021/5dad5d4bd0f75.jpg\";i:2;s:54:\"/backend/Uploads/Shop/goods/20191021/5dad5d4e5de99.jpg\";i:3;s:54:\"/backend/Uploads/Shop/goods/20191021/5dad5d525b987.jpg\";}', 972);
INSERT INTO `jk_shop_goods_comment` VALUES (85, '暴躁的丁丁', '丸美巧克力青春丝滑乳是红色渐变的亚光瓶身，很有质感。采用的是温和的植物配方，特别适合容易敏感的秋季，乳液的流动性很大，基本就是按压出来就能感觉到那种丝滑流动的液体，非常舒适。轻轻推开能够感觉到极强的延展性，平时用的时', 'a:4:{i:0;s:54:\"/backend/Uploads/Shop/goods/20191021/5dad5d8e1e202.jpg\";i:1;s:54:\"/backend/Uploads/Shop/goods/20191021/5dad5d91d55c4.jpg\";i:2;s:54:\"/backend/Uploads/Shop/goods/20191021/5dad5d94e609a.jpg\";i:3;s:54:\"/backend/Uploads/Shop/goods/20191021/5dad5d9834447.jpg\";}', 857);
INSERT INTO `jk_shop_goods_comment` VALUES (86, 'Little小只', '丸美巧克力青春丝滑乳乳霜状的质地细腻莹润，一触深润丝滑，延展性好，易推开。水润度高，在手背上轻轻按摩，不一会就被手背皮肤吸收了，原本干燥的皮肤顿时变得水润。', 'a:4:{i:0;s:54:\"/backend/Uploads/Shop/goods/20191021/5dad5dbb1af5d.jpg\";i:1;s:54:\"/backend/Uploads/Shop/goods/20191021/5dad5dbdc4db7.jpg\";i:2;s:54:\"/backend/Uploads/Shop/goods/20191021/5dad5dc04cb02.jpg\";i:3;s:54:\"/backend/Uploads/Shop/goods/20191021/5dad5dc3e93de.jpg\";}', 857);
INSERT INTO `jk_shop_goods_comment` VALUES (87, 'JOJO安贝', '入手了丸美巧克力青春丝滑乳，乳霜状的质地细腻莹润，一触深润丝滑，高效保湿，它里面甄选了法国上等可可豆，可以改善潜在老化，重启肌肤平衡能力，挥别细纹、粗糙、把皮肤调节到最佳状态。不要问我为什么最近皮肤状态辣么好~~', 'a:4:{i:0;s:54:\"/backend/Uploads/Shop/goods/20191021/5dad5de08c47b.jpg\";i:1;s:54:\"/backend/Uploads/Shop/goods/20191021/5dad5de2ea5e1.jpg\";i:2;s:54:\"/backend/Uploads/Shop/goods/20191021/5dad5de5d05c2.jpg\";i:3;s:54:\"/backend/Uploads/Shop/goods/20191021/5dad5de880998.jpg\";}', 857);
INSERT INTO `jk_shop_goods_comment` VALUES (88, '逗比是嘟比', '非常喜欢这一款。之前冬天的时候脸部比较干燥缺水，在专柜买了一瓶，涂上的第二天，肌肤就滋润了好多，再也不掉皮不卡粉了，特别适合自己这种夏油冬干的混合性肌肤！', 'a:4:{i:0;s:54:\"/backend/Uploads/Shop/goods/20191021/5dad62503016b.jpg\";i:1;s:54:\"/backend/Uploads/Shop/goods/20191021/5dad62525e5ec.jpg\";i:2;s:54:\"/backend/Uploads/Shop/goods/20191021/5dad6254d0bff.jpg\";i:3;s:54:\"/backend/Uploads/Shop/goods/20191021/5dad6259530bb.jpg\";}', 904);
INSERT INTO `jk_shop_goods_comment` VALUES (89, '肉圆子本圆', '个人情况：28岁，干性皮肤，日常最主要是保湿补水美白 吸收情况：使用后吸收效果不错，皮肤有光泽 产品质量很好，用着很舒服，都说化妆品用几年一个牌子就得换一个牌子，可我就喜欢丸美用了好几年了一直都没换过 保湿效果很好', 'a:4:{i:0;s:54:\"/backend/Uploads/Shop/goods/20191021/5dad627ff11e2.jpg\";i:1;s:54:\"/backend/Uploads/Shop/goods/20191021/5dad62839f1e8.jpg\";i:2;s:54:\"/backend/Uploads/Shop/goods/20191021/5dad6287dc27b.jpg\";i:3;s:54:\"/backend/Uploads/Shop/goods/20191021/5dad628daa997.jpg\";}', 904);
INSERT INTO `jk_shop_goods_comment` VALUES (90, '霹雳小野花', '非常的滋润，性价比高，尤其适合秋冬季节。 不会很难推涂，脸上要是起皮皮了，就马上搽，多搽几次皮肤就好了，特别喜欢，会回购。', 'a:4:{i:0;s:54:\"/backend/Uploads/Shop/goods/20191021/5dad62aa93c38.jpg\";i:1;s:54:\"/backend/Uploads/Shop/goods/20191021/5dad62aed6526.jpg\";i:2;s:54:\"/backend/Uploads/Shop/goods/20191021/5dad62b29ddd0.jpg\";i:3;s:54:\"/backend/Uploads/Shop/goods/20191021/5dad62b781b7c.jpg\";}', 904);
INSERT INTO `jk_shop_goods_comment` VALUES (91, '尖角小何', '作为一款眼部专用的精华素，丸美眼部多元细胞修护素还是值得一试的。它的质地略粘稠，但是涂抹的时候却会渐渐变得水润，非常好推，不用担心拉扯到眼周的肌肤。吸收速度非常快，肌肤的改善效果也能快速看到。', 'a:4:{i:0;s:54:\"/backend/Uploads/Shop/goods/20191021/5dad62fd0f126.jpg\";i:1;s:54:\"/backend/Uploads/Shop/goods/20191021/5dad6300db687.jpg\";i:2;s:54:\"/backend/Uploads/Shop/goods/20191021/5dad6304a2e44.jpg\";i:3;s:54:\"/backend/Uploads/Shop/goods/20191021/5dad63094f6e9.jpg\";}', 836);
INSERT INTO `jk_shop_goods_comment` VALUES (92, '托马斯姐姐', '细节方面做的很完美哦，一般的精华品滴管是直的，经常会很浪费，直直的滴头不能很好的掌控用量，而滴管使用在脸上也会带来不便，这款滴管头部微微的变细弯曲，想点哪里就点哪里，so easy！后续需要配合眼霜使用，主要起到肌底液功效。', 'a:4:{i:0;s:54:\"/backend/Uploads/Shop/goods/20191021/5dad632b02892.jpg\";i:1;s:54:\"/backend/Uploads/Shop/goods/20191021/5dad632e92067.jpg\";i:2;s:54:\"/backend/Uploads/Shop/goods/20191021/5dad6332af033.jpg\";i:3;s:54:\"/backend/Uploads/Shop/goods/20191021/5dad6337744d9.jpg\";}', 836);
INSERT INTO `jk_shop_goods_comment` VALUES (93, '喵酱日记', '丸美很懂肌肤的需求，特意为眼部肌肤开发了这款修护精华素，相当于眼部“肌底液”一样，帮助后续眼霜的吸收，让我的贵妇眼霜们能够百分百地发挥效用，充分吸收，是眼部护理的必入款哦~', 'a:4:{i:0;s:54:\"/backend/Uploads/Shop/goods/20191021/5dad6355cf8b1.jpg\";i:1;s:54:\"/backend/Uploads/Shop/goods/20191021/5dad63591ab98.jpg\";i:2;s:54:\"/backend/Uploads/Shop/goods/20191021/5dad635c5d687.jpg\";i:3;s:54:\"/backend/Uploads/Shop/goods/20191021/5dad635f92ad7.jpg\";}', 836);
INSERT INTO `jk_shop_goods_comment` VALUES (94, '五娃福妈', '丸美这款白色之恋纯白露，能够快速打开肌肤的吸收通道，帮助后续保养品的吸收。用完不会黏黏的，用过不少美白水乳产品，涂到脸上总觉得黏糊糊的，而这款纯白露则不会发生这种现象，就算拍涂了几次纯白露也会很快被肌肤吸收的，皮肤呈现出特别水润嫩白的质感。', 'a:4:{i:0;s:54:\"/backend/Uploads/Shop/goods/20191021/5dad65fde708c.jpg\";i:1;s:54:\"/backend/Uploads/Shop/goods/20191021/5dad65ffddbd8.jpg\";i:2;s:54:\"/backend/Uploads/Shop/goods/20191021/5dad6601a6a57.jpg\";i:3;s:54:\"/backend/Uploads/Shop/goods/20191021/5dad6606dbffc.jpg\";}', 831);
INSERT INTO `jk_shop_goods_comment` VALUES (95, '二肱肌胖妞', '平时习惯用这款纯白露来做水膜，夏天补水保湿面膜也成了每日必备的一项。敷完水膜后的脸部肌肤白嫩的不要不要的，看得自己都满满的欢喜。如果遇到需要化妆但是来不及做妆前保养的话，用这款纯白露进行湿敷，妆效也会更服帖不会脱妆哦。', 'a:4:{i:0;s:54:\"/backend/Uploads/Shop/goods/20191021/5dad661f4207b.jpg\";i:1;s:54:\"/backend/Uploads/Shop/goods/20191021/5dad6620adac4.jpg\";i:2;s:54:\"/backend/Uploads/Shop/goods/20191021/5dad66220a116.jpg\";i:3;s:54:\"/backend/Uploads/Shop/goods/20191021/5dad662372123.jpg\";}', 831);
INSERT INTO `jk_shop_goods_comment` VALUES (96, '单身白富美', '丸美白色之恋纯白露，每次都是面膜般的吸收量，使肌肤喝出纯白肌；添加了小分子成分，配合油溶性VCIP，具有一抹就吸收的渗透力，更能快速打开肌肤的吸收通道,而且完全不油腻。就好像敷面膜一样，让肌肤饱饮吸收，使美白精萃吸收的更彻底~不用带面膜，一瓶水就搞定！', 'a:4:{i:0;s:54:\"/backend/Uploads/Shop/goods/20191021/5dad667e05446.jpg\";i:1;s:54:\"/backend/Uploads/Shop/goods/20191021/5dad667f16d55.jpg\";i:2;s:54:\"/backend/Uploads/Shop/goods/20191021/5dad668048df6.jpg\";i:3;s:54:\"/backend/Uploads/Shop/goods/20191021/5dad6681d2536.jpg\";}', 831);
INSERT INTO `jk_shop_goods_comment` VALUES (97, '枇杷枝儿', '很好用的眼霜。以前使用眼霜我最担心的是会长脂肪粒，但这款我用了将近一个月，并没有发生这种情况哈，肉眼可见的是眼部皮肤更加嫩滑了，眼纹也淡化了不少。', 'a:4:{i:0;s:54:\"/backend/Uploads/Shop/goods/20200108/5e15793f27aee.jpg\";i:1;s:54:\"/backend/Uploads/Shop/goods/20200108/5e15794196a3a.jpg\";i:2;s:54:\"/backend/Uploads/Shop/goods/20200108/5e157945abe3e.jpg\";i:3;s:54:\"/backend/Uploads/Shop/goods/20200108/5e15794a03065.jpg\";}', 973);
INSERT INTO `jk_shop_goods_comment` VALUES (98, '金耳环', '我用起来，感觉它特别好吸收，不需要再配合什么美容仪就能让眼部肌肤获很真实的滋润感受，不会给眼睛带来负担。最重要的是！可能因为我真的早晚都在认真涂眼霜吧，我的眼底干纹真的消失不见了！', 'a:4:{i:0;s:54:\"/backend/Uploads/Shop/goods/20200108/5e1579651c354.jpg\";i:1;s:54:\"/backend/Uploads/Shop/goods/20200108/5e157967a489f.jpg\";i:2;s:54:\"/backend/Uploads/Shop/goods/20200108/5e15796a39f31.jpg\";i:3;s:54:\"/backend/Uploads/Shop/goods/20200108/5e15796d24855.jpg\";}', 973);
INSERT INTO `jk_shop_goods_comment` VALUES (99, '绿茶椰菜花小姐', 'Mini装的弹弹弹眼霜，旅行外出的时候携带很方便，设计真的很贴心了！它有一个很特别的地方，它分日夜双管，一瓶抵两瓶用！现在上妆我也不用担心眼底卡粉，一笑就会很尴尬！开心遇到它。', 'a:4:{i:0;s:54:\"/backend/Uploads/Shop/goods/20200108/5e1579876c743.jpg\";i:1;s:54:\"/backend/Uploads/Shop/goods/20200108/5e1579887cba0.jpg\";i:2;s:54:\"/backend/Uploads/Shop/goods/20200108/5e1579899bb53.jpg\";i:3;s:54:\"/backend/Uploads/Shop/goods/20200108/5e15798aa0ddd.jpg\";}', 973);
INSERT INTO `jk_shop_goods_comment` VALUES (100, '珍稀小物种：', '我用过好几个品牌的安瓶，对比之下还是最喜欢丸美闪充安瓶。 现在每晚都会用一支丸美闪充安瓶，每次用量刚好一支不多不少。质地很清润，吸收速度快，可以有效渗透到肌肤里。', 'a:4:{i:0;s:54:\"/backend/Uploads/Shop/goods/20200108/5e158710aa977.jpg\";i:1;s:54:\"/backend/Uploads/Shop/goods/20200108/5e158713222cb.jpg\";i:2;s:54:\"/backend/Uploads/Shop/goods/20200108/5e158716bcdcb.jpg\";i:3;s:54:\"/backend/Uploads/Shop/goods/20200108/5e15871b7d199.jpg\";}', 974);
INSERT INTO `jk_shop_goods_comment` VALUES (101, 'Alisa：', '吹爆这个多肽安瓶！最前沿的闪充黑科技，可以7天去皱纹提轮廓，并且它是日抛锁鲜密封包装，可以保证精华成分新鲜有效，并且无酒精、无防腐剂、无香精、无色素，用起来会很安心。', 'a:4:{i:0;s:54:\"/backend/Uploads/Shop/goods/20200108/5e15873aa4680.jpg\";i:1;s:54:\"/backend/Uploads/Shop/goods/20200108/5e15873db8b05.jpg\";i:2;s:54:\"/backend/Uploads/Shop/goods/20200108/5e1587410d536.jpg\";i:3;s:54:\"/backend/Uploads/Shop/goods/20200108/5e15874491ed6.jpg\";}', 974);
INSERT INTO `jk_shop_goods_comment` VALUES (102, '小烨梓：', '这个安瓶叫做\"闪充\"顾名思义就是它渗透力不是一般的强大，短时间内能迅速打开细胞间隙 所以这个安瓶上脸最直观的感受就是吸收快，而且没有黏腻的感觉，非常的清爽 而且我是敏感肌容易泛红过，这个安瓶呢没有防腐剂、香精、色素、酒精，所以我用着也很安心！', 'a:4:{i:0;s:54:\"/backend/Uploads/Shop/goods/20200108/5e15877e173b6.jpg\";i:1;s:54:\"/backend/Uploads/Shop/goods/20200108/5e1587812f457.jpg\";i:2;s:54:\"/backend/Uploads/Shop/goods/20200108/5e1587836d60a.jpg\";i:3;s:54:\"/backend/Uploads/Shop/goods/20200108/5e158785c8cc0.jpg\";}', 974);
INSERT INTO `jk_shop_goods_comment` VALUES (103, '脱缰小野马：', '这款精华乳轻盈又饱满，对肌肤起到了很好的滋润保湿作用，不会有油腻感。搭配同系列的精萃露使用，补水效果简直不能再赞！', 'a:4:{i:0;s:54:\"/backend/Uploads/Shop/goods/20200108/5e159763bb1d2.jpg\";i:1;s:54:\"/backend/Uploads/Shop/goods/20200108/5e15976657759.jpg\";i:2;s:54:\"/backend/Uploads/Shop/goods/20200108/5e1597698aedc.jpg\";i:3;s:54:\"/backend/Uploads/Shop/goods/20200108/5e15977040721.jpg\";}', 976);
INSERT INTO `jk_shop_goods_comment` VALUES (104, '猫咪的下雨天：', '本人是大干皮，对乳液的选用非常挑剔，但这款精华乳用着感觉很舒服，补水和锁水效果都很赞，还有淡淡的清香，后续上妆不错不会搓泥，强烈推荐！', 'a:4:{i:0;s:54:\"/backend/Uploads/Shop/goods/20200108/5e1597ab2a88e.jpg\";i:1;s:54:\"/backend/Uploads/Shop/goods/20200108/5e1597ada116e.jpg\";i:2;s:54:\"/backend/Uploads/Shop/goods/20200108/5e1597b038052.jpg\";i:3;s:54:\"/backend/Uploads/Shop/goods/20200108/5e1597b2b1678.jpg\";}', 976);
INSERT INTO `jk_shop_goods_comment` VALUES (105, '苏苏susu：', '乳液也是不可忽视的一环！换了这块精华乳之后，肌肤看着比之前的状态好多了，整体提亮了不少，锁水效果很好，换季期间肌肤不会感觉到干燥！', 'a:4:{i:0;s:54:\"/backend/Uploads/Shop/goods/20200108/5e1597d7bc6db.jpg\";i:1;s:54:\"/backend/Uploads/Shop/goods/20200108/5e1597dc078a7.jpg\";i:2;s:54:\"/backend/Uploads/Shop/goods/20200108/5e1597df5f71e.jpg\";i:3;s:54:\"/backend/Uploads/Shop/goods/20200108/5e1597e38cfa1.jpg\";}', 976);
INSERT INTO `jk_shop_goods_comment` VALUES (106, 'Bom甜甜圈：', '丸美日本酒系列的这款冰肌洁面霜，是可以干手干脸来使用的，溶解黑头和多余的老废角质，温和度棒棒的，洗完脸一点也不感觉紧绷，很干净的同时皮肤也变得白皙通透，超赞~~', 'a:4:{i:0;s:54:\"/backend/Uploads/Shop/goods/20200109/5e16c1aab417c.jpg\";i:1;s:54:\"/backend/Uploads/Shop/goods/20200109/5e16c1b1ca3f9.jpg\";i:2;s:54:\"/backend/Uploads/Shop/goods/20200109/5e16c1b6201aa.jpg\";i:3;s:54:\"/backend/Uploads/Shop/goods/20200109/5e16c1b959562.jpg\";}', 978);
INSERT INTO `jk_shop_goods_comment` VALUES (107, '小薰suki：', '可能是因为主打成分是酒粕精华的原因，带有淡淡的酒香，很舒服~作为全日本进口的产品来说，这个价格很亲民了，很适合我的肤质，洗后不假滑，干净不紧绷，会一直回购哦~', 'a:4:{i:0;s:54:\"/backend/Uploads/Shop/goods/20200109/5e16c1dc8b2a8.jpg\";i:1;s:54:\"/backend/Uploads/Shop/goods/20200109/5e16c1df1593e.jpg\";i:2;s:54:\"/backend/Uploads/Shop/goods/20200109/5e16c1e1c6447.jpg\";i:3;s:54:\"/backend/Uploads/Shop/goods/20200109/5e16c1e489fdc.jpg\";}', 978);
INSERT INTO `jk_shop_goods_comment` VALUES (108, '彤宝妈妈：', '洁面霜是我对丸美日本酒系列的初尝试，感觉很不错，泡沫丰富程度绝对达标，清洁力度五颗星！对于油皮的本人来说可以说是非常中意了！', 'a:4:{i:0;s:54:\"/backend/Uploads/Shop/goods/20200109/5e16c201d65d1.jpg\";i:1;s:54:\"/backend/Uploads/Shop/goods/20200109/5e16c2036d7c3.jpg\";i:2;s:54:\"/backend/Uploads/Shop/goods/20200109/5e16c204dc7da.jpg\";i:3;s:54:\"/backend/Uploads/Shop/goods/20200109/5e16c206c504b.jpg\";}', 978);
INSERT INTO `jk_shop_goods_comment` VALUES (109, '你的zengzeng呀', '开瓶后的味道有种淡淡的酒香，但不刺鼻很好闻，让人很陶醉。这种味道正是这个系列成份本身～酒粕的味道，这个系列是不含香精，0添加，0色素的。所以孕妇，和对酒过敏的人都能用！', 'a:4:{i:0;s:54:\"/backend/Uploads/Shop/goods/20200109/5e16c32be55db.jpg\";i:1;s:54:\"/backend/Uploads/Shop/goods/20200109/5e16c32da30b8.jpg\";i:2;s:54:\"/backend/Uploads/Shop/goods/20200109/5e16c32fd7c4b.jpg\";i:3;s:54:\"/backend/Uploads/Shop/goods/20200109/5e16c334817ed.jpg\";}', 979);
INSERT INTO `jk_shop_goods_comment` VALUES (110, 'illnyee', '易推好吸收～挺惊喜的味道就是淡淡的发酵味道，用完爽肤水之后涂抹一层日本酒乳液，脸真的白的发光~皮肤补充了水分毛孔也变小了。即时效果很明显！', 'a:4:{i:0;s:54:\"/backend/Uploads/Shop/goods/20200109/5e16c3e459feb.jpg\";i:1;s:54:\"/backend/Uploads/Shop/goods/20200109/5e16c3e72452a.jpg\";i:2;s:54:\"/backend/Uploads/Shop/goods/20200109/5e16c3eaaea8c.jpg\";i:3;s:54:\"/backend/Uploads/Shop/goods/20200109/5e16c3edbf960.jpg\";}', 979);
INSERT INTO `jk_shop_goods_comment` VALUES (111, '小小只羊：', '日本当地朋友推荐椿花护肤，就入了这个日本花系列的面霜，很好推开，也不搓泥，对于干皮来说滋润度很足够了，接下来的秋冬季也可以安心度过！', 'a:4:{i:0;s:54:\"/backend/Uploads/Shop/goods/20200109/5e16c4c80fcef.jpg\";i:1;s:54:\"/backend/Uploads/Shop/goods/20200109/5e16c4c9b50d5.jpg\";i:2;s:54:\"/backend/Uploads/Shop/goods/20200109/5e16c4cb7271e.jpg\";i:3;s:54:\"/backend/Uploads/Shop/goods/20200109/5e16c4cd30e79.jpg\";}', 977);
INSERT INTO `jk_shop_goods_comment` VALUES (112, '要减肥的丹丹：', '贵妇级别的面霜，效果满分！一扫黯沉，去黄效果惊艳，脸用完之后很白嫩细滑，感觉很适合熬夜后没有光泽的脸，倦容通通消失，推荐！', 'a:4:{i:0;s:54:\"/backend/Uploads/Shop/goods/20200109/5e16c4eddfd37.jpg\";i:1;s:54:\"/backend/Uploads/Shop/goods/20200109/5e16c4f0f3dce.jpg\";i:2;s:54:\"/backend/Uploads/Shop/goods/20200109/5e16c4f410467.jpg\";i:3;s:54:\"/backend/Uploads/Shop/goods/20200109/5e16c4f917322.jpg\";}', 977);
INSERT INTO `jk_shop_goods_comment` VALUES (113, '精致girl小佳：', '这个系列真的很好用，面霜的触感非常喜人，不会厚重很好吸收而且不油腻，满足抗老同时保持清爽的需求，用的时候配合按摩，性价比真的是很高了！', 'a:4:{i:0;s:54:\"/backend/Uploads/Shop/goods/20200109/5e16c5143a822.jpg\";i:1;s:54:\"/backend/Uploads/Shop/goods/20200109/5e16c515eeea5.jpg\";i:2;s:54:\"/backend/Uploads/Shop/goods/20200109/5e16c5178b351.jpg\";i:3;s:54:\"/backend/Uploads/Shop/goods/20200109/5e16c5195ea96.jpg\";}', 977);

-- ----------------------------
-- Table structure for jk_shop_goods_detail
-- ----------------------------
DROP TABLE IF EXISTS `jk_shop_goods_detail`;
CREATE TABLE `jk_shop_goods_detail`  (
  `id` int(11) NOT NULL AUTO_INCREMENT,
  `goods_id` int(10) UNSIGNED NOT NULL,
  `img_url` varchar(255) CHARACTER SET utf8 COLLATE utf8_unicode_ci NOT NULL,
  `sort` int(255) NULL DEFAULT 0,
  PRIMARY KEY (`id`) USING BTREE,
  INDEX `fk_goods_gallery_shop_goods1_idx`(`goods_id`) USING BTREE
) ENGINE = InnoDB AUTO_INCREMENT = 1 CHARACTER SET = utf8 COLLATE = utf8_unicode_ci COMMENT = '商品相册' ROW_FORMAT = Dynamic;

-- ----------------------------
-- Table structure for jk_shop_goods_gallery
-- ----------------------------
DROP TABLE IF EXISTS `jk_shop_goods_gallery`;
CREATE TABLE `jk_shop_goods_gallery`  (
  `id` int(11) NOT NULL AUTO_INCREMENT,
  `goods_id` int(10) UNSIGNED NOT NULL,
  `img_url` varchar(255) CHARACTER SET utf8 COLLATE utf8_unicode_ci NOT NULL,
  `sort` int(255) NULL DEFAULT 0,
  PRIMARY KEY (`id`) USING BTREE,
  INDEX `fk_goods_gallery_shop_goods1_idx`(`goods_id`) USING BTREE
) ENGINE = InnoDB AUTO_INCREMENT = 4580 CHARACTER SET = utf8 COLLATE = utf8_unicode_ci COMMENT = '商品相册' ROW_FORMAT = Dynamic;

-- ----------------------------
-- Records of jk_shop_goods_gallery
-- ----------------------------
INSERT INTO `jk_shop_goods_gallery` VALUES (4250, 811, '/backend//Uploads/Shop/goods/20170703/5959dcbcd882c.jpg', 0);
INSERT INTO `jk_shop_goods_gallery` VALUES (4251, 811, '/backend//Uploads/Shop/goods/20170703/5959dcbd218c5.jpg', 0);
INSERT INTO `jk_shop_goods_gallery` VALUES (4252, 811, '/backend//Uploads/Shop/goods/20170703/5959dcbd5c995.jpg', 0);
INSERT INTO `jk_shop_goods_gallery` VALUES (4253, 811, '/backend//Uploads/Shop/goods/20170703/5959dcbd969d5.jpg', 0);
INSERT INTO `jk_shop_goods_gallery` VALUES (4264, 819, '/backend//Uploads/Shop/goods/20170710/596354033ddf1.jpg', 0);
INSERT INTO `jk_shop_goods_gallery` VALUES (4265, 820, '/backend//Uploads/Shop/goods/20170710/5963547253bf9.png', 0);
INSERT INTO `jk_shop_goods_gallery` VALUES (4266, 821, '/backend//Uploads/Shop/goods/20170711/596434f613239.png', 0);
INSERT INTO `jk_shop_goods_gallery` VALUES (4267, 823, '/backend//Uploads/Shop/goods/20170830/59a6176f5a223.jpg', 0);
INSERT INTO `jk_shop_goods_gallery` VALUES (4274, 830, '/backend//Uploads/Shop/goods/20170830/59a61a7993279.jpg', 0);
INSERT INTO `jk_shop_goods_gallery` VALUES (4278, 834, '/backend//Uploads/Shop/goods/20170830/59a61c9678182.jpg', 0);
INSERT INTO `jk_shop_goods_gallery` VALUES (4279, 835, '/backend//Uploads/Shop/goods/20170912/59b7853f09c8c.jpg', 0);
INSERT INTO `jk_shop_goods_gallery` VALUES (4281, 837, '/backend//Uploads/Shop/goods/20170912/59b7873257d33.jpg', 0);
INSERT INTO `jk_shop_goods_gallery` VALUES (4282, 838, '/backend//Uploads/Shop/goods/20170912/59b787b12048c.jpg', 0);
INSERT INTO `jk_shop_goods_gallery` VALUES (4284, 840, '/backend//Uploads/Shop/goods/20170912/59b788dac389a.jpg', 0);
INSERT INTO `jk_shop_goods_gallery` VALUES (4285, 841, '/backend//Uploads/Shop/goods/20170912/59b78c9ec30ff.jpg', 0);
INSERT INTO `jk_shop_goods_gallery` VALUES (4288, 844, '/backend//Uploads/Shop/goods/20170918/59bf323ab6be8.jpg', 0);
INSERT INTO `jk_shop_goods_gallery` VALUES (4289, 845, '/backend//Uploads/Shop/goods/20170918/59bf32b169fc1.jpg', 0);
INSERT INTO `jk_shop_goods_gallery` VALUES (4290, 846, '/backend//Uploads/Shop/goods/20170918/59bf369d7921c.jpg', 0);
INSERT INTO `jk_shop_goods_gallery` VALUES (4291, 847, '/backend//Uploads/Shop/goods/20170918/59bf36eb5fbcd.jpg', 0);
INSERT INTO `jk_shop_goods_gallery` VALUES (4292, 848, '/backend//Uploads/Shop/goods/20170918/59bf37412da17.jpg', 0);
INSERT INTO `jk_shop_goods_gallery` VALUES (4293, 849, '/backend//Uploads/Shop/goods/20170918/59bf378cceba3.jpg', 0);
INSERT INTO `jk_shop_goods_gallery` VALUES (4294, 850, '/backend//Uploads/Shop/goods/20170918/59bf37e005fbb.jpg', 0);
INSERT INTO `jk_shop_goods_gallery` VALUES (4295, 851, '/backend//Uploads/Shop/goods/20170918/59bf3bd19761e.jpg', 0);
INSERT INTO `jk_shop_goods_gallery` VALUES (4296, 852, '/backend//Uploads/Shop/goods/20170918/59bf401979826.jpg', 0);
INSERT INTO `jk_shop_goods_gallery` VALUES (4297, 853, '/backend//Uploads/Shop/goods/20170918/59bf4073c7a78.jpg', 0);
INSERT INTO `jk_shop_goods_gallery` VALUES (4298, 854, '/backend//Uploads/Shop/goods/20170918/59bf40bbb5e55.jpg', 0);
INSERT INTO `jk_shop_goods_gallery` VALUES (4299, 856, '/backend//Uploads/Shop/goods/20170918/59bf412610cdf.jpg', 0);
INSERT INTO `jk_shop_goods_gallery` VALUES (4301, 858, '/backend//Uploads/Shop/goods/20170918/59bf7c63c1afe.jpg', 0);
INSERT INTO `jk_shop_goods_gallery` VALUES (4302, 859, '/backend//Uploads/Shop/goods/20170919/59c07a9c465dd.jpg', 0);
INSERT INTO `jk_shop_goods_gallery` VALUES (4303, 860, '/backend//Uploads/Shop/goods/20170919/59c07b2191913.jpg', 0);
INSERT INTO `jk_shop_goods_gallery` VALUES (4304, 861, '/backend//Uploads/Shop/goods/20170919/59c07be0a803a.jpg', 0);
INSERT INTO `jk_shop_goods_gallery` VALUES (4305, 862, '/backend//Uploads/Shop/goods/20170919/59c07c2e062f3.jpg', 0);
INSERT INTO `jk_shop_goods_gallery` VALUES (4306, 863, '/backend//Uploads/Shop/goods/20170919/59c07ca302934.jpg', 0);
INSERT INTO `jk_shop_goods_gallery` VALUES (4307, 864, '/backend//Uploads/Shop/goods/20170919/59c07e7b5d8e1.jpg', 0);
INSERT INTO `jk_shop_goods_gallery` VALUES (4308, 865, '/backend//Uploads/Shop/goods/20170919/59c07ef703cc7.jpg', 0);
INSERT INTO `jk_shop_goods_gallery` VALUES (4309, 866, '/backend//Uploads/Shop/goods/20170919/59c07fbe2f5b2.jpg', 0);
INSERT INTO `jk_shop_goods_gallery` VALUES (4310, 867, '/backend//Uploads/Shop/goods/20170919/59c0802b5e57c.jpg', 0);
INSERT INTO `jk_shop_goods_gallery` VALUES (4311, 868, '/backend//Uploads/Shop/goods/20170919/59c0807d2adab.jpg', 0);
INSERT INTO `jk_shop_goods_gallery` VALUES (4312, 869, '/backend//Uploads/Shop/goods/20170919/59c080f9dbbf8.jpg', 0);
INSERT INTO `jk_shop_goods_gallery` VALUES (4315, 872, '/backend//Uploads/Shop/goods/20170919/59c0838a7039b.jpg', 0);
INSERT INTO `jk_shop_goods_gallery` VALUES (4316, 873, '/backend//Uploads/Shop/goods/20170919/59c0846c5168f.jpg', 0);
INSERT INTO `jk_shop_goods_gallery` VALUES (4317, 874, '/backend//Uploads/Shop/goods/20170919/59c084cc4a35a.jpg', 0);
INSERT INTO `jk_shop_goods_gallery` VALUES (4318, 875, '/backend//Uploads/Shop/goods/20170919/59c085129ca9d.jpg', 0);
INSERT INTO `jk_shop_goods_gallery` VALUES (4319, 876, '/backend//Uploads/Shop/goods/20170919/59c085a1a9969.jpg', 0);
INSERT INTO `jk_shop_goods_gallery` VALUES (4320, 877, '/backend//Uploads/Shop/goods/20170919/59c085eba2c23.jpg', 0);
INSERT INTO `jk_shop_goods_gallery` VALUES (4321, 878, '/backend//Uploads/Shop/goods/20170919/59c0b3280ceae.jpg', 0);
INSERT INTO `jk_shop_goods_gallery` VALUES (4322, 879, '/backend//Uploads/Shop/goods/20170919/59c0b36ecd83c.jpg', 0);
INSERT INTO `jk_shop_goods_gallery` VALUES (4323, 880, '/backend//Uploads/Shop/goods/20170919/59c0b3bdc3bc2.jpg', 0);
INSERT INTO `jk_shop_goods_gallery` VALUES (4324, 881, '/backend//Uploads/Shop/goods/20170919/59c0b42bb78bf.jpg', 0);
INSERT INTO `jk_shop_goods_gallery` VALUES (4325, 882, '/backend//Uploads/Shop/goods/20170919/59c0b7ff7c1a5.jpg', 0);
INSERT INTO `jk_shop_goods_gallery` VALUES (4326, 883, '/backend//Uploads/Shop/goods/20170919/59c0b848334d4.jpg', 0);
INSERT INTO `jk_shop_goods_gallery` VALUES (4327, 884, '/backend//Uploads/Shop/goods/20170919/59c0cdd5aa0f4.jpg', 0);
INSERT INTO `jk_shop_goods_gallery` VALUES (4328, 885, '/backend//Uploads/Shop/goods/20170919/59c0ce3b966b8.jpg', 0);
INSERT INTO `jk_shop_goods_gallery` VALUES (4329, 886, '/backend//Uploads/Shop/goods/20170919/59c0cf776eb8d.jpg', 0);
INSERT INTO `jk_shop_goods_gallery` VALUES (4330, 887, '/backend//Uploads/Shop/goods/20170919/59c0ea0193878.jpg', 0);
INSERT INTO `jk_shop_goods_gallery` VALUES (4331, 888, '/backend//Uploads/Shop/goods/20170919/59c0eac4bf49d.jpg', 0);
INSERT INTO `jk_shop_goods_gallery` VALUES (4332, 889, '/backend//Uploads/Shop/goods/20170919/59c0eb5751367.jpg', 0);
INSERT INTO `jk_shop_goods_gallery` VALUES (4333, 890, '/backend//Uploads/Shop/goods/20170919/59c0ebc65c6e7.jpg', 0);
INSERT INTO `jk_shop_goods_gallery` VALUES (4334, 891, '/backend//Uploads/Shop/goods/20170920/59c1c4954ca63.jpg', 0);
INSERT INTO `jk_shop_goods_gallery` VALUES (4335, 892, '/backend//Uploads/Shop/goods/20170920/59c1c4f5ccb17.jpg', 0);
INSERT INTO `jk_shop_goods_gallery` VALUES (4336, 893, '/backend//Uploads/Shop/goods/20170920/59c1c53ea90fb.jpg', 0);
INSERT INTO `jk_shop_goods_gallery` VALUES (4337, 894, '/backend//Uploads/Shop/goods/20170920/59c1ce0a050da.jpg', 0);
INSERT INTO `jk_shop_goods_gallery` VALUES (4338, 895, '/backend//Uploads/Shop/goods/20170920/59c1ce60d3eb3.jpg', 0);
INSERT INTO `jk_shop_goods_gallery` VALUES (4339, 896, '/backend//Uploads/Shop/goods/20170920/59c1d0d2381dc.jpg', 0);
INSERT INTO `jk_shop_goods_gallery` VALUES (4340, 897, '/backend//Uploads/Shop/goods/20170920/59c1d12ed89ec.jpg', 0);
INSERT INTO `jk_shop_goods_gallery` VALUES (4341, 898, '/backend//Uploads/Shop/goods/20170920/59c1d1b0a6521.jpg', 0);
INSERT INTO `jk_shop_goods_gallery` VALUES (4342, 899, '/backend//Uploads/Shop/goods/20170920/59c1d28567615.jpg', 0);
INSERT INTO `jk_shop_goods_gallery` VALUES (4343, 900, '/backend//Uploads/Shop/goods/20170920/59c1d4f2bdaf6.jpg', 0);
INSERT INTO `jk_shop_goods_gallery` VALUES (4344, 901, '/backend//Uploads/Shop/goods/20170920/59c1d5744f5fc.jpg', 0);
INSERT INTO `jk_shop_goods_gallery` VALUES (4345, 902, '/backend//Uploads/Shop/goods/20170920/59c1d5b456404.jpg', 0);
INSERT INTO `jk_shop_goods_gallery` VALUES (4348, 905, '/backend//Uploads/Shop/goods/20170920/59c1d6ad088b5.jpg', 0);
INSERT INTO `jk_shop_goods_gallery` VALUES (4349, 906, '/backend//Uploads/Shop/goods/20170920/59c1d7c4b3805.jpg', 0);
INSERT INTO `jk_shop_goods_gallery` VALUES (4353, 910, '/backend//Uploads/Shop/goods/20170920/59c1db3642f2b.jpg', 0);
INSERT INTO `jk_shop_goods_gallery` VALUES (4355, 912, '/backend//Uploads/Shop/goods/20170920/59c1dbbe7654d.jpg', 0);
INSERT INTO `jk_shop_goods_gallery` VALUES (4356, 913, '/backend//Uploads/Shop/goods/20170920/59c1df31a987b.jpg', 0);
INSERT INTO `jk_shop_goods_gallery` VALUES (4357, 914, '/backend//Uploads/Shop/goods/20170920/59c1df7275ba0.jpg', 0);
INSERT INTO `jk_shop_goods_gallery` VALUES (4358, 915, '/backend//Uploads/Shop/goods/20170920/59c1e00368185.jpg', 0);
INSERT INTO `jk_shop_goods_gallery` VALUES (4359, 916, '/backend//Uploads/Shop/goods/20170920/59c1e044d13d0.jpg', 0);
INSERT INTO `jk_shop_goods_gallery` VALUES (4360, 917, '/backend//Uploads/Shop/goods/20170920/59c1e07f3fbbd.jpg', 0);
INSERT INTO `jk_shop_goods_gallery` VALUES (4361, 918, '/backend//Uploads/Shop/goods/20170920/59c1e0b33c6ab.jpg', 0);
INSERT INTO `jk_shop_goods_gallery` VALUES (4362, 919, '/backend//Uploads/Shop/goods/20170920/59c1e0f38abca.jpg', 0);
INSERT INTO `jk_shop_goods_gallery` VALUES (4363, 920, '/backend//Uploads/Shop/goods/20170920/59c1e12aa33bc.jpg', 0);
INSERT INTO `jk_shop_goods_gallery` VALUES (4364, 921, '/backend//Uploads/Shop/goods/20170920/59c20a0319d51.jpg', 0);
INSERT INTO `jk_shop_goods_gallery` VALUES (4365, 922, '/backend//Uploads/Shop/goods/20170920/59c20a7a581da.jpg', 0);
INSERT INTO `jk_shop_goods_gallery` VALUES (4366, 923, '/backend//Uploads/Shop/goods/20170920/59c20ba221849.jpg', 0);
INSERT INTO `jk_shop_goods_gallery` VALUES (4367, 924, '/backend//Uploads/Shop/goods/20170920/59c20ce1be0dd.jpg', 0);
INSERT INTO `jk_shop_goods_gallery` VALUES (4368, 925, '/backend//Uploads/Shop/goods/20170920/59c20d46c42ef.jpg', 0);
INSERT INTO `jk_shop_goods_gallery` VALUES (4369, 926, '/backend//Uploads/Shop/goods/20170920/59c20e1c25a58.jpg', 0);
INSERT INTO `jk_shop_goods_gallery` VALUES (4370, 927, '/backend//Uploads/Shop/goods/20170920/59c20e73b2d64.jpg', 0);
INSERT INTO `jk_shop_goods_gallery` VALUES (4371, 928, '/backend//Uploads/Shop/goods/20170920/59c20ed4922c9.jpg', 0);
INSERT INTO `jk_shop_goods_gallery` VALUES (4373, 930, '/backend//Uploads/Shop/goods/20170920/59c2130bb2000.jpg', 0);
INSERT INTO `jk_shop_goods_gallery` VALUES (4374, 931, '/backend//Uploads/Shop/goods/20170920/59c21346c465b.jpg', 0);
INSERT INTO `jk_shop_goods_gallery` VALUES (4375, 932, '/backend//Uploads/Shop/goods/20170920/59c2138b1b4d6.jpg', 0);
INSERT INTO `jk_shop_goods_gallery` VALUES (4376, 933, '/backend//Uploads/Shop/goods/20170920/59c213e3bda66.jpg', 0);
INSERT INTO `jk_shop_goods_gallery` VALUES (4377, 934, '/backend//Uploads/Shop/goods/20170920/59c2142ecb475.jpg', 0);
INSERT INTO `jk_shop_goods_gallery` VALUES (4378, 935, '/backend//Uploads/Shop/goods/20170920/59c21478bf50a.jpg', 0);
INSERT INTO `jk_shop_goods_gallery` VALUES (4379, 936, '/backend//Uploads/Shop/goods/20170920/59c214c5793dc.jpg', 0);
INSERT INTO `jk_shop_goods_gallery` VALUES (4380, 937, '/backend//Uploads/Shop/goods/20170920/59c21506214b6.jpg', 0);
INSERT INTO `jk_shop_goods_gallery` VALUES (4383, 941, '/backend//Uploads/Shop/goods/20180720/5b51a5f8e5511.jpg', 0);
INSERT INTO `jk_shop_goods_gallery` VALUES (4384, 941, '/backend//Uploads/Shop/goods/20180720/5b51a5f8e5511.jpg', 0);
INSERT INTO `jk_shop_goods_gallery` VALUES (4385, 871, '/backend//Uploads/Shop/goods/20180724/5b56ce69d3969.png', 0);
INSERT INTO `jk_shop_goods_gallery` VALUES (4386, 942, '/backend//Uploads/Shop/goods/20180809/5b6bee933d0dc.jpg', 0);
INSERT INTO `jk_shop_goods_gallery` VALUES (4387, 943, '/backend//Uploads/Shop/goods/20180809/5b6beec71458b.jpg', 0);
INSERT INTO `jk_shop_goods_gallery` VALUES (4388, 944, '/backend//Uploads/Shop/goods/20180809/5b6beef10c16d.jpg', 0);
INSERT INTO `jk_shop_goods_gallery` VALUES (4389, 945, '/backend//Uploads/Shop/goods/20180809/5b6bef13e7d34.jpg', 0);
INSERT INTO `jk_shop_goods_gallery` VALUES (4390, 946, '/backend//Uploads/Shop/goods/20180809/5b6bef3f0e17a.jpg', 0);
INSERT INTO `jk_shop_goods_gallery` VALUES (4391, 948, '/backend//Uploads/Shop/goods/20180809/5b6bef988e6f3.jpg', 0);
INSERT INTO `jk_shop_goods_gallery` VALUES (4392, 949, '/backend//Uploads/Shop/goods/20180809/5b6befd8aeefd.jpg', 0);
INSERT INTO `jk_shop_goods_gallery` VALUES (4393, 951, '/backend//Uploads/Shop/goods/20180809/5b6bf03fc1f2b.jpg', 0);
INSERT INTO `jk_shop_goods_gallery` VALUES (4394, 952, '/backend//Uploads/Shop/goods/20180809/5b6bf0951ffb0.jpg', 0);
INSERT INTO `jk_shop_goods_gallery` VALUES (4395, 953, '/backend//Uploads/Shop/goods/20180809/5b6bf0fe21ad6.jpg', 0);
INSERT INTO `jk_shop_goods_gallery` VALUES (4396, 954, '/backend//Uploads/Shop/goods/20180809/5b6bf13778467.jpg', 0);
INSERT INTO `jk_shop_goods_gallery` VALUES (4397, 955, '/backend//Uploads/Shop/goods/20180809/5b6bf15f3c4ea.jpg', 0);
INSERT INTO `jk_shop_goods_gallery` VALUES (4398, 956, '/backend//Uploads/Shop/goods/20180809/5b6bf18635a19.jpg', 0);
INSERT INTO `jk_shop_goods_gallery` VALUES (4399, 957, '/backend//Uploads/Shop/goods/20180809/5b6bf1a406b52.jpg', 0);
INSERT INTO `jk_shop_goods_gallery` VALUES (4400, 958, '/backend//Uploads/Shop/goods/20180809/5b6bf1d210327.jpg', 0);
INSERT INTO `jk_shop_goods_gallery` VALUES (4401, 959, '/backend//Uploads/Shop/goods/20180809/5b6bf1f07ae18.jpg', 0);
INSERT INTO `jk_shop_goods_gallery` VALUES (4403, 961, '/backend//Uploads/Shop/goods/20180809/5b6bf2468a6c4.jpg', 0);
INSERT INTO `jk_shop_goods_gallery` VALUES (4405, 870, '/backend//Uploads/Shop/goods/20180912/5b98ad4e2155e.jpg', 0);
INSERT INTO `jk_shop_goods_gallery` VALUES (4406, 960, '/backend//Uploads/Shop/goods/20181109/5be4faa7beeee.jpg', 0);
INSERT INTO `jk_shop_goods_gallery` VALUES (4413, 828, '/backend/Uploads/Shop/goods/20190304/5c7ce2b576379.jpg', 0);
INSERT INTO `jk_shop_goods_gallery` VALUES (4434, 965, '/backend/Uploads/Shop/goods/20190506/5ccfc3f42bcc3.jpg', 0);
INSERT INTO `jk_shop_goods_gallery` VALUES (4469, 966, '/backend/Uploads/Shop/goods/20190625/5d11764e21918.jpg', 0);
INSERT INTO `jk_shop_goods_gallery` VALUES (4470, 966, '/backend/Uploads/Shop/goods/20190625/5d117650b6503.jpg', 0);
INSERT INTO `jk_shop_goods_gallery` VALUES (4471, 966, '/backend/Uploads/Shop/goods/20190625/5d1176531757f.jpg', 0);
INSERT INTO `jk_shop_goods_gallery` VALUES (4472, 809, '/backend/Uploads/Shop/goods/20190625/5d11c0107d519.jpg', 0);
INSERT INTO `jk_shop_goods_gallery` VALUES (4473, 809, '/backend/Uploads/Shop/goods/20190625/5d11c010b5a91.jpg', 0);
INSERT INTO `jk_shop_goods_gallery` VALUES (4474, 809, '/backend/Uploads/Shop/goods/20190625/5d11c010ed6ea.jpg', 0);
INSERT INTO `jk_shop_goods_gallery` VALUES (4475, 812, '/backend/Uploads/Shop/goods/20190625/5d11c62f10fdf.jpg', 0);
INSERT INTO `jk_shop_goods_gallery` VALUES (4476, 812, '/backend/Uploads/Shop/goods/20190625/5d11c62f52683.jpg', 0);
INSERT INTO `jk_shop_goods_gallery` VALUES (4477, 812, '/backend/Uploads/Shop/goods/20190625/5d11c62f8b2b2.jpg', 0);
INSERT INTO `jk_shop_goods_gallery` VALUES (4478, 908, '/backend/Uploads/Shop/goods/20190625/5d11c7be72ffe.jpg', 0);
INSERT INTO `jk_shop_goods_gallery` VALUES (4479, 908, '/backend/Uploads/Shop/goods/20190625/5d11c7bea8d63.jpg', 0);
INSERT INTO `jk_shop_goods_gallery` VALUES (4480, 908, '/backend/Uploads/Shop/goods/20190625/5d11c7bedbb97.jpg', 0);
INSERT INTO `jk_shop_goods_gallery` VALUES (4481, 842, '/backend/Uploads/Shop/goods/20190625/5d11c950b163d.jpg', 0);
INSERT INTO `jk_shop_goods_gallery` VALUES (4482, 842, '/backend/Uploads/Shop/goods/20190625/5d11c950effbd.jpg', 0);
INSERT INTO `jk_shop_goods_gallery` VALUES (4483, 842, '/backend/Uploads/Shop/goods/20190625/5d11c9513cc6e.jpg', 0);
INSERT INTO `jk_shop_goods_gallery` VALUES (4484, 968, '/backend/Uploads/Shop/goods/20190625/5d11ccc66fbbc.jpg', 0);
INSERT INTO `jk_shop_goods_gallery` VALUES (4485, 968, '/backend/Uploads/Shop/goods/20190625/5d11ccc6a6963.jpg', 0);
INSERT INTO `jk_shop_goods_gallery` VALUES (4486, 968, '/backend/Uploads/Shop/goods/20190625/5d11ccc7206a6.jpg', 0);
INSERT INTO `jk_shop_goods_gallery` VALUES (4487, 824, '/backend/Uploads/Shop/goods/20190625/5d11ce057edde.jpg', 0);
INSERT INTO `jk_shop_goods_gallery` VALUES (4488, 824, '/backend/Uploads/Shop/goods/20190625/5d11ce05b6598.jpg', 0);
INSERT INTO `jk_shop_goods_gallery` VALUES (4489, 824, '/backend/Uploads/Shop/goods/20190625/5d11ce05dd51a.jpg', 0);
INSERT INTO `jk_shop_goods_gallery` VALUES (4490, 969, '/backend/Uploads/Shop/goods/20190625/5d11d1007c896.jpg', 0);
INSERT INTO `jk_shop_goods_gallery` VALUES (4491, 969, '/backend/Uploads/Shop/goods/20190625/5d11d100b23d5.jpg', 0);
INSERT INTO `jk_shop_goods_gallery` VALUES (4492, 969, '/backend/Uploads/Shop/goods/20190625/5d11d100e3166.jpg', 0);
INSERT INTO `jk_shop_goods_gallery` VALUES (4493, 929, '/backend/Uploads/Shop/goods/20190625/5d11d2b071bdd.jpg', 0);
INSERT INTO `jk_shop_goods_gallery` VALUES (4494, 929, '/backend/Uploads/Shop/goods/20190625/5d11d2b093100.jpg', 0);
INSERT INTO `jk_shop_goods_gallery` VALUES (4495, 929, '/backend/Uploads/Shop/goods/20190625/5d11d2b0bc740.jpg', 0);
INSERT INTO `jk_shop_goods_gallery` VALUES (4496, 903, '/backend/Uploads/Shop/goods/20190625/5d11d54a8894c.jpg', 0);
INSERT INTO `jk_shop_goods_gallery` VALUES (4497, 903, '/backend/Uploads/Shop/goods/20190625/5d11d54ab19c1.jpg', 0);
INSERT INTO `jk_shop_goods_gallery` VALUES (4498, 903, '/backend/Uploads/Shop/goods/20190625/5d11d54ae1daa.jpg', 0);
INSERT INTO `jk_shop_goods_gallery` VALUES (4499, 909, '/backend/Uploads/Shop/goods/20190625/5d11d6669f901.jpg', 0);
INSERT INTO `jk_shop_goods_gallery` VALUES (4500, 909, '/backend/Uploads/Shop/goods/20190625/5d11d666dfe79.jpg', 0);
INSERT INTO `jk_shop_goods_gallery` VALUES (4501, 909, '/backend/Uploads/Shop/goods/20190625/5d11d66722ad1.jpg', 0);
INSERT INTO `jk_shop_goods_gallery` VALUES (4502, 964, '/backend/Uploads/Shop/goods/20190625/5d11e1c59d5c1.jpg', 0);
INSERT INTO `jk_shop_goods_gallery` VALUES (4503, 964, '/backend/Uploads/Shop/goods/20190625/5d11e1c5c105f.jpg', 0);
INSERT INTO `jk_shop_goods_gallery` VALUES (4504, 964, '/backend/Uploads/Shop/goods/20190625/5d11e1c617637.jpg', 0);
INSERT INTO `jk_shop_goods_gallery` VALUES (4505, 967, '/backend/Uploads/Shop/goods/20190626/5d12d57920e81.jpg', 0);
INSERT INTO `jk_shop_goods_gallery` VALUES (4506, 967, '/backend/Uploads/Shop/goods/20190626/5d12d57959c3a.jpg', 0);
INSERT INTO `jk_shop_goods_gallery` VALUES (4507, 967, '/backend/Uploads/Shop/goods/20190626/5d12d5798d059.jpg', 0);
INSERT INTO `jk_shop_goods_gallery` VALUES (4508, 970, '/backend/Uploads/Shop/goods/20190626/5d12d98bdb889.jpg', 0);
INSERT INTO `jk_shop_goods_gallery` VALUES (4509, 970, '/backend/Uploads/Shop/goods/20190626/5d12d98c27a12.jpg', 0);
INSERT INTO `jk_shop_goods_gallery` VALUES (4510, 970, '/backend/Uploads/Shop/goods/20190626/5d12d98c760c4.jpg', 0);
INSERT INTO `jk_shop_goods_gallery` VALUES (4511, 971, '/backend/Uploads/Shop/goods/20190626/5d12dbed7649b.jpg', 0);
INSERT INTO `jk_shop_goods_gallery` VALUES (4512, 971, '/backend/Uploads/Shop/goods/20190626/5d12dbedb36ea.jpg', 0);
INSERT INTO `jk_shop_goods_gallery` VALUES (4513, 971, '/backend/Uploads/Shop/goods/20190626/5d12dbee04962.jpg', 0);
INSERT INTO `jk_shop_goods_gallery` VALUES (4514, 827, '/backend/Uploads/Shop/goods/20190626/5d12df98cc428.jpg', 0);
INSERT INTO `jk_shop_goods_gallery` VALUES (4515, 827, '/backend/Uploads/Shop/goods/20190626/5d12df990a6ee.jpg', 0);
INSERT INTO `jk_shop_goods_gallery` VALUES (4516, 827, '/backend/Uploads/Shop/goods/20190626/5d12df9949c61.jpg', 0);
INSERT INTO `jk_shop_goods_gallery` VALUES (4517, 826, '/backend/Uploads/Shop/goods/20190626/5d12e0ea74532.jpg', 0);
INSERT INTO `jk_shop_goods_gallery` VALUES (4518, 826, '/backend/Uploads/Shop/goods/20190626/5d12e0eaae77e.jpg', 0);
INSERT INTO `jk_shop_goods_gallery` VALUES (4519, 826, '/backend/Uploads/Shop/goods/20190626/5d12e0eae4935.jpg', 0);
INSERT INTO `jk_shop_goods_gallery` VALUES (4520, 832, '/backend/Uploads/Shop/goods/20190626/5d12e1f688490.jpg', 0);
INSERT INTO `jk_shop_goods_gallery` VALUES (4521, 832, '/backend/Uploads/Shop/goods/20190626/5d12e1f6c4d07.jpg', 0);
INSERT INTO `jk_shop_goods_gallery` VALUES (4522, 832, '/backend/Uploads/Shop/goods/20190626/5d12e1f70b699.jpg', 0);
INSERT INTO `jk_shop_goods_gallery` VALUES (4523, 833, '/backend/Uploads/Shop/goods/20190626/5d130becd546c.jpg', 0);
INSERT INTO `jk_shop_goods_gallery` VALUES (4524, 833, '/backend/Uploads/Shop/goods/20190626/5d130bed1fc9c.jpg', 0);
INSERT INTO `jk_shop_goods_gallery` VALUES (4525, 833, '/backend/Uploads/Shop/goods/20190626/5d130bed534b4.jpg', 0);
INSERT INTO `jk_shop_goods_gallery` VALUES (4526, 829, '/backend/Uploads/Shop/goods/20190626/5d130cdbcf7c8.jpg', 0);
INSERT INTO `jk_shop_goods_gallery` VALUES (4527, 829, '/backend/Uploads/Shop/goods/20190626/5d130cdbf36ad.jpg', 0);
INSERT INTO `jk_shop_goods_gallery` VALUES (4528, 829, '/backend/Uploads/Shop/goods/20190626/5d130cdc41f1f.jpg', 0);
INSERT INTO `jk_shop_goods_gallery` VALUES (4529, 907, '/backend/Uploads/Shop/goods/20191016/5da6d0c627d80.jpg', 0);
INSERT INTO `jk_shop_goods_gallery` VALUES (4530, 907, '/backend/Uploads/Shop/goods/20191016/5da6d0c66692a.jpg', 0);
INSERT INTO `jk_shop_goods_gallery` VALUES (4531, 907, '/backend/Uploads/Shop/goods/20191016/5da6d0c68fd7e.jpg', 0);
INSERT INTO `jk_shop_goods_gallery` VALUES (4532, 843, '/backend/Uploads/Shop/goods/20191021/5dad08f7c9889.jpg', 0);
INSERT INTO `jk_shop_goods_gallery` VALUES (4533, 843, '/backend/Uploads/Shop/goods/20191021/5dad08f812f61.jpg', 0);
INSERT INTO `jk_shop_goods_gallery` VALUES (4534, 843, '/backend/Uploads/Shop/goods/20191021/5dad08f85754c.jpg', 0);
INSERT INTO `jk_shop_goods_gallery` VALUES (4535, 857, '/backend/Uploads/Shop/goods/20191021/5dad0979d7578.jpg', 0);
INSERT INTO `jk_shop_goods_gallery` VALUES (4536, 857, '/backend/Uploads/Shop/goods/20191021/5dad097a0c3ae.jpg', 0);
INSERT INTO `jk_shop_goods_gallery` VALUES (4537, 857, '/backend/Uploads/Shop/goods/20191021/5dad097a428cb.jpg', 0);
INSERT INTO `jk_shop_goods_gallery` VALUES (4538, 857, '/backend/Uploads/Shop/goods/20191021/5dad097a9f0b7.jpg', 0);
INSERT INTO `jk_shop_goods_gallery` VALUES (4539, 825, '/backend/Uploads/Shop/goods/20191021/5dad0a1d6dd97.jpg', 0);
INSERT INTO `jk_shop_goods_gallery` VALUES (4540, 825, '/backend/Uploads/Shop/goods/20191021/5dad0a1db6a67.jpg', 0);
INSERT INTO `jk_shop_goods_gallery` VALUES (4541, 825, '/backend/Uploads/Shop/goods/20191021/5dad0a1e0c1f7.jpg', 0);
INSERT INTO `jk_shop_goods_gallery` VALUES (4542, 831, '/backend/Uploads/Shop/goods/20191021/5dad0a6177118.jpg', 0);
INSERT INTO `jk_shop_goods_gallery` VALUES (4543, 831, '/backend/Uploads/Shop/goods/20191021/5dad0a61b5bd1.jpg', 0);
INSERT INTO `jk_shop_goods_gallery` VALUES (4544, 831, '/backend/Uploads/Shop/goods/20191021/5dad0a61f0208.jpg', 0);
INSERT INTO `jk_shop_goods_gallery` VALUES (4545, 904, '/backend/Uploads/Shop/goods/20191021/5dad0ad448074.jpg', 0);
INSERT INTO `jk_shop_goods_gallery` VALUES (4546, 904, '/backend/Uploads/Shop/goods/20191021/5dad0ad48965f.jpg', 0);
INSERT INTO `jk_shop_goods_gallery` VALUES (4547, 904, '/backend/Uploads/Shop/goods/20191021/5dad0ad4c8f24.jpg', 0);
INSERT INTO `jk_shop_goods_gallery` VALUES (4548, 972, '/backend/Uploads/Shop/goods/20191021/5dad0cd5341a5.jpg', 0);
INSERT INTO `jk_shop_goods_gallery` VALUES (4549, 972, '/backend/Uploads/Shop/goods/20191021/5dad0cd5a0ce3.jpg', 0);
INSERT INTO `jk_shop_goods_gallery` VALUES (4550, 972, '/backend/Uploads/Shop/goods/20191021/5dad0cd5c5b1c.jpg', 0);
INSERT INTO `jk_shop_goods_gallery` VALUES (4551, 839, '/backend/Uploads/Shop/goods/20191021/5dad0d253cbab.jpg', 0);
INSERT INTO `jk_shop_goods_gallery` VALUES (4552, 839, '/backend/Uploads/Shop/goods/20191021/5dad0d2576185.jpg', 0);
INSERT INTO `jk_shop_goods_gallery` VALUES (4553, 839, '/backend/Uploads/Shop/goods/20191021/5dad0d25b769f.jpg', 0);
INSERT INTO `jk_shop_goods_gallery` VALUES (4554, 836, '/backend/Uploads/Shop/goods/20191021/5dad0d6666f59.jpg', 0);
INSERT INTO `jk_shop_goods_gallery` VALUES (4555, 836, '/backend/Uploads/Shop/goods/20191021/5dad0d6696f2b.jpg', 0);
INSERT INTO `jk_shop_goods_gallery` VALUES (4556, 836, '/backend/Uploads/Shop/goods/20191021/5dad0d66d40dd.jpg', 0);
INSERT INTO `jk_shop_goods_gallery` VALUES (4557, 911, '/backend/Uploads/Shop/goods/20191021/5dad52b43f84c.jpg', 0);
INSERT INTO `jk_shop_goods_gallery` VALUES (4558, 911, '/backend/Uploads/Shop/goods/20191021/5dad52b47b6ad.jpg', 0);
INSERT INTO `jk_shop_goods_gallery` VALUES (4559, 911, '/backend/Uploads/Shop/goods/20191021/5dad52b4b519e.jpg', 0);
INSERT INTO `jk_shop_goods_gallery` VALUES (4560, 973, '/backend/Uploads/Shop/goods/20200107/5e13e6df04db6.jpg', 0);
INSERT INTO `jk_shop_goods_gallery` VALUES (4561, 973, '/backend/Uploads/Shop/goods/20200107/5e13e6df57898.jpg', 0);
INSERT INTO `jk_shop_goods_gallery` VALUES (4562, 973, '/backend/Uploads/Shop/goods/20200107/5e13e6df94939.jpg', 0);
INSERT INTO `jk_shop_goods_gallery` VALUES (4563, 974, '/backend/Uploads/Shop/goods/20200108/5e15832d4864e.jpg', 0);
INSERT INTO `jk_shop_goods_gallery` VALUES (4564, 974, '/backend/Uploads/Shop/goods/20200108/5e15832da5507.jpg', 0);
INSERT INTO `jk_shop_goods_gallery` VALUES (4565, 974, '/backend/Uploads/Shop/goods/20200108/5e15832e592b3.jpg', 0);
INSERT INTO `jk_shop_goods_gallery` VALUES (4566, 975, '/backend/Uploads/Shop/goods/20200108/5e158ae300503.jpg', 0);
INSERT INTO `jk_shop_goods_gallery` VALUES (4567, 975, '/backend/Uploads/Shop/goods/20200108/5e158ae33bef1.jpg', 0);
INSERT INTO `jk_shop_goods_gallery` VALUES (4568, 976, '/backend/Uploads/Shop/goods/20200108/5e1595af78d0f.jpg', 0);
INSERT INTO `jk_shop_goods_gallery` VALUES (4569, 976, '/backend/Uploads/Shop/goods/20200108/5e1595afbab99.jpg', 0);
INSERT INTO `jk_shop_goods_gallery` VALUES (4570, 976, '/backend/Uploads/Shop/goods/20200108/5e1595afefbb8.jpg', 0);
INSERT INTO `jk_shop_goods_gallery` VALUES (4571, 977, '/backend/Uploads/Shop/goods/20200108/5e159872de102.jpg', 0);
INSERT INTO `jk_shop_goods_gallery` VALUES (4572, 977, '/backend/Uploads/Shop/goods/20200108/5e1598732ca97.jpg', 0);
INSERT INTO `jk_shop_goods_gallery` VALUES (4573, 977, '/backend/Uploads/Shop/goods/20200108/5e1598736b467.jpg', 0);
INSERT INTO `jk_shop_goods_gallery` VALUES (4574, 978, '/backend/Uploads/Shop/goods/20200109/5e16c031322f0.jpg', 0);
INSERT INTO `jk_shop_goods_gallery` VALUES (4575, 978, '/backend/Uploads/Shop/goods/20200109/5e16c03173c68.jpg', 0);
INSERT INTO `jk_shop_goods_gallery` VALUES (4576, 978, '/backend/Uploads/Shop/goods/20200109/5e16c0319288f.jpg', 0);
INSERT INTO `jk_shop_goods_gallery` VALUES (4577, 979, '/backend/Uploads/Shop/goods/20200109/5e16c26ae5d19.jpg', 0);
INSERT INTO `jk_shop_goods_gallery` VALUES (4578, 979, '/backend/Uploads/Shop/goods/20200109/5e16c26b419b1.jpg', 0);
INSERT INTO `jk_shop_goods_gallery` VALUES (4579, 979, '/backend/Uploads/Shop/goods/20200109/5e16c26b5fc86.jpg', 0);

-- ----------------------------
-- Table structure for jk_shop_goods_product
-- ----------------------------
DROP TABLE IF EXISTS `jk_shop_goods_product`;
CREATE TABLE `jk_shop_goods_product`  (
  `id` int(11) NOT NULL AUTO_INCREMENT,
  `goods_id` int(10) UNSIGNED NOT NULL,
  `goods_attr` varchar(50) CHARACTER SET utf8 COLLATE utf8_unicode_ci NOT NULL,
  `product_sn` varchar(45) CHARACTER SET utf8 COLLATE utf8_unicode_ci NOT NULL,
  `product_number` smallint(6) NOT NULL DEFAULT 0 COMMENT '库存',
  PRIMARY KEY (`id`) USING BTREE,
  INDEX `fk_shop_goods_product_shop_goods1_idx`(`goods_id`) USING BTREE,
  INDEX `fk_shop_goods_product_shop_goods_attr1_idx`(`goods_attr`) USING BTREE,
  CONSTRAINT `fk_shop_goods_product_shop_goods1` FOREIGN KEY (`goods_id`) REFERENCES `jk_shop_goods` (`id`) ON DELETE NO ACTION ON UPDATE NO ACTION
) ENGINE = InnoDB AUTO_INCREMENT = 1 CHARACTER SET = utf8 COLLATE = utf8_unicode_ci COMMENT = '商品货品表' ROW_FORMAT = Dynamic;

-- ----------------------------
-- Table structure for jk_shop_goods_type
-- ----------------------------
DROP TABLE IF EXISTS `jk_shop_goods_type`;
CREATE TABLE `jk_shop_goods_type`  (
  `id` int(11) NOT NULL AUTO_INCREMENT,
  `category_id` int(10) NULL DEFAULT NULL COMMENT '分类ID',
  `type_name` varchar(45) CHARACTER SET utf8 COLLATE utf8_unicode_ci NOT NULL COMMENT '类型名称',
  `parent_id` int(10) NULL DEFAULT 0,
  `status` tinyint(4) NOT NULL DEFAULT 1 COMMENT '状态，0：禁用，1：启用',
  `updated_at` int(11) NOT NULL COMMENT '更新时间',
  PRIMARY KEY (`id`) USING BTREE,
  INDEX `category_id`(`category_id`) USING BTREE
) ENGINE = InnoDB AUTO_INCREMENT = 1 CHARACTER SET = utf8 COLLATE = utf8_unicode_ci COMMENT = '商品类型' ROW_FORMAT = Dynamic;

-- ----------------------------
-- Table structure for jk_shop_producers
-- ----------------------------
DROP TABLE IF EXISTS `jk_shop_producers`;
CREATE TABLE `jk_shop_producers`  (
  `id` int(11) NOT NULL AUTO_INCREMENT COMMENT '生产商id',
  `pro_name` varchar(50) CHARACTER SET utf8 COLLATE utf8_unicode_ci NULL DEFAULT NULL COMMENT '生产商名称',
  `status` tinyint(10) NOT NULL DEFAULT 0 COMMENT '状态:0：禁用；1：启用',
  `address` varchar(255) CHARACTER SET utf8 COLLATE utf8_unicode_ci NULL DEFAULT NULL COMMENT '地址',
  `backend_admin_id` int(11) NULL DEFAULT NULL,
  PRIMARY KEY (`id`) USING BTREE
) ENGINE = InnoDB AUTO_INCREMENT = 4 CHARACTER SET = utf8 COLLATE = utf8_unicode_ci COMMENT = '生产商表' ROW_FORMAT = Dynamic;

-- ----------------------------
-- Records of jk_shop_producers
-- ----------------------------
INSERT INTO `jk_shop_producers` VALUES (1, '广州丸美生物科技有限公司', 0, '广州高新技术产业开发区科学城伴河路92号', 10);
INSERT INTO `jk_shop_producers` VALUES (2, '广东丸美生物技术股份有限公司', 1, '广州高新技术产业开发区科学城伴河路92号2号楼', 10);
INSERT INTO `jk_shop_producers` VALUES (3, '丸美化粧品株式会社', 1, '東京都港区新橋6-12-7 新橋SDビル', 1);

-- ----------------------------
-- Table structure for m_auth
-- ----------------------------
DROP TABLE IF EXISTS `m_auth`;
CREATE TABLE `m_auth`  (
  `id` int(11) NOT NULL AUTO_INCREMENT,
  `menu_url_id` int(11) NOT NULL COMMENT 'm_sys_menu id',
  `group_id` int(11) NOT NULL COMMENT '权限组ID',
  PRIMARY KEY (`id`) USING BTREE
) ENGINE = InnoDB AUTO_INCREMENT = 34 CHARACTER SET = utf8mb4 COLLATE = utf8mb4_general_ci ROW_FORMAT = Dynamic;

-- ----------------------------
-- Records of m_auth
-- ----------------------------
INSERT INTO `m_auth` VALUES (1, 34, 1);
INSERT INTO `m_auth` VALUES (2, 35, 1);
INSERT INTO `m_auth` VALUES (3, 36, 1);
INSERT INTO `m_auth` VALUES (4, 37, 1);
INSERT INTO `m_auth` VALUES (5, 38, 1);
INSERT INTO `m_auth` VALUES (6, 39, 1);
INSERT INTO `m_auth` VALUES (7, 40, 1);
INSERT INTO `m_auth` VALUES (8, 41, 1);
INSERT INTO `m_auth` VALUES (9, 42, 1);
INSERT INTO `m_auth` VALUES (10, 43, 1);
INSERT INTO `m_auth` VALUES (11, 44, 1);
INSERT INTO `m_auth` VALUES (12, 45, 1);
INSERT INTO `m_auth` VALUES (13, 46, 1);
INSERT INTO `m_auth` VALUES (14, 47, 1);
INSERT INTO `m_auth` VALUES (15, 48, 1);
INSERT INTO `m_auth` VALUES (16, 49, 1);
INSERT INTO `m_auth` VALUES (17, 50, 1);
INSERT INTO `m_auth` VALUES (18, 51, 1);
INSERT INTO `m_auth` VALUES (19, 52, 1);
INSERT INTO `m_auth` VALUES (20, 53, 1);
INSERT INTO `m_auth` VALUES (21, 54, 1);
INSERT INTO `m_auth` VALUES (22, 55, 1);
INSERT INTO `m_auth` VALUES (23, 56, 1);
INSERT INTO `m_auth` VALUES (24, 57, 1);
INSERT INTO `m_auth` VALUES (25, 58, 1);
INSERT INTO `m_auth` VALUES (26, 59, 1);
INSERT INTO `m_auth` VALUES (27, 60, 1);
INSERT INTO `m_auth` VALUES (28, 61, 1);
INSERT INTO `m_auth` VALUES (29, 62, 1);
INSERT INTO `m_auth` VALUES (30, 63, 1);
INSERT INTO `m_auth` VALUES (31, 64, 1);
INSERT INTO `m_auth` VALUES (32, 65, 1);
INSERT INTO `m_auth` VALUES (33, 66, 1);

-- ----------------------------
-- Table structure for m_auth_group_mapper
-- ----------------------------
DROP TABLE IF EXISTS `m_auth_group_mapper`;
CREATE TABLE `m_auth_group_mapper`  (
  `id` int(11) NOT NULL AUTO_INCREMENT,
  `name` varchar(255) CHARACTER SET utf8mb4 COLLATE utf8mb4_general_ci NOT NULL COMMENT '组名',
  `enable` tinyint(4) NOT NULL DEFAULT 0 COMMENT '0:已启用，1:未启用',
  `create_time` datetime(0) NOT NULL,
  `operator` varchar(255) CHARACTER SET utf8mb4 COLLATE utf8mb4_general_ci NOT NULL COMMENT '操作人',
  PRIMARY KEY (`id`) USING BTREE
) ENGINE = InnoDB AUTO_INCREMENT = 2 CHARACTER SET = utf8mb4 COLLATE = utf8mb4_general_ci ROW_FORMAT = Dynamic;

-- ----------------------------
-- Records of m_auth_group_mapper
-- ----------------------------
INSERT INTO `m_auth_group_mapper` VALUES (1, '管理员', 0, '2021-08-30 21:27:10', 'system');

-- ----------------------------
-- Table structure for m_group_mapper
-- ----------------------------
DROP TABLE IF EXISTS `m_group_mapper`;
CREATE TABLE `m_group_mapper`  (
  `uid` int(11) NOT NULL COMMENT 'jk_backend_admin id',
  `group_id` int(11) NOT NULL COMMENT 'm_auth_group',
  PRIMARY KEY (`uid`) USING BTREE
) ENGINE = InnoDB CHARACTER SET = utf8mb4 COLLATE = utf8mb4_general_ci COMMENT = '权限组映射表' ROW_FORMAT = Dynamic;

-- ----------------------------
-- Records of m_group_mapper
-- ----------------------------
INSERT INTO `m_group_mapper` VALUES (9, 1);

-- ----------------------------
-- Table structure for m_sys_menu
-- ----------------------------
DROP TABLE IF EXISTS `m_sys_menu`;
CREATE TABLE `m_sys_menu`  (
  `id` int(11) NOT NULL AUTO_INCREMENT,
  `view_url` varchar(255) CHARACTER SET utf8mb4 COLLATE utf8mb4_general_ci NULL DEFAULT NULL COMMENT '试图路径',
  `mapper_url` varchar(500) CHARACTER SET utf8mb4 COLLATE utf8mb4_general_ci NULL DEFAULT NULL COMMENT '映射试图的请求路径， 或者是操作的请求路径 type=2时可为空',
  `module_name` varchar(255) CHARACTER SET utf8mb4 COLLATE utf8mb4_general_ci NOT NULL COMMENT '菜单名，模块名，操作名称',
  `type` tinyint(4) NULL DEFAULT NULL COMMENT '0：模块，1:二级菜单，2：操作,3:独立页面(弹框)',
  `icon` varchar(255) CHARACTER SET utf8mb4 COLLATE utf8mb4_general_ci NULL DEFAULT NULL COMMENT '图标',
  `parent_id` int(11) NULL DEFAULT NULL COMMENT '父节点ID 0为根节点',
  `del_status` tinyint(4) NOT NULL DEFAULT 0 COMMENT '0:未删除，1:已删除',
  `enable_status` tinyint(4) NOT NULL DEFAULT 0 COMMENT '0:已启用，1:未启用',
  `create_time` datetime(0) NOT NULL,
  `update_time` datetime(0) NOT NULL ON UPDATE CURRENT_TIMESTAMP(0),
  `operator` varchar(255) CHARACTER SET utf8mb4 COLLATE utf8mb4_general_ci NOT NULL DEFAULT 'system' COMMENT '操作人',
  `label_unq` varchar(255) CHARACTER SET utf8mb4 COLLATE utf8mb4_general_ci NOT NULL COMMENT '唯一标识',
  `sort` int(11) NOT NULL DEFAULT 0 COMMENT '排序',
  `is_fixed` tinyint(1) NULL DEFAULT NULL COMMENT '是否锁定不可删除：0-否 1-是',
  PRIMARY KEY (`id`) USING BTREE,
  UNIQUE INDEX `uni_index`(`label_unq`) USING BTREE
) ENGINE = InnoDB AUTO_INCREMENT = 67 CHARACTER SET = utf8mb4 COLLATE = utf8mb4_general_ci ROW_FORMAT = Dynamic;

-- ----------------------------
-- Records of m_sys_menu
-- ----------------------------
INSERT INTO `m_sys_menu` VALUES (1, 'login', '/login', '登录页面', 3, NULL, 23, 0, 0, '2021-08-23 16:53:41', '2021-09-05 14:54:11', 'system', '2a9db8f8870b4739b240cc801c2cb9cf', 0, 0);
INSERT INTO `m_sys_menu` VALUES (2, 'welcome', '/welcome', '欢迎页面', 1, '', 23, 0, 0, '2021-08-23 16:53:41', '2021-09-05 14:54:11', 'system', '9cbd4930cfc14f83bcbd12bc24138b27', 0, 0);
INSERT INTO `m_sys_menu` VALUES (3, 'manufacturer/manufacturerEditOrAdd', '/manufacturerEditOrAdd', 'aba5f78630644763a1f800820dd33c99', 3, NULL, 23, 0, 0, '2021-08-23 16:53:41', '2021-09-05 14:54:11', 'system', '955bd4a94bde4a89bd6652c8556024b0', 0, 0);
INSERT INTO `m_sys_menu` VALUES (4, 'users/userAuth', '/userAuth', '0f8c1a03ca7d4139b04e24c5b5c656a4', 3, NULL, 23, 0, 0, '2021-08-23 16:53:41', '2021-09-05 14:54:11', 'system', 'b64093f38041412fb7ffe8f0d18508ab', 0, 0);
INSERT INTO `m_sys_menu` VALUES (5, 'auth/authAdd', '/authAdd', 'a1f6151da5aa4619a32011b99a5ded14', 3, NULL, 23, 0, 0, '2021-08-23 16:53:41', '2021-09-05 14:54:11', 'system', 'd166c0755bda4f54b22300188f3939ac', 0, 0);
INSERT INTO `m_sys_menu` VALUES (6, 'users/curUser', '/curUser', '1e9d30d37e5e458d8c293ce9b222511b', 3, NULL, 23, 0, 0, '2021-08-23 16:53:41', '2021-09-05 14:54:11', 'system', 'a3a1949b43f945bba93a3a42b7f17f95', 0, 0);
INSERT INTO `m_sys_menu` VALUES (7, 'auth/authEdit', '/authEdit', '434f181e3ad74fc6ba3039d44ed42100', 3, NULL, 23, 0, 0, '2021-08-23 16:53:41', '2021-09-05 14:54:11', 'system', '91aa1d61839f4c4c9d125b517a62ed67', 0, 0);
INSERT INTO `m_sys_menu` VALUES (8, 'brand/test', '/t1', '8d4259fd98c94e11bf67f0bac832f8b5', 3, NULL, 23, 0, 0, '2021-08-23 16:53:41', '2021-09-05 14:54:11', 'system', 'cf89b487fae04340825920e8cb54c68f', 0, 0);
INSERT INTO `m_sys_menu` VALUES (9, 'index', '/index', '主页', 3, NULL, 23, 0, 0, '2021-08-23 16:53:41', '2021-09-05 14:54:11', 'system', 'dc070e8917cc4795969b5192a6e6ff11', 0, 0);
INSERT INTO `m_sys_menu` VALUES (10, 'users/userUpdate', '/userUpdate', '91f0fa27975a4cd4b089be86a3bedec0', 3, NULL, 23, 0, 0, '2021-08-23 16:53:41', '2021-09-05 14:54:11', 'system', 'da8b2d064cb8454ba632c1267fa803af', 0, 0);
INSERT INTO `m_sys_menu` VALUES (12, 'auth/authAccess', '/authAccess', '0bbec9e201dd4a228ad680be31ba7992', 3, '', 23, 0, 0, '2021-08-23 16:53:41', '2021-09-05 14:54:11', 'system', 'a24106aa08fa4c5c912cf4ffa0fbd313', 0, 0);
INSERT INTO `m_sys_menu` VALUES (13, 'users/userList', '/userList', '管理员信息', 1, '', 23, 0, 0, '2021-08-23 16:53:41', '2021-09-05 14:54:11', 'system', '480a6f6f8d5b478cbdfca58831c52abf', 0, 0);
INSERT INTO `m_sys_menu` VALUES (14, 'goods/goodsList', '/goodsList', '产品列表', 1, NULL, 27, 0, 0, '2021-08-23 16:53:41', '2021-09-05 14:54:11', 'system', '5a3662be7e1b4e55828a50dc39bba8ec', 0, 0);
INSERT INTO `m_sys_menu` VALUES (15, 'users/userAdd', '/userAdd', '91740f375af24ab98a70ef3a3b355cad', 3, NULL, 23, 0, 0, '2021-08-23 16:53:41', '2021-09-05 14:54:11', 'system', '5ebc700e9ef249cfb7ad3dbfde85f782', 0, 0);
INSERT INTO `m_sys_menu` VALUES (16, 'manufacturer/manufacturerList', '/manufacturerList', '生产商管理', 1, NULL, 27, 0, 0, '2021-08-23 16:53:41', '2021-09-05 14:54:11', 'system', '23713c53be72415ea3cda541346ca4d2', 0, 0);
INSERT INTO `m_sys_menu` VALUES (18, 'users/userDetail', '/userDetail', '196938e8ac0e4fb89db6aa10e0eed9fb', 3, NULL, 23, 0, 0, '2021-08-23 16:53:41', '2021-09-05 14:54:11', 'system', '62c3e606225d4bf0841ddebc0722879a', 0, 0);
INSERT INTO `m_sys_menu` VALUES (19, 'brand/brandList', '/brandList', '品牌管理', 1, NULL, 27, 0, 0, '2021-08-23 16:53:41', '2021-09-05 14:54:11', 'system', 'c06420349ef940a9904f7c0215176bca', 0, 0);
INSERT INTO `m_sys_menu` VALUES (20, 'auth/authList', '/authList', '权限管理', 1, NULL, 23, 0, 0, '2021-08-23 16:53:41', '2021-09-05 14:54:11', 'system', '785555d88e94407f8ee76d1294673641', 0, 0);
INSERT INTO `m_sys_menu` VALUES (21, 'brand/brandEditOrAdd', '/brandEditOrAdd', '6d59ea9662b946e2bdb1d84b30dc0f4b', 3, NULL, 23, 0, 0, '2021-08-23 16:53:41', '2021-09-05 14:54:11', 'system', '8210facd11814a699f9dd270ea4d7442', 0, 0);
INSERT INTO `m_sys_menu` VALUES (22, 'menu/menuTree', '/menuTree', '菜单管理', 1, NULL, 23, 0, 0, '2021-08-23 16:53:41', '2021-09-05 14:54:11', 'system', '29986ceb7d364a548b15be33a3ad536b', 0, 0);
INSERT INTO `m_sys_menu` VALUES (23, NULL, NULL, '系统模块', 0, '&#xe716;', 0, 0, 0, '2021-08-23 17:14:59', '2021-09-05 14:54:11', 'system', 'SYSTEM_MODULE', 0, 0);
INSERT INTO `m_sys_menu` VALUES (26, 'index', '/', '主页备选路径', 3, NULL, 23, 0, 0, '2021-08-23 16:53:41', '2021-09-05 14:54:11', 'system', 'dc070e8917cc4795969b5192a6e6ff1', 0, 0);
INSERT INTO `m_sys_menu` VALUES (27, NULL, NULL, '产品管理', 0, '&#xe653;', 0, 0, 0, '2021-08-24 10:46:14', '2021-09-05 14:54:11', 'system', 'BUSINESS_MODULE', 0, 0);
INSERT INTO `m_sys_menu` VALUES (32, 'configGroup/config', '/configPage', '配置管理', 1, '', 23, 0, 0, '2021-08-29 11:01:16', '2021-09-05 14:54:11', 'system', 'CONFIG_MANAGEMENT', 0, 0);
INSERT INTO `m_sys_menu` VALUES (34, NULL, '/brand/getBrands', '70971863-e6b8-4298-88b4-caef576934d3', 2, NULL, 0, 0, 0, '2021-08-31 21:29:54', '2021-09-05 14:54:11', 'system', '8afd412f-0d31-45ac-b52d-4129b7b57a26', 0, 0);
INSERT INTO `m_sys_menu` VALUES (35, NULL, '/brand/brandDelete', '0c326ee3-9721-477f-95ee-1470bc1e586a', 2, NULL, 0, 0, 0, '2021-08-31 21:29:54', '2021-09-05 14:54:11', 'system', 'bbda5bf9-1133-49a7-9cec-17fe1a900b66', 0, 0);
INSERT INTO `m_sys_menu` VALUES (36, NULL, '/brand/saveBrandInfo', 'ceccea48-b5e1-4712-801a-38cfbfe7d77e', 2, NULL, 0, 0, 0, '2021-08-31 21:29:54', '2021-09-05 14:54:11', 'system', '28cbfcf3-8617-4ebd-8bc1-0d1824ace83c', 0, 0);
INSERT INTO `m_sys_menu` VALUES (37, NULL, '/goods/getGoodsList', '2ceecd0b-d64c-4ee2-a0d6-02cfa0d39207', 2, NULL, 0, 0, 0, '2021-08-31 21:29:54', '2021-09-05 14:54:11', 'system', '0734c9ec-f3ca-422a-a2dd-dc57ab8a6cba', 0, 0);
INSERT INTO `m_sys_menu` VALUES (38, NULL, '/manufacturer/manufacturerEditOrAdd', '9d6a5a8c-c037-4d9b-bd87-d9330ea66c3c', 2, NULL, 0, 0, 0, '2021-08-31 21:29:54', '2021-09-05 14:54:11', 'system', 'c85c4356-d1fc-460a-9bd2-e2db2cc908b7', 0, 0);
INSERT INTO `m_sys_menu` VALUES (39, NULL, '/manufacturer/getManufaturer', '1039f19e-4f5c-437c-9084-c70f874ccfe8', 2, NULL, 0, 0, 0, '2021-08-31 21:29:54', '2021-09-05 14:54:11', 'system', '60903db7-5bf5-43ea-a76c-ee3403a3e48f', 0, 0);
INSERT INTO `m_sys_menu` VALUES (40, NULL, '/menu/getMenuTree', 'aa079480-3498-4069-a969-caa1b1b18468', 2, NULL, 0, 0, 0, '2021-08-31 21:29:54', '2021-09-05 14:54:11', 'system', '8cd325cc-0957-4d0a-9a7a-5ed7555deb49', 0, 0);
INSERT INTO `m_sys_menu` VALUES (41, NULL, '/menu/getMenuList', 'a44de7a0-8e33-412c-8856-d21ebfdb4354', 2, NULL, 0, 0, 0, '2021-08-31 21:29:54', '2021-09-05 14:54:11', 'system', '2bd7d3a4-fd39-4ef0-8bfe-39f821a50ed1', 0, 0);
INSERT INTO `m_sys_menu` VALUES (42, NULL, '/commentFile/file{type}', 'da1bdf40-0136-45f0-8274-37c8dddefcfa', 2, NULL, 0, 0, 0, '2021-08-31 21:29:54', '2021-09-05 14:54:11', 'system', 'de7b769c-1e70-4bc8-9d14-4526afce2918', 0, 0);
INSERT INTO `m_sys_menu` VALUES (43, NULL, '/test/bb', '972580ea-7860-4ce9-8053-3ec74c2113f4', 2, NULL, 0, 0, 0, '2021-08-31 21:29:54', '2021-09-05 14:54:11', 'system', 'c749b495-d589-41fd-9908-f4fde8770265', 0, 0);
INSERT INTO `m_sys_menu` VALUES (44, NULL, '/test/tree', 'dd4a330e-7ae3-45d7-8d45-d553212916e6', 2, NULL, 0, 0, 0, '2021-08-31 21:29:54', '2021-09-05 14:54:11', 'system', '143cdd74-8238-43e4-ae8b-4e0be5193d5b', 0, 0);
INSERT INTO `m_sys_menu` VALUES (45, NULL, '/test/testPage', '21c93e4a-9c00-4e55-a0cb-77c2c026eb7c', 2, NULL, 0, 0, 0, '2021-08-31 21:29:54', '2021-09-05 14:54:11', 'system', 'd0ffb04c-97df-448f-b88b-a5aa92697a6b', 0, 0);
INSERT INTO `m_sys_menu` VALUES (46, NULL, '/test/aa', '8259e10f-f830-4bf9-b113-8c5d4cbfa94a', 2, NULL, 0, 0, 0, '2021-08-31 21:29:54', '2021-09-05 14:54:11', 'system', '358e598d-82ea-4700-9a7a-7f8279854ad0', 0, 0);
INSERT INTO `m_sys_menu` VALUES (47, NULL, '/test/demo1', '9c393f08-cc30-4d4c-aa0a-77058285d62a', 2, NULL, 0, 0, 0, '2021-08-31 21:29:54', '2021-09-05 14:54:11', 'system', 'fa8c16bc-2d75-46c2-ad45-fa3c47dedf9f', 0, 0);
INSERT INTO `m_sys_menu` VALUES (48, NULL, '/authGroupAccess/setUserAuthGroup', 'abc615fe-ab8c-44ea-a1c1-b7e0edbf7bf0', 2, NULL, 0, 0, 0, '2021-08-31 21:29:54', '2021-09-05 14:54:11', 'system', '9523948e-e345-42a3-8285-f231a1d919ac', 0, 0);
INSERT INTO `m_sys_menu` VALUES (49, NULL, '/authGroupAccess/getUserAuthGroup', '6f23da52-9455-4df2-a019-3e6e90fe64ec', 2, NULL, 0, 0, 0, '2021-08-31 21:29:54', '2021-09-05 14:54:11', 'system', '94ba678a-95c1-4cf3-b814-70eedae511eb', 0, 0);
INSERT INTO `m_sys_menu` VALUES (50, NULL, '/authGroup/getAuthAccessTree', 'b3410047-6e78-498a-8386-5cb5af784b92', 2, NULL, 0, 0, 0, '2021-08-31 21:29:54', '2021-09-05 14:54:11', 'system', '760f6913-6922-4a4d-b549-0bd5d6a7e7ab', 0, 0);
INSERT INTO `m_sys_menu` VALUES (51, NULL, '/authGroup/getAuthGroupList', '9769f677-c930-45be-bfb7-c386e68d964e', 2, NULL, 0, 0, 0, '2021-08-31 21:29:54', '2021-09-05 14:54:11', 'system', '751b91dc-6efa-4972-862d-dd6471c89e2c', 0, 0);
INSERT INTO `m_sys_menu` VALUES (52, NULL, '/authGroup/authAdd', '6ed9112e-e324-4557-a64f-6e382a304b19', 2, NULL, 0, 0, 0, '2021-08-31 21:29:54', '2021-09-05 14:54:11', 'system', '196d399d-c527-42cb-a17c-ea629be45f1a', 0, 0);
INSERT INTO `m_sys_menu` VALUES (53, NULL, '/authGroup/authDelete', '075bdb1e-8858-4558-abd6-5416c0147e7b', 2, NULL, 0, 0, 0, '2021-08-31 21:29:54', '2021-09-05 14:54:11', 'system', '59246075-2f53-4cec-89ec-1531813efe10', 0, 0);
INSERT INTO `m_sys_menu` VALUES (54, NULL, '/authGroup/authEdit', '98c7d4cb-beef-4e28-a0b2-4ccab197b2b8', 2, NULL, 0, 0, 0, '2021-08-31 21:29:54', '2021-09-05 14:54:11', 'system', 'a26b08a2-f1be-46e1-9a3d-921ddf12ddbf', 0, 0);
INSERT INTO `m_sys_menu` VALUES (55, NULL, '/authGroup/saveAuthAccess', 'd398a0b1-0281-43ef-85b7-f5a9f62ea4df', 2, NULL, 0, 0, 0, '2021-08-31 21:29:54', '2021-09-05 14:54:11', 'system', '6c79ca6c-b78d-4cb3-be8e-f36bb62cf213', 0, 0);
INSERT INTO `m_sys_menu` VALUES (56, NULL, '/config/saveConfigInfo', '971d19fa-7dd7-4aed-878d-9ecc12f1e28f', 2, NULL, 0, 0, 0, '2021-08-31 21:29:54', '2021-09-05 14:54:11', 'system', 'f0768149-4738-4d8e-861c-8cd9a98849c2', 0, 0);
INSERT INTO `m_sys_menu` VALUES (57, NULL, '/config/gerConfigGroup', '81934ec8-fb56-4b03-bb40-f6ca9e7d82d9', 2, NULL, 0, 0, 0, '2021-08-31 21:29:54', '2021-09-05 14:54:11', 'system', '378b0875-2011-4f5c-8ceb-a996198a0dad', 0, 0);
INSERT INTO `m_sys_menu` VALUES (58, NULL, '/menu/icon', 'baac4c27-98d0-4aef-bf2e-ae9b00ff022d', 2, NULL, 0, 0, 0, '2021-08-31 21:29:54', '2021-09-05 14:54:11', 'system', '7f48c6d6-17d4-4c1d-ba5d-d51f8eaa1d69', 0, 0);
INSERT INTO `m_sys_menu` VALUES (59, NULL, '/user/login', 'e08ce797-14b4-431b-ba98-ebf8cfebf329', 2, NULL, 0, 0, 0, '2021-08-31 21:29:54', '2021-09-05 14:54:11', 'system', '1ad2b533-d27b-4c1b-ade9-901fb116001a', 0, 0);
INSERT INTO `m_sys_menu` VALUES (60, NULL, '/user/logout', 'c85eff25-dc95-405e-9487-445c4912fe70', 2, NULL, 0, 0, 0, '2021-08-31 21:29:54', '2021-09-05 14:54:11', 'system', 'd8cbe4e6-b5bb-4a7e-9ee3-6f941b1ba20a', 0, 0);
INSERT INTO `m_sys_menu` VALUES (61, NULL, '/user/userAdd', '27e036a6-a82d-4a0a-abc7-b04460b20899', 2, NULL, 0, 0, 0, '2021-08-31 21:29:54', '2021-09-05 14:54:11', 'system', '2780d458-4967-4996-917b-76b76296079c', 0, 0);
INSERT INTO `m_sys_menu` VALUES (62, NULL, '/user/userEdit', '9e9498d8-794f-400e-8845-c75ad9164fad', 2, NULL, 0, 0, 0, '2021-08-31 21:29:54', '2021-09-05 14:54:11', 'system', '75ef7d13-3f80-4cb3-8db9-3dbc6fed116e', 0, 0);
INSERT INTO `m_sys_menu` VALUES (63, NULL, '/user/userDetail', '290ad843-43ea-42cf-a63c-ada17a8527e5', 2, NULL, 0, 0, 0, '2021-08-31 21:29:54', '2021-09-05 14:54:11', 'system', 'fea1f31e-cafb-4bc7-9eb8-84136405f6a3', 0, 0);
INSERT INTO `m_sys_menu` VALUES (64, NULL, '/user/userDelete', '71fc9154-ee97-4803-9de3-d1d9a7ea55e0', 2, NULL, 0, 0, 0, '2021-08-31 21:29:54', '2021-09-05 14:54:11', 'system', 'd9bdaf0b-48aa-45ed-8950-881720890929', 0, 0);
INSERT INTO `m_sys_menu` VALUES (65, NULL, '/user/updCurrInfo', '1fe9330f-48b5-42e6-9f7c-df925778d807', 2, NULL, 0, 0, 0, '2021-08-31 21:29:54', '2021-09-05 14:54:11', 'system', 'eaca95c2-e3e3-4605-bf6e-57b62871255e', 0, 0);
INSERT INTO `m_sys_menu` VALUES (66, NULL, '/user/getUsers', 'b13d73c5-29e0-4c7f-b051-592b56ca9ba9', 2, NULL, 0, 0, 0, '2021-08-31 21:29:54', '2021-09-05 14:54:11', 'system', '66287652-5c85-49ed-8cdb-22b592811ba3', 0, 0);

SET FOREIGN_KEY_CHECKS = 1;
